iteration,latency_ns
0,217513
1,7059
2,55117
3,1571
4,24329
5,991
6,218701
7,4037
8,62223
9,1659
10,3809561
11,2559
12,52373
13,779
14,17443
15,654
16,22231
17,651
18,12929
19,550
20,12786
21,544
22,17606
23,598
24,14197
25,597
26,13189
27,798
28,17148
29,598
30,12542
31,600
32,11882
33,552
34,12606
35,536
36,11732
37,552
38,17955
39,612
40,13016
41,694
42,13828
43,531
44,15993
45,563
46,13345
47,567
48,13202
49,566
50,12957
51,597
52,16187
53,639
54,13362
55,556
56,12529
57,516
58,11397
59,545
60,12014
61,617
62,12515
63,542
64,11965
65,832
66,12986
67,562
68,12946
69,755
70,12393
71,575
72,12783
73,631
74,13830
75,624
76,16895
77,711
78,13958
79,566
80,12562
81,602
82,13658
83,582
84,12985
85,623
86,43273
87,707
88,14624
89,558
90,13313
91,610
92,12893
93,840
94,14204
95,594
96,13084
97,594
98,13299
99,561
100,12855
101,632
102,12825
103,591
104,12615
105,541
106,14360
107,567
108,16389
109,868
110,14119
111,578
112,13719
113,565
114,17710
115,567
116,13712
117,648
118,13316
119,550
120,13140
121,667
122,55869
123,1036
124,14529
125,639
126,13433
127,550
128,14189
129,736
130,13968
131,567
132,13501
133,565
134,13026
135,629
136,12922
137,587
138,12966
139,646
140,16205
141,532
142,12998
143,596
144,13418
145,592
146,13643
147,587
148,12813
149,647
150,13492
151,548
152,13416
153,557
154,12712
155,560
156,12717
157,531
158,12422
159,592
160,12656
161,563
162,13538
163,584
164,13371
165,646
166,12606
167,569
168,12961
169,541
170,12713
171,600
172,14596
173,848
174,14142
175,584
176,13446
177,556
178,13297
179,594
180,12922
181,557
182,12033
183,512
184,12437
185,588
186,12468
187,561
188,12630
189,515
190,11884
191,477
192,11995
193,503
194,11737
195,502
196,11361
197,480
198,11256
199,526
200,12512
201,678
202,12687
203,575
204,14853
205,577
206,12229
207,556
208,10906
209,483
210,11975
211,529
212,11306
213,491
214,11328
215,485
216,28134
217,650
218,14406
219,582
220,12173
221,517
222,11690
223,547
224,12547
225,595
226,13412
227,561
228,12911
229,586
230,13337
231,560
232,12554
233,770
234,13271
235,600
236,15871
237,565
238,13074
239,558
240,16881
241,571
242,13948
243,552
244,13257
245,615
246,13330
247,607
248,21506
249,605
250,13627
251,622
252,12332
253,576
254,11724
255,537
256,12195
257,618
258,12959
259,589
260,13879
261,602
262,13136
263,547
264,13301
265,584
266,12950
267,552
268,15656
269,635
270,13955
271,545
272,12615
273,542
274,12706
275,598
276,12673
277,592
278,12598
279,588
280,12910
281,555
282,12522
283,562
284,13668
285,567
286,13481
287,546
288,12617
289,537
290,12962
291,588
292,13280
293,593
294,13144
295,559
296,13108
297,581
298,12793
299,580
300,15152
301,556
302,13581
303,631
304,12781
305,598
306,12912
307,512
308,13195
309,778
310,62809
311,662
312,15392
313,553
314,14635
315,574
316,13252
317,554
318,13101
319,535
320,13263
321,568
322,13151
323,580
324,429571
325,1395
326,26283
327,684
328,15457
329,618
330,13969
331,590
332,17641
333,642
334,13521
335,564
336,13081
337,564
338,13425
339,563
340,13561
341,565
342,13638
343,557
344,13915
345,617
346,13245
347,532
348,13668
349,597
350,13238
351,618
352,12645
353,836
354,14621
355,690
356,13425
357,533
358,13046
359,560
360,12472
361,542
362,12413
363,531
364,14697
365,560
366,125048
367,858
368,22204
369,612
370,14127
371,636
372,12800
373,523
374,21453
375,593
376,13869
377,595
378,13257
379,560
380,12751
381,622
382,12609
383,562
384,12950
385,563
386,12663
387,568
388,13191
389,685
390,13085
391,575
392,13170
393,575
394,13067
395,564
396,16474
397,502
398,13249
399,660
400,13152
401,700
402,14151
403,586
404,14572
405,630
406,13279
407,592
408,12586
409,522
410,12013
411,564
412,11894
413,510
414,12199
415,593
416,13836
417,571
418,13879
419,587
420,13007
421,579
422,13112
423,568
424,13190
425,529
426,13154
427,556
428,14576
429,613
430,11547
431,560
432,12742
433,579
434,12220
435,600
436,12639
437,615
438,13887
439,591
440,13491
441,564
442,13246
443,631
444,13708
445,568
446,13387
447,579
448,13296
449,561
450,13214
451,571
452,13892
453,573
454,13213
455,3188
456,20531
457,544
458,13357
459,509
460,16439
461,552
462,13323
463,503
464,12598
465,544
466,11968
467,523
468,12194
469,503
470,12788
471,496
472,12626
473,549
474,12929
475,487
476,12488
477,511
478,12107
479,509
480,11570
481,514
482,11291
483,528
484,11374
485,549
486,12039
487,512
488,12481
489,561
490,12938
491,596
492,14344
493,606
494,16914
495,590
496,12121
497,576
498,12108
499,565
500,11965
501,540
502,20967
503,616
504,12988
505,652
506,13090
507,598
508,12922
509,567
510,12151
511,542
512,11391
513,561
514,11862
515,619
516,13125
517,680
518,12321
519,572
520,12713
521,588
522,12750
523,553
524,14557
525,546
526,12441
527,566
528,12920
529,551
530,12625
531,552
532,13046
533,570
534,12343
535,551
536,11793
537,547
538,11892
539,582
540,12168
541,592
542,12662
543,557
544,12937
545,561
546,12582
547,519
548,12537
549,558
550,12349
551,514
552,12370
553,664
554,12909
555,568
556,15930
557,677
558,13520
559,506
560,11925
561,516
562,13082
563,527
564,12647
565,557
566,13066
567,531
568,12357
569,561
570,12987
571,563
572,12921
573,557
574,12818
575,558
576,11637
577,516
578,11512
579,553
580,174329
581,999
582,22338
583,555
584,14684
585,590
586,13653
587,583
588,16438
589,513
590,27639
591,638
592,13923
593,695
594,13404
595,516
596,13358
597,535
598,13139
599,643
600,13205
601,596
602,13193
603,581
604,12934
605,622
606,13006
607,533
608,12760
609,557
610,12646
611,556
612,12905
613,583
614,13282
615,573
616,12842
617,570
618,13275
619,566
620,15753
621,589
622,13359
623,603
624,12737
625,605
626,13272
627,528
628,13928
629,687
630,22363
631,611
632,12667
633,641
634,12240
635,585
636,12533
637,513
638,12591
639,668
640,14041
641,627
642,13716
643,594
644,13282
645,489
646,13185
647,567
648,13115
649,546
650,13190
651,577
652,14879
653,555
654,11925
655,565
656,12292
657,568
658,12564
659,496
660,12263
661,548
662,13328
663,582
664,13694
665,651
666,13170
667,566
668,13399
669,629
670,13372
671,572
672,12880
673,602
674,13224
675,608
676,13321
677,610
678,13234
679,525
680,12660
681,595
682,13059
683,604
684,15319
685,546
686,12390
687,642
688,12662
689,505
690,12968
691,562
692,12517
693,540
694,12202
695,516
696,12536
697,587
698,12331
699,555
700,12674
701,626
702,12759
703,554
704,12899
705,471
706,12207
707,545
708,12825
709,562
710,13203
711,524
712,12374
713,568
714,12524
715,484
716,15454
717,536
718,12646
719,596
720,12630
721,563
722,12477
723,553
724,12467
725,560
726,13087
727,560
728,13322
729,527
730,13094
731,597
732,12937
733,608
734,11903
735,516
736,11315
737,517
738,11041
739,487
740,11802
741,573
742,12397
743,608
744,12356
745,560
746,11487
747,522
748,14428
749,527
750,11767
751,529
752,11520
753,558
754,11767
755,589
756,20582
757,613
758,12274
759,556
760,12388
761,595
762,12480
763,599
764,13980
765,589
766,27520
767,610
768,12080
769,471
770,10899
771,531
772,11712
773,531
774,12393
775,598
776,13112
777,617
778,13512
779,659
780,15661
781,513
782,13044
783,517
784,13033
785,553
786,13208
787,521
788,12640
789,527
790,12324
791,602
792,11870
793,497
794,12534
795,628
796,12361
797,541
798,12598
799,588
800,12549
801,548
802,12230
803,473
804,12849
805,771
806,12607
807,520
808,26002
809,649
810,13751
811,605
812,15852
813,559
814,13370
815,654
816,13990
817,672
818,12578
819,562
820,12721
821,624
822,12720
823,608
824,11600
825,514
826,11019
827,512
828,11387
829,524
830,12194
831,603
832,12686
833,558
834,12688
835,540
836,11934
837,579
838,12014
839,565
840,11198
841,508
842,11910
843,577
844,14541
845,575
846,12093
847,564
848,12487
849,555
850,12485
851,559
852,12602
853,561
854,16435
855,640
856,25912
857,562
858,12739
859,531
860,12997
861,674
862,13118
863,613
864,13213
865,610
866,13388
867,580
868,13541
869,562
870,13511
871,554
872,25280
873,634
874,13460
875,533
876,13929
877,517
878,12421
879,530
880,12272
881,643
882,13000
883,592
884,20337
885,496
886,12794
887,541
888,13041
889,528
890,12846
891,599
892,13459
893,543
894,12587
895,576
896,12753
897,569
898,12887
899,570
900,12372
901,558
902,12287
903,563
904,12306
905,571
906,13110
907,624
908,16034
909,598
910,13132
911,527
912,12239
913,560
914,11697
915,559
916,11717
917,586
918,12797
919,596
920,13375
921,585
922,12800
923,526
924,12699
925,576
926,13179
927,579
928,13014
929,578
930,12963
931,538
932,12863
933,597
934,12869
935,604
936,12227
937,592
938,12024
939,516
940,14171
941,663
942,13083
943,491
944,12624
945,630
946,13080
947,621
948,13690
949,552
950,13238
951,531
952,12811
953,543
954,12795
955,639
956,13255
957,551
958,12962
959,573
960,13322
961,572
962,12700
963,555
964,12370
965,528
966,13087
967,592
968,12826
969,583
970,13134
971,558
972,15168
973,631
974,13231
975,586
976,13053
977,621
978,12239
979,543
980,12659
981,551
982,12947
983,568
984,13872
985,633
986,13943
987,570
988,12888
989,554
990,13629
991,601
992,13597
993,560
994,13360
995,552
996,13237
997,580
998,12690
999,559
1000,12960
1001,560
1002,12720
1003,557
1004,20554
1005,594
1006,13434
1007,632
1008,13389
1009,558
1010,13350
1011,572
1012,22749
1013,654
1014,13198
1015,561
1016,13179
1017,567
1018,12508
1019,565
1020,13128
1021,573
1022,12477
1023,570
1024,13302
1025,651
1026,13162
1027,574
1028,13040
1029,606
1030,13685
1031,632
1032,13986
1033,504
1034,13641
1035,583
1036,15783
1037,613
1038,13439
1039,557
1040,13001
1041,593
1042,13648
1043,622
1044,13071
1045,573
1046,12299
1047,578
1048,12061
1049,487
1050,11662
1051,512
1052,11865
1053,524
1054,12665
1055,553
1056,616648
1057,2784
1058,87910
1059,595
1060,15187
1061,325
1062,8307
1063,331
1064,7042
1065,283
1066,6741
1067,340
1068,10298
1069,325
1070,6917
1071,324
1072,40000
1073,591
1074,13593
1075,504
1076,25633
1077,570
1078,13147
1079,506
1080,12150
1081,485
1082,12142
1083,494
1084,11760
1085,554
1086,12608
1087,529
1088,12620
1089,424
1090,211241
1091,1600
1092,19516
1093,676
1094,14981
1095,635
1096,32229
1097,745
1098,15084
1099,511
1100,17558
1101,691
1102,13942
1103,492
1104,12267
1105,516
1106,11705
1107,512
1108,11879
1109,584
1110,12076
1111,526
1112,41454
1113,913
1114,20000
1115,696
1116,33031
1117,2015
1118,16344
1119,640
1120,14024
1121,610
1122,12925
1123,569
1124,12308
1125,534
1126,46740
1127,957
1128,21787
1129,648
1130,43203
1131,810
1132,77181
1133,2087
1134,21427
1135,573
1136,14288
1137,515
1138,12690
1139,712
1140,23356
1141,596
1142,12851
1143,466
1144,87277
1145,2485
1146,21727
1147,572
1148,13863
1149,516
1150,12895
1151,566
1152,13443
1153,587
1154,12686
1155,486
1156,11932
1157,476
1158,12556
1159,512
1160,13191
1161,485
1162,12448
1163,517
1164,18053
1165,559
1166,13306
1167,561
1168,13131
1169,576
1170,13196
1171,528
1172,12446
1173,545
1174,12248
1175,517
1176,11036
1177,514
1178,11680
1179,496
1180,13085
1181,562
1182,13097
1183,531
1184,12560
1185,493
1186,12625
1187,522
1188,36270
1189,900
1190,14567
1191,524
1192,12685
1193,523
1194,11696
1195,478
1196,14287
1197,427
1198,12232
1199,529
1200,12842
1201,573
1202,12328
1203,568
1204,12630
1205,504
1206,12554
1207,608
1208,13284
1209,562
1210,12947
1211,605
1212,12889
1213,630
1214,13296
1215,592
1216,12914
1217,596
1218,13088
1219,609
1220,13699
1221,663
1222,13244
1223,502
1224,13195
1225,587
1226,13059
1227,518
1228,14836
1229,538
1230,11816
1231,484
1232,10378
1233,466
1234,11537
1235,558
1236,11993
1237,518
1238,11960
1239,532
1240,11706
1241,526
1242,12401
1243,521
1244,12448
1245,684
1246,11586
1247,511
1248,11883
1249,543
1250,13319
1251,485
1252,12913
1253,594
1254,12140
1255,640
1256,12171
1257,517
1258,11926
1259,471
1260,14966
1261,942
1262,10995
1263,425
1264,12029
1265,997
1266,26919
1267,551
1268,12975
1269,493
1270,13025
1271,485
1272,13324
1273,490
1274,12704
1275,516
1276,12665
1277,511
1278,12093
1279,562
1280,12002
1281,519
1282,11931
1283,573
1284,12208
1285,567
1286,12270
1287,525
1288,12084
1289,535
1290,12441
1291,532
1292,14850
1293,539
1294,12440
1295,522
1296,12696
1297,542
1298,13672
1299,551
1300,12173
1301,542
1302,13246
1303,555
1304,13118
1305,530
1306,12486
1307,520
1308,11703
1309,479
1310,11065
1311,517
1312,12846
1313,573
1314,12891
1315,530
1316,12661
1317,529
1318,13082
1319,572
1320,13041
1321,518
1322,13040
1323,582
1324,16145
1325,569
1326,13242
1327,561
1328,24721
1329,6475
1330,15539
1331,622
1332,29055
1333,606
1334,13558
1335,516
1336,11639
1337,484
1338,12088
1339,531
1340,13391
1341,523
1342,12971
1343,519
1344,12908
1345,551
1346,13652
1347,562
1348,13326
1349,562
1350,34472
1351,672
1352,13651
1353,502
1354,13028
1355,564
1356,4461198
1357,2912
1358,60542
1359,1243
1360,17449
1361,590
1362,13492
1363,492
1364,12634
1365,545
1366,12169
1367,563
1368,12248
1369,451
1370,11903
1371,587
1372,11999
1373,526
1374,11360
1375,508
1376,11273
1377,498
1378,11306
1379,509
1380,10847
1381,456
1382,11649
1383,521
1384,11373
1385,523
1386,16442
1387,542
1388,11613
1389,548
1390,10807
1391,516
1392,11039
1393,508
1394,22837
1395,548
1396,12436
1397,601
1398,12658
1399,571
1400,11884
1401,577
1402,12536
1403,568
1404,12759
1405,749
1406,12245
1407,505
1408,11657
1409,509
1410,12305
1411,478
1412,12528
1413,570
1414,12139
1415,562
1416,12400
1417,640
1418,15632
1419,564
1420,12620
1421,504
1422,11997
1423,446
1424,11881
1425,529
1426,11679
1427,450
1428,11665
1429,464
1430,11882
1431,520
1432,12475
1433,544
1434,11573
1435,528
1436,12453
1437,495
1438,12489
1439,473
1440,11043
1441,492
1442,11256
1443,400
1444,11162
1445,529
1446,11172
1447,469
1448,93924
1449,711
1450,18360
1451,494
1452,11948
1453,456
1454,10815
1455,469
1456,12792
1457,521
1458,13650
1459,577
1460,13228
1461,574
1462,11630
1463,536
1464,11670
1465,574
1466,11455
1467,554
1468,11757
1469,545
1470,11540
1471,580
1472,11638
1473,557
1474,12497
1475,512
1476,13260
1477,561
1478,12550
1479,616
1480,12217
1481,517
1482,14891
1483,570
1484,12319
1485,533
1486,12452
1487,497
1488,12202
1489,550
1490,12140
1491,547
1492,12167
1493,525
1494,12226
1495,543
1496,12270
1497,464
1498,12051
1499,523
1500,12888
1501,549
1502,12412
1503,3483
1504,25064
1505,626
1506,13447
1507,537
1508,12165
1509,561
1510,11895
1511,530
1512,11592
1513,589
1514,15254
1515,475
1516,12614
1517,626
1518,12119
1519,498
1520,11231
1521,534
1522,19184
1523,529
1524,11482
1525,459
1526,11157
1527,428
1528,10554
1529,541
1530,10846
1531,500
1532,10588
1533,457
1534,10801
1535,478
1536,11106
1537,520
1538,11310
1539,523
1540,10803
1541,460
1542,10940
1543,465
1544,11662
1545,518
1546,13211
1547,459
1548,11123
1549,520
1550,10843
1551,446
1552,10894
1553,512
1554,11156
1555,474
1556,10847
1557,447
1558,10746
1559,447
1560,10808
1561,506
1562,11490
1563,509
1564,11052
1565,482
1566,10752
1567,503
1568,10829
1569,512
1570,10856
1571,509
1572,10922
1573,467
1574,10993
1575,507
1576,10729
1577,450
1578,13328
1579,481
1580,11598
1581,481
1582,11271
1583,469
1584,11139
1585,540
1586,11621
1587,482
1588,11069
1589,433
1590,10946
1591,479
1592,10867
1593,481
1594,11719
1595,547
1596,10870
1597,516
1598,11149
1599,465
1600,10753
1601,501
1602,11003
1603,475
1604,10925
1605,482
1606,11092
1607,465
1608,11032
1609,520
1610,12901
1611,446
1612,11290
1613,512
1614,10843
1615,474
1616,10854
1617,505
1618,12082
1619,682
1620,14069
1621,541
1622,14551
1623,534
1624,14593
1625,607
1626,14514
1627,547
1628,14005
1629,527
1630,12083
1631,440
1632,11366
1633,449
1634,10888
1635,475
1636,10831
1637,556
1638,10939
1639,513
1640,11086
1641,501
1642,13037
1643,511
1644,11739
1645,474
1646,10780
1647,529
1648,10961
1649,576
1650,19335
1651,548
1652,11465
1653,484
1654,10817
1655,498
1656,11641
1657,484
1658,11244
1659,481
1660,11381
1661,412
1662,11241
1663,535
1664,10800
1665,598
1666,11196
1667,487
1668,10437
1669,463
1670,11280
1671,448
1672,10961
1673,470
1674,13270
1675,547
1676,11893
1677,498
1678,11208
1679,497
1680,11874
1681,554
1682,11081
1683,540
1684,11053
1685,444
1686,11033
1687,520
1688,11429
1689,476
1690,11095
1691,448
1692,11121
1693,478
1694,10921
1695,438
1696,10918
1697,495
1698,11298
1699,442
1700,11109
1701,481
1702,11000
1703,516
1704,11002
1705,512
1706,12643
1707,594
1708,11424
1709,440
1710,11127
1711,465
1712,10123
1713,476
1714,11238
1715,477
1716,10851
1717,448
1718,11213
1719,478
1720,11079
1721,431
1722,10926
1723,512
1724,11487
1725,466
1726,13703
1727,552
1728,14581
1729,549
1730,14514
1731,555
1732,15277
1733,526
1734,14920
1735,631
1736,14373
1737,624
1738,15239
1739,520
1740,12467
1741,529
1742,12450
1743,567
1744,13667
1745,683
1746,14036
1747,564
1748,14124
1749,518
1750,12220
1751,494
1752,11354
1753,523
1754,11131
1755,479
1756,10771
1757,514
1758,11075
1759,475
1760,17237
1761,518
1762,11320
1763,483
1764,10900
1765,440
1766,11325
1767,505
1768,10914
1769,451
1770,13444
1771,536
1772,11840
1773,481
1774,10803
1775,467
1776,18211
1777,485
1778,11409
1779,464
1780,10844
1781,497
1782,10921
1783,481
1784,10817
1785,458
1786,10876
1787,470
1788,11241
1789,558
1790,11549
1791,452
1792,11267
1793,435
1794,10759
1795,558
1796,10773
1797,451
1798,1628929
1799,2748
1800,54428
1801,720
1802,20576
1803,588
1804,13235
1805,510
1806,12166
1807,519
1808,11664
1809,520
1810,12141
1811,708
1812,3724447
1813,1879
1814,30521
1815,855
1816,13256
1817,404
1818,8361
1819,300
1820,6996
1821,286
1822,6320
1823,288
1824,6580
1825,286
1826,6135
1827,335
1828,6366
1829,278
1830,6200
1831,273
1832,6363
1833,259
1834,10002
1835,307
1836,6611
1837,296
1838,6300
1839,295
1840,6127
1841,283
1842,6021
1843,278
1844,6207
1845,277
1846,6146
1847,275
1848,6124
1849,278
1850,6164
1851,275
1852,6244
1853,265
1854,6013
1855,273
1856,6122
1857,275
1858,6042
1859,279
1860,6276
1861,276
1862,6061
1863,311
1864,6059
1865,280
1866,7457
1867,286
1868,6480
1869,280
1870,6125
1871,276
1872,6093
1873,292
1874,6467
1875,279
1876,6074
1877,274
1878,6239
1879,278
1880,6297
1881,316
1882,6202
1883,274
1884,6168
1885,273
1886,6141
1887,275
1888,6153
1889,365
1890,6254
1891,308
1892,6250
1893,277
1894,6110
1895,276
1896,6105
1897,281
1898,7401
1899,287
1900,6283
1901,280
1902,6200
1903,281
1904,15501
1905,322
1906,6676
1907,278
1908,6253
1909,274
1910,6209
1911,289
1912,6270
1913,277
1914,6147
1915,274
1916,6222
1917,281
1918,6211
1919,274
1920,6081
1921,307
1922,6101
1923,283
1924,6130
1925,298
1926,6177
1927,289
1928,6165
1929,308
1930,7389
1931,282
1932,6502
1933,283
1934,6283
1935,280
1936,6174
1937,279
1938,6140
1939,276
1940,6192
1941,314
1942,6208
1943,272
1944,6165
1945,276
1946,6192
1947,277
1948,6139
1949,275
1950,6210
1951,277
1952,6230
1953,297
1954,6241
1955,280
1956,169651
1957,2784
1958,23573
1959,662
1960,12888
1961,529
1962,14099
1963,497
1964,11873
1965,460
1966,11914
1967,437
1968,11099
1969,473
1970,11368
1971,508
1972,12578
1973,560
1974,12840
1975,579
1976,11897
1977,491
1978,12181
1979,581
1980,12768
1981,563
1982,12753
1983,603
1984,13112
1985,533
1986,12896
1987,567
1988,12749
1989,550
1990,13130
1991,563
1992,13273
1993,602
1994,15240
1995,653
1996,13343
1997,563
1998,12082
1999,532
2000,146649
2001,1049
2002,22515
2003,590
2004,13426
2005,502
2006,12985
2007,458
2008,11356
2009,472
2010,12159
2011,480
2012,12270
2013,478
2014,10985
2015,488
2016,11373
2017,1477
2018,19107
2019,624
2020,12839
2021,560
2022,11881
2023,526
2024,11521
2025,547
2026,20013
2027,603
2028,12232
2029,546
2030,11860
2031,518
2032,17511
2033,576
2034,11781
2035,501
2036,10852
2037,511
2038,10537
2039,525
2040,10773
2041,493
2042,11410
2043,568
2044,13086
2045,598
2046,12283
2047,522
2048,11815
2049,456
2050,11688
2051,557
2052,11370
2053,479
2054,10931
2055,478
2056,11274
2057,487
2058,14184
2059,544
2060,12405
2061,544
2062,11774
2063,568
2064,11849
2065,544
2066,11948
2067,480
2068,12588
2069,549
2070,12129
2071,474
2072,12160
2073,1189
2074,13325
2075,643
2076,13288
2077,547
2078,12026
2079,516
2080,12141
2081,616
2082,13201
2083,561
2084,13197
2085,576
2086,13610
2087,571
2088,13410
2089,575
2090,15988
2091,632
2092,14040
2093,600
2094,13179
2095,578
2096,13439
2097,602
2098,12182
2099,485
2100,11284
2101,516
2102,10668
2103,479
2104,11706
2105,526
2106,12726
2107,560
2108,13144
2109,613
2110,13090
2111,556
2112,11949
2113,459
2114,10914
2115,517
2116,10915
2117,500
2118,11397
2119,545
2120,10967
2121,526
2122,13221
2123,537
2124,11803
2125,474
2126,11337
2127,514
2128,11121
2129,596
2130,12675
2131,559
2132,12640
2133,549
2134,12043
2135,515
2136,12486
2137,567
2138,12947
2139,627
2140,13440
2141,507
2142,12478
2143,562
2144,12826
2145,636
2146,13257
2147,573
2148,13263
2149,598
2150,13245
2151,512
2152,11847
2153,470
2154,15481
2155,539
2156,12898
2157,624
2158,12358
2159,679
2160,24444
2161,539
2162,13070
2163,586
2164,12641
2165,532
2166,12679
2167,594
2168,11533
2169,566
2170,12221
2171,539
2172,12516
2173,515
2174,11975
2175,532
2176,12463
2177,481
2178,11746
2179,500
2180,13008
2181,525
2182,14050
2183,623
2184,11925
2185,510
2186,15404
2187,531
2188,13568
2189,530
2190,13349
2191,566
2192,12778
2193,552
2194,13435
2195,567
2196,12382
2197,522
2198,12862
2199,636
2200,13942
2201,519
2202,13469
2203,587
2204,13505
2205,537
2206,13605
2207,619
2208,13484
2209,586
2210,13651
2211,625
2212,13495
2213,554
2214,12449
2215,471
2216,12251
2217,440
2218,13633
2219,430
2220,11175
2221,549
2222,12439
2223,582
2224,12018
2225,562
2226,11480
2227,524
2228,11294
2229,597
2230,12376
2231,515
2232,11763
2233,499
2234,12326
2235,515
2236,19593
2237,619
2238,18580
2239,565
2240,12888
2241,638
2242,12422
2243,586
2244,12241
2245,522
2246,12541
2247,513
2248,11435
2249,478
2250,14396
2251,599
2252,13331
2253,523
2254,13905
2255,578
2256,13589
2257,582
2258,13873
2259,561
2260,14403
2261,559
2262,13281
2263,581
2264,13030
2265,515
2266,13265
2267,543
2268,12862
2269,552
2270,12496
2271,456
2272,11212
2273,740
2274,13855
2275,452
2276,12074
2277,579
2278,11244
2279,438
2280,11683
2281,511
2282,15831
2283,499
2284,2645429
2285,6369
2286,71108
2287,1352
2288,21066
2289,961
2290,15375
2291,760
2292,13992
2293,490
2294,12638
2295,486
2296,11979
2297,460
2298,11916
2299,486
2300,11625
2301,466
2302,11377
2303,526
2304,11672
2305,462
2306,11402
2307,493
2308,11116
2309,533
2310,11322
2311,468
2312,11353
2313,516
2314,19586
2315,572
2316,15652
2317,578
2318,15196
2319,521
2320,14808
2321,540
2322,14179
2323,554
2324,12714
2325,594
2326,12041
2327,517
2328,12680
2329,575
2330,12802
2331,562
2332,12528
2333,553
2334,11682
2335,520
2336,11815
2337,576
2338,11922
2339,499
2340,11891
2341,495
2342,11461
2343,527
2344,11477
2345,503
2346,13881
2347,517
2348,12145
2349,554
2350,11535
2351,520
2352,11582
2353,515
2354,12410
2355,551
2356,13563
2357,626
2358,13717
2359,584
2360,12219
2361,549
2362,12106
2363,522
2364,11340
2365,517
2366,11182
2367,510
2368,11121
2369,502
2370,11051
2371,490
2372,11724
2373,563
2374,11797
2375,534
2376,11878
2377,545
2378,14446
2379,538
2380,12090
2381,532
2382,11382
2383,535
2384,11432
2385,507
2386,11430
2387,520
2388,11651
2389,502
2390,11317
2391,529
2392,11646
2393,553
2394,12355
2395,557
2396,11509
2397,561
2398,11393
2399,577
2400,11831
2401,535
2402,11997
2403,545
2404,11589
2405,561
2406,11881
2407,587
2408,12143
2409,507
2410,13820
2411,522
2412,11804
2413,597
2414,20269
2415,579
2416,12442
2417,560
2418,11946
2419,523
2420,11934
2421,532
2422,11429
2423,529
2424,11470
2425,508
2426,11597
2427,534
2428,11682
2429,553
2430,11345
2431,519
2432,12317
2433,528
2434,11742
2435,512
2436,11469
2437,529
2438,11543
2439,502
2440,11559
2441,567
2442,14120
2443,517
2444,12092
2445,527
2446,11428
2447,559
2448,11408
2449,533
2450,12200
2451,591
2452,13404
2453,540
2454,183669
2455,873
2456,14172
2457,570
2458,12415
2459,524
2460,12046
2461,545
2462,11844
2463,559
2464,11670
2465,589
2466,12104
2467,593
2468,11886
2469,560
2470,11746
2471,546
2472,11940
2473,515
2474,14860
2475,544
2476,12056
2477,555
2478,12059
2479,556
2480,12490
2481,546
2482,12019
2483,531
2484,11720
2485,557
2486,11780
2487,517
2488,11286
2489,504
2490,11860
2491,500
2492,12156
2493,500
2494,11952
2495,530
2496,11799
2497,533
2498,12295
2499,533
2500,11907
2501,557
2502,11952
2503,549
2504,11973
2505,533
2506,14577
2507,601
2508,12428
2509,546
2510,12108
2511,520
2512,12235
2513,543
2514,12058
2515,517
2516,11917
2517,560
2518,11703
2519,520
2520,11697
2521,522
2522,11417
2523,548
2524,11491
2525,558
2526,11606
2527,565
2528,11873
2529,552
2530,11918
2531,537
2532,12336
2533,583
2534,12349
2535,558
2536,12264
2537,547
2538,14183
2539,569
2540,12474
2541,576
2542,20171
2543,549
2544,12576
2545,502
2546,11739
2547,591
2548,11913
2549,527
2550,11601
2551,528
2552,11589
2553,6896
2554,65120
2555,740
2556,16624
2557,572
2558,12399
2559,585
2560,11155
2561,719
2562,15845
2563,577
2564,11737
2565,514
2566,10687
2567,463
2568,12243
2569,541
2570,12287
2571,545
2572,11316
2573,514
2574,11058
2575,505
2576,10948
2577,515
2578,11418
2579,481
2580,11233
2581,507
2582,11075
2583,512
2584,11370
2585,516
2586,11340
2587,503
2588,11759
2589,509
2590,11012
2591,536
2592,11840
2593,533
2594,1048998
2595,2465
2596,36923
2597,738
2598,13742
2599,548
2600,12201
2601,532
2602,12684
2603,479
2604,11746
2605,516
2606,11414
2607,682
2608,11679
2609,542
2610,11516
2611,536
2612,11641
2613,488
2614,11535
2615,514
2616,11729
2617,515
2618,11305
2619,522
2620,11820
2621,583
2622,12345
2623,515
2624,11172
2625,558
2626,17076
2627,542
2628,12079
2629,559
2630,11372
2631,505
2632,11397
2633,493
2634,11530
2635,514
2636,11634
2637,564
2638,11734
2639,552
2640,11104
2641,511
2642,11612
2643,566
2644,11402
2645,466
2646,11162
2647,525
2648,11169
2649,510
2650,11709
2651,552
2652,11722
2653,500
2654,11395
2655,519
2656,11833
2657,515
2658,14002
2659,793
2660,11620
2661,542
2662,11629
2663,525
2664,11793
2665,543
2666,11862
2667,617
2668,12198
2669,669
2670,25454
2671,604
2672,11679
2673,549
2674,11649
2675,530
2676,11517
2677,561
2678,12025
2679,683
2680,11646
2681,510
2682,11745
2683,529
2684,11254
2685,537
2686,11416
2687,540
2688,11487
2689,479
2690,13679
2691,723
2692,12054
2693,483
2694,11395
2695,650
2696,11304
2697,499
2698,11263
2699,598
2700,11790
2701,521
2702,12186
2703,513
2704,11999
2705,475
2706,11821
2707,491
2708,11376
2709,479
2710,11194
2711,624
2712,12242
2713,520
2714,12323
2715,550
2716,11723
2717,579
2718,11437
2719,554
2720,11688
2721,676
2722,14335
2723,543
2724,12109
2725,504
2726,12488
2727,452
2728,13637
2729,506
2730,13677
2731,475
2732,12900
2733,649
2734,13852
2735,461
2736,12442
2737,477
2738,12616
2739,477
2740,21105
2741,573
2742,14184
2743,521
2744,12179
2745,574
2746,12165
2747,537
2748,12193
2749,455
2750,12936
2751,558
2752,13063
2753,529
2754,15578
2755,657
2756,13315
2757,566
2758,12546
2759,532
2760,13016
2761,494
2762,13322
2763,515
2764,12597
2765,481
2766,12983
2767,493
2768,13608
2769,512
2770,13172
2771,535
2772,13162
2773,702
2774,12648
2775,535
2776,12605
2777,526
2778,13636
2779,602
2780,12418
2781,523
2782,12412
2783,531
2784,12129
2785,524
2786,13890
2787,548
2788,12359
2789,562
2790,12922
2791,521
2792,11830
2793,564
2794,12067
2795,543
2796,20010
2797,520
2798,11872
2799,519
2800,11857
2801,558
2802,11998
2803,540
2804,11922
2805,531
2806,11841
2807,527
2808,11555
2809,539
2810,11988
2811,573
2812,11824
2813,519
2814,11725
2815,566
2816,11534
2817,525
2818,13909
2819,581
2820,12046
2821,533
2822,12033
2823,551
2824,12125
2825,556
2826,11879
2827,542
2828,11962
2829,589
2830,12670
2831,547
2832,12560
2833,589
2834,12443
2835,585
2836,12383
2837,566
2838,12667
2839,546
2840,12212
2841,442
2842,11845
2843,543
2844,11791
2845,518
2846,11517
2847,523
2848,12285
2849,529
2850,14184
2851,561
2852,12518
2853,553
2854,11889
2855,558
2856,11986
2857,506
2858,11491
2859,473
2860,11358
2861,517
2862,11753
2863,544
2864,11617
2865,537
2866,11495
2867,517
2868,11653
2869,536
2870,11636
2871,523
2872,11721
2873,560
2874,11559
2875,540
2876,11698
2877,547
2878,11520
2879,528
2880,11452
2881,565
2882,13259
2883,557
2884,11706
2885,608
2886,11923
2887,560
2888,11829
2889,519
2890,11567
2891,528
2892,11428
2893,517
2894,11368
2895,514
2896,11449
2897,542
2898,11381
2899,487
2900,11441
2901,521
2902,11524
2903,526
2904,11477
2905,526
2906,11445
2907,536
2908,11602
2909,523
2910,11433
2911,525
2912,11415
2913,533
2914,13545
2915,518
2916,11907
2917,522
2918,11685
2919,519
2920,11576
2921,535
2922,11441
2923,529
2924,18085
2925,588
2926,11765
2927,539
2928,11604
2929,518
2930,11662
2931,511
2932,11474
2933,577
2934,11287
2935,522
2936,11401
2937,495
2938,11096
2939,553
2940,11642
2941,510
2942,11507
2943,520
2944,11543
2945,520
2946,13410
2947,527
2948,11779
2949,573
2950,11549
2951,522
2952,11663
2953,519
2954,11491
2955,527
2956,11685
2957,575
2958,11666
2959,583
2960,11873
2961,509
2962,11639
2963,528
2964,11382
2965,518
2966,11122
2967,542
2968,11300
2969,479
2970,11100
2971,565
2972,11339
2973,520
2974,11342
2975,534
2976,11249
2977,506
2978,13118
2979,467
2980,11786
2981,557
2982,11484
2983,534
2984,11363
2985,517
2986,11435
2987,528
2988,11412
2989,535
2990,11657
2991,525
2992,11592
2993,524
2994,11601
2995,522
2996,11357
2997,539
2998,11352
2999,515
3000,11535
3001,531
3002,11528
3003,524
3004,11538
3005,530
3006,11159
3007,497
3008,11682
3009,554
3010,13198
3011,537
3012,11587
3013,546
3014,11256
3015,558
3016,11272
3017,546
3018,11545
3019,533
3020,11500
3021,520
3022,11260
3023,545
3024,11225
3025,560
3026,11176
3027,532
3028,11204
3029,504
3030,11107
3031,540
3032,11245
3033,540
3034,11135
3035,511
3036,11072
3037,521
3038,11087
3039,455
3040,11232
3041,556
3042,13215
3043,546
3044,11603
3045,541
3046,11376
3047,552
3048,11348
3049,519
3050,11405
3051,535
3052,17093
3053,547
3054,11807
3055,548
3056,11461
3057,510
3058,11215
3059,536
3060,11021
3061,510
3062,11062
3063,528
3064,263623
3065,788
3066,14732
3067,618
3068,12153
3069,522
3070,11882
3071,550
3072,11999
3073,538
3074,14355
3075,554
3076,11913
3077,505
3078,11424
3079,541
3080,11521
3081,533
3082,11392
3083,529
3084,11206
3085,530
3086,11486
3087,540
3088,11447
3089,514
3090,11525
3091,521
3092,11395
3093,498
3094,11438
3095,534
3096,11277
3097,527
3098,11240
3099,527
3100,11356
3101,572
3102,5471860
3103,2843
3104,48146
3105,823
3106,16883
3107,608
3108,12908
3109,506
3110,10956
3111,448
3112,10731
3113,525
3114,11141
3115,537
3116,10652
3117,581
3118,11314
3119,567
3120,11306
3121,610
3122,11577
3123,561
3124,11600
3125,562
3126,11167
3127,559
3128,11473
3129,553
3130,11470
3131,500
3132,11084
3133,567
3134,11122
3135,561
3136,13718
3137,537
3138,11717
3139,574
3140,11633
3141,582
3142,11598
3143,546
3144,11479
3145,560
3146,11555
3147,562
3148,11564
3149,551
3150,11290
3151,541
3152,11403
3153,568
3154,11438
3155,494
3156,11585
3157,523
3158,11392
3159,550
3160,11221
3161,567
3162,11512
3163,563
3164,11362
3165,554
3166,11483
3167,515
3168,13001
3169,553
3170,11639
3171,552
3172,11515
3173,559
3174,11228
3175,569
3176,11374
3177,526
3178,11248
3179,696
3180,30398
3181,633
3182,11865
3183,563
3184,11661
3185,489
3186,11591
3187,557
3188,11716
3189,552
3190,11596
3191,597
3192,11686
3193,495
3194,11440
3195,513
3196,11407
3197,541
3198,11564
3199,512
3200,13582
3201,554
3202,11525
3203,557
3204,11658
3205,532
3206,11432
3207,524
3208,11398
3209,535
3210,11545
3211,551
3212,11738
3213,529
3214,11130
3215,561
3216,11154
3217,553
3218,11179
3219,485
3220,11320
3221,476
3222,11300
3223,524
3224,13872
3225,504
3226,11850
3227,511
3228,10812
3229,519
3230,11101
3231,543
3232,13551
3233,551
3234,11868
3235,531
3236,11387
3237,509
3238,10740
3239,412
3240,11129
3241,509
3242,11585
3243,511
3244,204295
3245,915
3246,14040
3247,590
3248,12492
3249,680
3250,13331
3251,594
3252,11767
3253,522
3254,11734
3255,587
3256,11502
3257,535
3258,11198
3259,515
3260,11285
3261,548
3262,11478
3263,557
3264,15230
3265,519
3266,11835
3267,529
3268,11261
3269,550
3270,11442
3271,545
3272,11400
3273,522
3274,11161
3275,598
3276,11180
3277,530
3278,11721
3279,518
3280,11683
3281,523
3282,11345
3283,686
3284,11427
3285,539
3286,11217
3287,518
3288,10842
3289,520
3290,10804
3291,485
3292,11383
3293,508
3294,11498
3295,558
3296,13142
3297,473
3298,12272
3299,497
3300,11628
3301,527
3302,11470
3303,547
3304,11359
3305,516
3306,23608
3307,616
3308,12056
3309,517
3310,11579
3311,611
3312,11885
3313,522
3314,11632
3315,509
3316,11320
3317,514
3318,11185
3319,596
3320,11575
3321,534
3322,11480
3323,537
3324,11651
3325,573
3326,11315
3327,554
3328,13577
3329,580
3330,12592
3331,540
3332,11317
3333,571
3334,11202
3335,519
3336,11488
3337,517
3338,11583
3339,558
3340,11469
3341,566
3342,11085
3343,499
3344,11140
3345,532
3346,11170
3347,516
3348,11367
3349,538
3350,11318
3351,533
3352,11319
3353,521
3354,11336
3355,520
3356,11444
3357,575
3358,11108
3359,542
3360,13234
3361,523
3362,11577
3363,537
3364,11530
3365,525
3366,11282
3367,551
3368,11536
3369,500
3370,11527
3371,558
3372,11481
3373,558
3374,11601
3375,512
3376,11315
3377,532
3378,11251
3379,535
3380,11480
3381,529
3382,11329
3383,559
3384,11505
3385,633
3386,11290
3387,529
3388,11286
3389,510
3390,11008
3391,516
3392,13397
3393,544
3394,11856
3395,526
3396,11441
3397,515
3398,11468
3399,558
3400,11500
3401,522
3402,11103
3403,502
3404,11244
3405,453
3406,11014
3407,485
3408,10930
3409,484
3410,11404
3411,504
3412,11909
3413,599
3414,11390
3415,540
3416,12437
3417,506
3418,12070
3419,524
3420,11945
3421,485
3422,11488
3423,548
3424,14198
3425,521
3426,12052
3427,550
3428,11576
3429,537
3430,11264
3431,545
3432,11485
3433,563
3434,18681
3435,539
3436,11885
3437,519
3438,11388
3439,521
3440,11263
3441,540
3442,11349
3443,536
3444,11198
3445,528
3446,11350
3447,531
3448,11449
3449,525
3450,11279
3451,534
3452,11289
3453,519
3454,11654
3455,518
3456,13346
3457,534
3458,11337
3459,520
3460,11379
3461,526
3462,11400
3463,495
3464,11426
3465,529
3466,11214
3467,543
3468,11486
3469,534
3470,11419
3471,518
3472,11387
3473,522
3474,11309
3475,524
3476,11290
3477,540
3478,11066
3479,529
3480,11259
3481,545
3482,11143
3483,536
3484,11307
3485,498
3486,11339
3487,555
3488,13405
3489,574
3490,11570
3491,525
3492,11292
3493,536
3494,11507
3495,525
3496,11488
3497,507
3498,11216
3499,498
3500,11475
3501,557
3502,11257
3503,549
3504,11286
3505,541
3506,11374
3507,530
3508,11504
3509,528
3510,11497
3511,543
3512,11344
3513,531
3514,11562
3515,540
3516,11322
3517,555
3518,11501
3519,546
3520,13657
3521,541
3522,11416
3523,527
3524,11408
3525,529
3526,11165
3527,516
3528,11234
3529,530
3530,11220
3531,544
3532,11169
3533,528
3534,11279
3535,519
3536,11160
3537,516
3538,11268
3539,555
3540,11362
3541,543
3542,11372
3543,533
3544,11454
3545,540
3546,11436
3547,519
3548,11113
3549,518
3550,11235
3551,518
3552,13475
3553,546
3554,11781
3555,534
3556,11504
3557,534
3558,11403
3559,565
3560,11656
3561,527
3562,17961
3563,530
3564,11718
3565,550
3566,11627
3567,548
3568,11433
3569,512
3570,11401
3571,517
3572,11194
3573,526
3574,11279
3575,512
3576,11201
3577,546
3578,11282
3579,558
3580,11441
3581,562
3582,11825
3583,522
3584,13226
3585,557
3586,11760
3587,539
3588,11646
3589,582
3590,11298
3591,560
3592,11115
3593,534
3594,11495
3595,529
3596,11371
3597,542
3598,11322
3599,568
3600,11455
3601,544
3602,11256
3603,523
3604,11560
3605,546
3606,11239
3607,522
3608,11081
3609,527
3610,11156
3611,556
3612,11118
3613,526
3614,11317
3615,544
3616,13087
3617,550
3618,11502
3619,538
3620,11370
3621,538
3622,11280
3623,541
3624,11256
3625,518
3626,11144
3627,517
3628,11116
3629,546
3630,11295
3631,522
3632,11116
3633,521
3634,11255
3635,520
3636,11314
3637,513
3638,11349
3639,546
3640,11388
3641,538
3642,11495
3643,529
3644,11502
3645,532
3646,11083
3647,538
3648,13150
3649,536
3650,11887
3651,522
3652,11370
3653,536
3654,11165
3655,559
3656,11029
3657,520
3658,11250
3659,522
3660,11214
3661,884
3662,15014
3663,570
3664,11695
3665,536
3666,11427
3667,501
3668,11414
3669,521
3670,10980
3671,526
3672,11160
3673,524
3674,11357
3675,517
3676,11434
3677,513
3678,11223
3679,512
3680,13185
3681,521
3682,11363
3683,547
3684,11333
3685,579
3686,11072
3687,515
3688,11231
3689,689
3690,18918
3691,561
3692,11617
3693,559
3694,11597
3695,560
3696,11268
3697,537
3698,11285
3699,507
3700,11360
3701,618
3702,11179
3703,530
3704,11801
3705,543
3706,11281
3707,475
3708,11337
3709,547
3710,11342
3711,550
3712,13762
3713,583
3714,12088
3715,537
3716,11979
3717,544
3718,11840
3719,565
3720,11877
3721,564
3722,11880
3723,675
3724,12040
3725,553
3726,11974
3727,560
3728,12413
3729,523
3730,12544
3731,556
3732,12315
3733,565
3734,12153
3735,511
3736,12215
3737,540
3738,12522
3739,560
3740,12398
3741,577
3742,12726
3743,547
3744,14296
3745,606
3746,13473
3747,536
3748,12345
3749,533
3750,12539
3751,565
3752,12785
3753,551
3754,12594
3755,528
3756,12694
3757,534
3758,12942
3759,554
3760,12425
3761,562
3762,12942
3763,548
3764,12583
3765,576
3766,12778
3767,478
3768,12684
3769,540
3770,12349
3771,520
3772,12552
3773,486
3774,13354
3775,515
3776,14923
3777,535
3778,13070
3779,515
3780,12425
3781,588
3782,12445
3783,500
3784,12608
3785,558
3786,13090
3787,608
3788,12238
3789,576
3790,13300
3791,568
3792,13430
3793,538
3794,13425
3795,567
3796,13966
3797,565
3798,13623
3799,516
3800,13677
3801,608
3802,13331
3803,536
3804,13445
3805,561
3806,12884
3807,617
3808,14397
3809,537
3810,12085
3811,546
3812,11749
3813,567
3814,11567
3815,536
3816,21870
3817,561
3818,11738
3819,576
3820,11605
3821,523
3822,11571
3823,535
3824,11423
3825,582
3826,11342
3827,600
3828,11690
3829,545
3830,11532
3831,544
3832,11676
3833,537
3834,11671
3835,544
3836,11444
3837,548
3838,11419
3839,538
3840,13618
3841,529
3842,11963
3843,571
3844,11599
3845,526
3846,11556
3847,511
3848,11801
3849,547
3850,11976
3851,598
3852,11591
3853,584
3854,11558
3855,525
3856,11191
3857,521
3858,11629
3859,520
3860,11920
3861,530
3862,12225
3863,655
3864,12030
3865,549
3866,12066
3867,545
3868,12284
3869,545
3870,12387
3871,590
3872,14249
3873,545
3874,12149
3875,540
3876,12406
3877,642
3878,12221
3879,547
3880,12039
3881,543
3882,11371
3883,519
3884,11164
3885,558
3886,11271
3887,586
3888,11916
3889,613
3890,12789
3891,616
3892,12288
3893,606
3894,11726
3895,572
3896,12524
3897,577
3898,12201
3899,562
3900,12120
3901,558
3902,11725
3903,541
3904,14011
3905,552
3906,11780
3907,538
3908,11738
3909,523
3910,11547
3911,521
3912,11837
3913,519
3914,11562
3915,520
3916,11888
3917,543
3918,11963
3919,554
3920,11479
3921,532
3922,11540
3923,520
3924,11715
3925,535
3926,11600
3927,584
3928,11406
3929,534
3930,11603
3931,546
3932,11571
3933,542
3934,11527
3935,555
3936,13632
3937,549
3938,11629
3939,523
3940,11438
3941,510
3942,11317
3943,546
3944,19994
3945,596
3946,11929
3947,533
3948,11695
3949,543
3950,11352
3951,578
3952,11607
3953,556
3954,11996
3955,571
3956,23262
3957,501
3958,12222
3959,562
3960,11151
3961,526
3962,11295
3963,549
3964,11505
3965,527
3966,11489
3967,561
3968,13827
3969,541
3970,11688
3971,511
3972,11415
3973,524
3974,11377
3975,497
3976,11604
3977,530
3978,11697
3979,511
3980,11644
3981,536
3982,11542
3983,573
3984,11441
3985,527
3986,11421
3987,549
3988,11324
3989,558
3990,11597
3991,545
3992,11299
3993,586
3994,11898
3995,525
3996,11621
3997,527
3998,12276
3999,531
4000,14134
4001,463
4002,12194
4003,493
4004,11377
4005,605
4006,11915
4007,471
4008,11559
4009,520
4010,11488
4011,496
4012,11380
4013,440
4014,11574
4015,497
4016,11698
4017,519
4018,11528
4019,564
4020,11701
4021,525
4022,11962
4023,521
4024,12003
4025,535
4026,12730
4027,535
4028,12103
4029,542
4030,11636
4031,593
4032,13680
4033,549
4034,11705
4035,535
4036,11498
4037,469
4038,11614
4039,519
4040,11474
4041,486
4042,11381
4043,529
4044,11363
4045,461
4046,11126
4047,557
4048,11695
4049,541
4050,11673
4051,544
4052,11226
4053,532
4054,11594
4055,504
4056,11183
4057,526
4058,11887
4059,560
4060,11463
4061,571
4062,11391
4063,573
4064,13493
4065,529
4066,11637
4067,688
4068,11506
4069,648
4070,11444
4071,507
4072,31943
4073,641
4074,12170
4075,525
4076,11465
4077,512
4078,11385
4079,563
4080,11596
4081,550
4082,11840
4083,565
4084,12090
4085,584
4086,11561
4087,560
4088,11610
4089,525
4090,11948
4091,553
4092,11492
4093,524
4094,11502
4095,508
4096,13551
4097,682
4098,12334
4099,545
4100,11681
4101,518
4102,11383
4103,517
4104,11367
4105,561
4106,11296
4107,573
4108,11036
4109,562
4110,10966
4111,514
4112,11247
4113,539
4114,10922
4115,521
4116,11199
4117,522
4118,11032
4119,518
4120,11134
4121,524
4122,11264
4123,526
4124,11522
4125,678
4126,12679
4127,504
4128,13693
4129,528
4130,11790
4131,511
4132,11197
4133,512
4134,11257
4135,540
4136,11518
4137,490
4138,11372
4139,516
4140,11268
4141,531
4142,11229
4143,512
4144,11201
4145,524
4146,10985
4147,551
4148,11233
4149,519
4150,11219
4151,521
4152,11344
4153,538
4154,11158
4155,576
4156,11263
4157,540
4158,11240
4159,506
4160,12909
4161,564
4162,11872
4163,554
4164,11508
4165,545
4166,240554
4167,1157
4168,14788
4169,607
4170,12784
4171,546
4172,12031
4173,536
4174,11997
4175,576
4176,11671
4177,616
4178,11802
4179,528
4180,11596
4181,582
4182,11802
4183,553
4184,11651
4185,537
4186,11410
4187,496
4188,11664
4189,494
4190,11474
4191,580
4192,14919
4193,557
4194,12171
4195,527
4196,12072
4197,537
4198,11729
4199,672
4200,22089
4201,603
4202,11955
4203,570
4204,11978
4205,556
4206,11951
4207,540
4208,11789
4209,522
4210,11334
4211,508
4212,11569
4213,524
4214,11857
4215,546
4216,11521
4217,545
4218,11832
4219,593
4220,11550
4221,565
4222,11555
4223,544
4224,13782
4225,553
4226,12143
4227,554
4228,11223
4229,482
4230,11146
4231,542
4232,11222
4233,461
4234,11680
4235,493
4236,11639
4237,431
4238,11342
4239,512
4240,11741
4241,616
4242,11549
4243,586
4244,11522
4245,536
4246,11695
4247,528
4248,11652
4249,540
4250,11239
4251,542
4252,11269
4253,538
4254,11900
4255,527
4256,13390
4257,514
4258,11872
4259,639
4260,11443
4261,493
4262,11496
4263,521
4264,11784
4265,533
4266,12042
4267,551
4268,11693
4269,544
4270,11425
4271,540
4272,11460
4273,528
4274,11419
4275,528
4276,11460
4277,533
4278,11443
4279,532
4280,11525
4281,519
4282,11567
4283,517
4284,11293
4285,529
4286,11598
4287,518
4288,13192
4289,548
4290,11836
4291,521
4292,11487
4293,564
4294,11246
4295,543
4296,11527
4297,535
4298,11502
4299,516
4300,11362
4301,474
4302,11411
4303,547
4304,11627
4305,522
4306,11402
4307,523
4308,11748
4309,514
4310,11494
4311,532
4312,11559
4313,536
4314,11500
4315,528
4316,11328
4317,527
4318,11504
4319,485
4320,13067
4321,550
4322,11711
4323,543
4324,11409
4325,505
4326,17334
4327,572
4328,12018
4329,534
4330,11235
4331,547
4332,11280
4333,528
4334,11526
4335,590
4336,12000
4337,541
4338,11379
4339,537
4340,11678
4341,555
4342,11312
4343,536
4344,11623
4345,529
4346,11930
4347,554
4348,11669
4349,545
4350,11719
4351,532
4352,13742
4353,575
4354,12127
4355,531
4356,11698
4357,572
4358,11347
4359,514
4360,11596
4361,536
4362,11304
4363,502
4364,11676
4365,523
4366,11622
4367,517
4368,11708
4369,529
4370,11678
4371,517
4372,11702
4373,524
4374,11958
4375,514
4376,11685
4377,522
4378,11533
4379,500
4380,11317
4381,538
4382,11213
4383,522
4384,13295
4385,527
4386,11791
4387,544
4388,11743
4389,515
4390,11798
4391,517
4392,11712
4393,565
4394,11515
4395,508
4396,11891
4397,538
4398,11876
4399,527
4400,11465
4401,631
4402,11359
4403,521
4404,11522
4405,496
4406,11514
4407,521
4408,11446
4409,508
4410,11523
4411,514
4412,11688
4413,520
4414,11337
4415,559
4416,12969
4417,485
4418,11756
4419,565
4420,12135
4421,544
4422,11882
4423,541
4424,12047
4425,566
4426,11784
4427,515
4428,12220
4429,548
4430,11641
4431,516
4432,11668
4433,570
4434,11486
4435,517
4436,11659
4437,534
4438,11848
4439,545
4440,11733
4441,527
4442,11601
4443,515
4444,11741
4445,501
4446,12144
4447,485
4448,13905
4449,521
4450,11794
4451,521
4452,11235
4453,535
4454,17168
4455,550
4456,10973
4457,510
4458,11125
4459,527
4460,11230
4461,555
4462,11091
4463,469
4464,11876
4465,602
4466,11370
4467,419
4468,10682
4469,588
4470,10922
4471,554
4472,11202
4473,532
4474,11439
4475,538
4476,10658
4477,520
4478,10569
4479,521
4480,13121
4481,486
4482,11553
4483,518
4484,12158
4485,572
4486,11932
4487,584
4488,11367
4489,524
4490,10880
4491,503
4492,11126
4493,532
4494,11032
4495,522
4496,10993
4497,580
4498,10885
4499,510
4500,11931
4501,515
4502,12528
4503,593
4504,12781
4505,523
4506,12985
4507,520
4508,12249
4509,556
4510,12034
4511,547
4512,14423
4513,561
4514,12218
4515,525
4516,12414
4517,551
4518,12394
4519,563
4520,12553
4521,641
4522,12592
4523,579
4524,12458
4525,552
4526,12091
4527,550
4528,12233
4529,538
4530,12264
4531,533
4532,12357
4533,635
4534,12163
4535,566
4536,12622
4537,557
4538,12733
4539,576
4540,12836
4541,573
4542,11998
4543,571
4544,14392
4545,521
4546,12972
4547,565
4548,12445
4549,517
4550,12385
4551,539
4552,12140
4553,546
4554,12402
4555,631
4556,12677
4557,545
4558,12331
4559,540
4560,12133
4561,524
4562,12205
4563,524
4564,12429
4565,529
4566,12291
4567,534
4568,12113
4569,515
4570,12261
4571,577
4572,12502
4573,628
4574,11842
4575,479
4576,13639
4577,520
4578,11767
4579,479
4580,11487
4581,558
4582,18533
4583,527
4584,12400
4585,531
4586,12408
4587,520
4588,12534
4589,553
4590,12003
4591,521
4592,12013
4593,679
4594,11463
4595,475
4596,15338
4597,514
4598,12676
4599,414
4600,11486
4601,466
4602,10511
4603,487
4604,58257
4605,1896
4606,34455
4607,640
4608,19575
4609,648
4610,63545
4611,710
4612,13985
4613,544
4614,12711
4615,517
4616,12462
4617,580
4618,12338
4619,534
4620,12338
4621,530
4622,11938
4623,595
4624,12133
4625,584
4626,11820
4627,524
4628,11691
4629,562
4630,11951
4631,507
4632,11627
4633,506
4634,11298
4635,538
4636,10940
4637,550
4638,10703
4639,499
4640,13584
4641,564
4642,11405
4643,497
4644,11041
4645,694
4646,12392
4647,508
4648,11097
4649,557
4650,10612
4651,460
4652,10591
4653,494
4654,10994
4655,502
4656,10740
4657,553
4658,10874
4659,551
4660,11370
4661,501
4662,10851
4663,505
4664,10723
4665,484
4666,10597
4667,483
4668,10999
4669,489
4670,10479
4671,467
4672,12620
4673,563
4674,11144
4675,470
4676,10855
4677,481
4678,10994
4679,588
4680,11090
4681,508
4682,11293
4683,500
4684,11017
4685,510
4686,11288
4687,475
4688,10996
4689,506
4690,10830
4691,502
4692,10700
4693,485
4694,10747
4695,490
4696,10785
4697,511
4698,10691
4699,1034
4700,10703
4701,534
4702,10705
4703,536
4704,12677
4705,496
4706,11272
4707,484
4708,10915
4709,530
4710,24395
4711,549
4712,11773
4713,564
4714,11077
4715,490
4716,11284
4717,483
4718,11384
4719,497
4720,11379
4721,515
4722,11119
4723,508
4724,11432
4725,451
4726,11479
4727,520
4728,11258
4729,480
4730,11175
4731,510
4732,10788
4733,751
4734,10515
4735,503
4736,12632
4737,459
4738,10888
4739,583
4740,11278
4741,554
4742,10701
4743,498
4744,11455
4745,511
4746,10966
4747,510
4748,10907
4749,549
4750,11105
4751,526
4752,10928
4753,458
4754,12317
4755,602
4756,11331
4757,453
4758,10225
4759,488
4760,10854
4761,477
4762,10985
4763,496
4764,10719
4765,525
4766,10799
4767,487
4768,12858
4769,513
4770,11158
4771,524
4772,10570
4773,536
4774,10974
4775,515
4776,10618
4777,505
4778,11101
4779,544
4780,11500
4781,542
4782,10590
4783,533
4784,10857
4785,449
4786,11136
4787,507
4788,11182
4789,522
4790,11104
4791,433
4792,11070
4793,497
4794,10827
4795,486
4796,10318
4797,472
4798,10557
4799,506
4800,12642
4801,541
4802,11431
4803,446
4804,11297
4805,552
4806,11175
4807,498
4808,11250
4809,487
4810,10906
4811,524
4812,11248
4813,532
4814,11181
4815,562
4816,10727
4817,486
4818,12621
4819,543
4820,11717
4821,460
4822,12584
4823,467
4824,12377
4825,482
4826,12925
4827,521
4828,12079
4829,479
4830,12400
4831,586
4832,14894
4833,579
4834,13859
4835,454
4836,29300
4837,505
4838,13148
4839,565
4840,13136
4841,538
4842,12667
4843,529
4844,11987
4845,509
4846,12427
4847,584
4848,11705
4849,492
4850,13725
4851,526
4852,12690
4853,558
4854,12837
4855,542
4856,12684
4857,489
4858,12067
4859,527
4860,12775
4861,648
4862,12888
4863,548
4864,15233
4865,579
4866,13300
4867,521
4868,12858
4869,521
4870,12394
4871,523
4872,12719
4873,557
4874,12538
4875,517
4876,12686
4877,545
4878,11821
4879,560
4880,11989
4881,527
4882,11974
4883,512
4884,11770
4885,592
4886,11499
4887,546
4888,11910
4889,530
4890,12000
4891,505
4892,11670
4893,536
4894,11832
4895,524
4896,13941
4897,520
4898,12327
4899,523
4900,11968
4901,534
4902,11902
4903,559
4904,12003
4905,545
4906,11778
4907,604
4908,11834
4909,585
4910,11675
4911,557
4912,11450
4913,521
4914,11664
4915,527
4916,11764
4917,520
4918,11370
4919,544
4920,11557
4921,561
4922,11619
4923,442
4924,11524
4925,531
4926,11715
4927,519
4928,13549
4929,494
4930,11531
4931,481
4932,11264
4933,521
4934,11966
4935,522
4936,11816
4937,489
4938,11810
4939,547
4940,11827
4941,545
4942,11674
4943,515
4944,12472
4945,538
4946,2920388
4947,2387
4948,39789
4949,787
4950,17040
4951,652
4952,14375
4953,558
4954,12803
4955,597
4956,11251
4957,523
4958,15821
4959,515
4960,12246
4961,533
4962,12054
4963,478
4964,21092
4965,546
4966,11508
4967,477
4968,11202
4969,532
4970,11127
4971,534
4972,11571
4973,557
4974,10742
4975,447
4976,11254
4977,504
4978,11358
4979,511
4980,11166
4981,476
4982,10951
4983,505
4984,11575
4985,522
4986,11330
4987,529
4988,11159
4989,534
4990,14051
4991,559
4992,11904
4993,552
4994,12247
4995,560
4996,11625
4997,578
4998,11596
4999,561
5000,11974
5001,500
5002,11783
5003,552
5004,11542
5005,533
5006,11633
5007,576
5008,12467
5009,528
5010,12026
5011,545
5012,11576
5013,556
5014,11321
5015,495
5016,12741
5017,537
5018,12495
5019,549
5020,11966
5021,528
5022,13300
5023,523
5024,12725
5025,565
5026,12124
5027,547
5028,11700
5029,554
5030,11404
5031,523
5032,11882
5033,548
5034,12009
5035,588
5036,11669
5037,506
5038,11093
5039,513
5040,11727
5041,551
5042,11561
5043,521
5044,11561
5045,563
5046,11554
5047,523
5048,11367
5049,553
5050,12369
5051,506
5052,12323
5053,584
5054,13801
5055,532
5056,11598
5057,550
5058,11953
5059,512
5060,11925
5061,559
5062,11433
5063,530
5064,11336
5065,493
5066,12259
5067,576
5068,11805
5069,550
5070,11682
5071,560
5072,11482
5073,549
5074,12319
5075,542
5076,11646
5077,521
5078,11241
5079,536
5080,11680
5081,544
5082,11919
5083,520
5084,11617
5085,525
5086,13142
5087,578
5088,11772
5089,537
5090,11965
5091,540
5092,18023
5093,536
5094,12694
5095,553
5096,12408
5097,520
5098,12553
5099,540
5100,12151
5101,528
5102,12041
5103,534
5104,12120
5105,520
5106,12021
5107,500
5108,12750
5109,548
5110,12568
5111,545
5112,12686
5113,578
5114,12175
5115,604
5116,12265
5117,544
5118,13578
5119,549
5120,12313
5121,662
5122,12619
5123,557
5124,11737
5125,570
5126,12036
5127,499
5128,11096
5129,519
5130,10975
5131,530
5132,10983
5133,543
5134,10965
5135,515
5136,11449
5137,524
5138,12499
5139,566
5140,12420
5141,547
5142,11928
5143,602
5144,11908
5145,566
5146,11786
5147,572
5148,11861
5149,535
5150,13852
5151,549
5152,12200
5153,524
5154,12093
5155,550
5156,12029
5157,532
5158,11941
5159,533
5160,11863
5161,527
5162,11847
5163,526
5164,12178
5165,536
5166,12239
5167,531
5168,11960
5169,549
5170,11909
5171,547
5172,12061
5173,535
5174,12050
5175,541
5176,11846
5177,524
5178,11640
5179,629
5180,11963
5181,584
5182,13786
5183,550
5184,12182
5185,522
5186,12053
5187,591
5188,11810
5189,555
5190,12444
5191,607
5192,12252
5193,580
5194,11948
5195,548
5196,11642
5197,526
5198,11898
5199,513
5200,12044
5201,543
5202,12041
5203,524
5204,11863
5205,521
5206,11812
5207,537
5208,11861
5209,533
5210,11998
5211,545
5212,11859
5213,545
5214,13568
5215,550
5216,12216
5217,541
5218,11847
5219,745
5220,17485
5221,559
5222,12353
5223,521
5224,12198
5225,564
5226,12388
5227,560
5228,12149
5229,713
5230,13948
5231,556
5232,12084
5233,516
5234,12571
5235,537
5236,12262
5237,543
5238,12319
5239,534
5240,11521
5241,551
5242,11793
5243,536
5244,12177
5245,528
5246,14174
5247,547
5248,12436
5249,555
5250,11526
5251,538
5252,11387
5253,504
5254,11542
5255,617
5256,12073
5257,525
5258,11948
5259,557
5260,12667
5261,552
5262,11766
5263,542
5264,12002
5265,539
5266,12122
5267,547
5268,12034
5269,540
5270,11888
5271,603
5272,12463
5273,597
5274,12230
5275,526
5276,12278
5277,601
5278,14617
5279,560
5280,11674
5281,459
5282,12555
5283,538
5284,12777
5285,504
5286,12614
5287,507
5288,12418
5289,500
5290,12357
5291,568
5292,12841
5293,551
5294,12626
5295,555
5296,12423
5297,560
5298,12568
5299,568
5300,12863
5301,545
5302,12755
5303,561
5304,12700
5305,603
5306,12854
5307,634
5308,12629
5309,537
5310,14260
5311,581
5312,12832
5313,569
5314,12646
5315,523
5316,12249
5317,535
5318,12283
5319,538
5320,11845
5321,557
5322,12380
5323,483
5324,12094
5325,561
5326,195678
5327,1044
5328,23487
5329,627
5330,12713
5331,490
5332,11749
5333,476
5334,12122
5335,509
5336,11974
5337,585
5338,12272
5339,496
5340,11974
5341,524
5342,15576
5343,550
5344,12920
5345,541
5346,20218
5347,559
5348,12228
5349,556
5350,11974
5351,602
5352,12380
5353,574
5354,11889
5355,558
5356,11565
5357,547
5358,12068
5359,528
5360,12002
5361,567
5362,11554
5363,526
5364,11980
5365,518
5366,11586
5367,498
5368,11357
5369,553
5370,11629
5371,521
5372,11533
5373,544
5374,14067
5375,535
5376,11817
5377,530
5378,11904
5379,555
5380,12460
5381,611
5382,12281
5383,546
5384,11477
5385,548
5386,11512
5387,566
5388,11465
5389,534
5390,11620
5391,550
5392,11740
5393,544
5394,11721
5395,560
5396,11764
5397,542
5398,11583
5399,523
5400,11591
5401,538
5402,11287
5403,521
5404,11507
5405,512
5406,13249
5407,525
5408,11949
5409,533
5410,12145
5411,498
5412,11707
5413,627
5414,12235
5415,521
5416,11448
5417,507
5418,11610
5419,505
5420,11419
5421,526
5422,11810
5423,515
5424,11675
5425,524
5426,11752
5427,561
5428,11277
5429,587
5430,11855
5431,576
5432,11895
5433,551
5434,11460
5435,518
5436,11437
5437,536
5438,13081
5439,516
5440,11593
5441,529
5442,11393
5443,514
5444,11498
5445,534
5446,11306
5447,534
5448,12370
5449,558
5450,12004
5451,542
5452,11444
5453,542
5454,11428
5455,548
5456,11410
5457,520
5458,11301
5459,514
5460,11545
5461,500
5462,11685
5463,518
5464,11605
5465,546
5466,12228
5467,524
5468,11606
5469,539
5470,13552
5471,538
5472,11560
5473,528
5474,17961
5475,571
5476,12003
5477,541
5478,11729
5479,524
5480,11725
5481,532
5482,11810
5483,487
5484,11758
5485,518
5486,11333
5487,512
5488,11435
5489,530
5490,11244
5491,531
5492,11757
5493,566
5494,11685
5495,546
5496,11348
5497,528
5498,12053
5499,533
5500,11633
5501,523
5502,13505
5503,561
5504,11721
5505,521
5506,11367
5507,549
5508,11942
5509,528
5510,11784
5511,526
5512,11294
5513,522
5514,12769
5515,612
5516,12720
5517,598
5518,11800
5519,544
5520,11578
5521,641
5522,11512
5523,541
5524,11371
5525,534
5526,11422
5527,533
5528,11585
5529,571
5530,11371
5531,538
5532,11850
5533,522
5534,13611
5535,564
5536,11784
5537,543
5538,11314
5539,520
5540,11085
5541,538
5542,11635
5543,502
5544,11678
5545,538
5546,11574
5547,577
5548,11080
5549,502
5550,12324
5551,40312
5552,17955
5553,634
5554,12826
5555,524
5556,11761
5557,593
5558,12664
5559,557
5560,12072
5561,526
5562,11706
5563,551
5564,11377
5565,500
5566,14542
5567,561
5568,12178
5569,517
5570,11680
5571,536
5572,11519
5573,549
5574,11313
5575,447
5576,11360
5577,508
5578,11049
5579,539
5580,11016
5581,526
5582,11235
5583,530
5584,10971
5585,445
5586,10926
5587,459
5588,19827
5589,599
5590,11389
5591,686
5592,11733
5593,518
5594,10937
5595,563
5596,11211
5597,513
5598,13648
5599,505
5600,11375
5601,532
5602,24453
5603,532
5604,11638
5605,534
5606,11273
5607,501
5608,11410
5609,513
5610,11376
5611,532
5612,11103
5613,497
5614,11100
5615,558
5616,11044
5617,524
5618,11717
5619,568
5620,11378
5621,498
5622,11350
5623,522
5624,11259
5625,518
5626,11219
5627,513
5628,12074
5629,517
5630,14117
5631,541
5632,11736
5633,645
5634,12682
5635,553
5636,11542
5637,510
5638,11431
5639,639
5640,11330
5641,529
5642,11351
5643,518
5644,11681
5645,575
5646,11077
5647,519
5648,11299
5649,538
5650,11445
5651,523
5652,11233
5653,490
5654,11179
5655,523
5656,11588
5657,545
5658,11469
5659,505
5660,11423
5661,522
5662,14312
5663,464
5664,12047
5665,508
5666,11633
5667,625
5668,11544
5669,488
5670,12033
5671,495
5672,11714
5673,656
5674,11731
5675,521
5676,11974
5677,530
5678,11297
5679,636
5680,11219
5681,526
5682,11427
5683,517
5684,11447
5685,503
5686,12003
5687,522
5688,11683
5689,491
5690,11512
5691,525
5692,11854
5693,527
5694,13766
5695,550
5696,11920
5697,544
5698,11967
5699,521
5700,11455
5701,512
5702,11716
5703,509
5704,11898
5705,533
5706,11688
5707,529
5708,12319
5709,535
5710,11740
5711,522
5712,12083
5713,527
5714,11789
5715,584
5716,11840
5717,543
5718,12616
5719,486
5720,12569
5721,486
5722,13286
5723,591
5724,12642
5725,491
5726,15834
5727,526
5728,13117
5729,704
5730,24861
5731,584
5732,11986
5733,492
5734,11322
5735,511
5736,11116
5737,516
5738,11202
5739,483
5740,11324
5741,497
5742,12166
5743,495
5744,12787
5745,550
5746,13196
5747,601
5748,13482
5749,510
5750,12557
5751,588
5752,12923
5753,587
5754,13120
5755,527
5756,12647
5757,554
5758,15157
5759,528
5760,13203
5761,579
5762,12561
5763,557
5764,12623
5765,543
5766,13388
5767,553
5768,13134
5769,537
5770,13107
5771,528
5772,13136
5773,574
5774,12863
5775,547
5776,12064
5777,571
5778,12367
5779,499
5780,12017
5781,557
5782,11765
5783,548
5784,11475
5785,535
5786,11514
5787,551
5788,11540
5789,597
5790,14063
5791,565
5792,12012
5793,549
5794,12009
5795,513
5796,12280
5797,534
5798,12786
5799,582
5800,12019
5801,544
5802,11617
5803,508
5804,11756
5805,563
5806,11552
5807,544
5808,11492
5809,537
5810,11928
5811,523
5812,11702
5813,544
5814,12448
5815,629
5816,12656
5817,536
5818,11916
5819,576
5820,11570
5821,519
5822,14055
5823,602
5824,12284
5825,545
5826,12509
5827,532
5828,11991
5829,506
5830,12224
5831,516
5832,12779
5833,589
5834,12333
5835,554
5836,11748
5837,530
5838,11561
5839,536
5840,11391
5841,530
5842,11564
5843,575
5844,11704
5845,542
5846,11533
5847,512
5848,11762
5849,494
5850,12505
5851,560
5852,12183
5853,534
5854,14155
5855,558
5856,19454
5857,531
5858,11474
5859,539
5860,11705
5861,550
5862,11595
5863,543
5864,11870
5865,503
5866,12587
5867,550
5868,12127
5869,516
5870,11477
5871,530
5872,11434
5873,509
5874,11579
5875,555
5876,11769
5877,568
5878,11818
5879,597
5880,11560
5881,541
5882,11925
5883,542
5884,12491
5885,547
5886,13653
5887,503
5888,11949
5889,673
5890,13374
5891,584
5892,12200
5893,523
5894,11840
5895,520
5896,11881
5897,590
5898,12611
5899,563
5900,11989
5901,539
5902,11401
5903,531
5904,11353
5905,523
5906,11246
5907,527
5908,11601
5909,538
5910,11612
5911,553
5912,11617
5913,518
5914,12096
5915,534
5916,11952
5917,555
5918,13828
5919,560
5920,11727
5921,520
5922,11578
5923,560
5924,11561
5925,527
5926,11971
5927,535
5928,11675
5929,523
5930,11767
5931,531
5932,13058
5933,534
5934,12375
5935,504
5936,11740
5937,490
5938,11641
5939,527
5940,11307
5941,528
5942,11448
5943,539
5944,11707
5945,523
5946,11561
5947,544
5948,11468
5949,501
5950,13773
5951,533
5952,12044
5953,522
5954,11760
5955,542
5956,11282
5957,514
5958,11241
5959,536
5960,11610
5961,537
5962,11661
5963,528
5964,11626
5965,577
5966,11545
5967,529
5968,12024
5969,560
5970,11396
5971,548
5972,11442
5973,556
5974,11217
5975,520
5976,11171
5977,559
5978,11398
5979,519
5980,11441
5981,537
5982,13274
5983,517
5984,18869
5985,546
5986,12114
5987,517
5988,11562
5989,532
5990,11347
5991,524
5992,11482
5993,533
5994,11489
5995,553
5996,11570
5997,526
5998,11498
5999,525
6000,12135
6001,542
6002,11165
6003,491
6004,213545
6005,800
6006,19292
6007,618
6008,12820
6009,557
6010,12160
6011,547
6012,11832
6013,519
6014,14313
6015,483
6016,13058
6017,515
6018,12048
6019,471
6020,11517
6021,480
6022,11529
6023,522
6024,11410
6025,539
6026,11560
6027,532
6028,11519
6029,506
6030,11492
6031,537
6032,11506
6033,540
6034,12081
6035,560
6036,12466
6037,534
6038,12042
6039,551
6040,11367
6041,529
6042,11350
6043,509
6044,11546
6045,468
6046,13641
6047,510
6048,12044
6049,539
6050,11808
6051,538
6052,12164
6053,535
6054,11633
6055,537
6056,11397
6057,533
6058,11417
6059,526
6060,11400
6061,533
6062,11678
6063,552
6064,11638
6065,562
6066,11487
6067,516
6068,11934
6069,540
6070,11478
6071,502
6072,11420
6073,510
6074,11434
6075,520
6076,11617
6077,561
6078,13566
6079,537
6080,11917
6081,567
6082,11683
6083,547
6084,12046
6085,524
6086,11588
6087,504
6088,11351
6089,522
6090,11350
6091,519
6092,11915
6093,515
6094,11492
6095,521
6096,11488
6097,530
6098,11633
6099,518
6100,11804
6101,538
6102,11683
6103,524
6104,11498
6105,561
6106,11739
6107,531
6108,11515
6109,570
6110,13241
6111,545
6112,20962
6113,540
6114,12161
6115,518
6116,11561
6117,519
6118,11163
6119,474
6120,11814
6121,529
6122,11820
6123,552
6124,11373
6125,565
6126,11675
6127,543
6128,11545
6129,530
6130,11642
6131,523
6132,11734
6133,549
6134,11380
6135,537
6136,12117
6137,572
6138,12246
6139,559
6140,11814
6141,519
6142,13286
6143,542
6144,11375
6145,657
6146,12355
6147,548
6148,12238
6149,530
6150,11583
6151,594
6152,12013
6153,541
6154,11157
6155,520
6156,12016
6157,542
6158,11840
6159,561
6160,12067
6161,452
6162,11342
6163,542
6164,11451
6165,557
6166,11447
6167,1649
6168,11768
6169,525
6170,11303
6171,516
6172,11453
6173,533
6174,13886
6175,535
6176,11585
6177,521
6178,11249
6179,527
6180,11060
6181,498
6182,11266
6183,493
6184,11406
6185,540
6186,11275
6187,525
6188,11408
6189,570
6190,12552
6191,566
6192,11560
6193,510
6194,11390
6195,520
6196,11162
6197,532
6198,11285
6199,541
6200,11320
6201,543
6202,11250
6203,508
6204,11536
6205,488
6206,13815
6207,555
6208,12185
6209,540
6210,11606
6211,543
6212,11522
6213,545
6214,11382
6215,525
6216,11533
6217,569
6218,11637
6219,505
6220,11778
6221,530
6222,11476
6223,490
6224,12310
6225,563
6226,12064
6227,567
6228,11617
6229,533
6230,11295
6231,576
6232,11467
6233,506
6234,11472
6235,537
6236,11417
6237,515
6238,13292
6239,682
6240,18468
6241,589
6242,12669
6243,555
6244,12094
6245,518
6246,11809
6247,524
6248,11301
6249,518
6250,11286
6251,513
6252,11225
6253,535
6254,11283
6255,506
6256,11397
6257,535
6258,11605
6259,557
6260,11390
6261,550
6262,11591
6263,540
6264,12088
6265,541
6266,11718
6267,525
6268,11204
6269,541
6270,13294
6271,527
6272,11391
6273,537
6274,11376
6275,588
6276,11286
6277,502
6278,11156
6279,418
6280,11769
6281,559
6282,11638
6283,526
6284,11307
6285,555
6286,11123
6287,539
6288,11444
6289,525
6290,11321
6291,524
6292,11309
6293,567
6294,11181
6295,542
6296,11348
6297,551
6298,11711
6299,528
6300,11382
6301,526
6302,13423
6303,518
6304,11554
6305,555
6306,11278
6307,586
6308,11441
6309,553
6310,11146
6311,525
6312,11311
6313,546
6314,11960
6315,530
6316,11361
6317,527
6318,11151
6319,523
6320,11200
6321,492
6322,11372
6323,485
6324,11387
6325,534
6326,11252
6327,514
6328,11258
6329,536
6330,11413
6331,483
6332,11439
6333,541
6334,13176
6335,510
6336,11643
6337,538
6338,11666
6339,530
6340,11394
6341,538
6342,11046
6343,541
6344,11155
6345,522
6346,11718
6347,531
6348,11502
6349,587
6350,11538
6351,529
6352,11314
6353,478
6354,12307
6355,540
6356,12461
6357,550
6358,11756
6359,554
6360,11468
6361,494
6362,11287
6363,552
6364,11312
6365,542
6366,21915
6367,526
6368,12203
6369,490
6370,10994
6371,487
6372,11022
6373,470
6374,10759
6375,486
6376,10731
6377,497
6378,11053
6379,649
6380,10917
6381,504
6382,10692
6383,496
6384,10546
6385,488
6386,10648
6387,480
6388,10636
6389,544
6390,10413
6391,495
6392,10874
6393,727
6394,10870
6395,552
6396,11045
6397,486
6398,12859
6399,483
6400,11243
6401,603
6402,11156
6403,474
6404,10644
6405,489
6406,10935
6407,491
6408,11135
6409,457
6410,10767
6411,536
6412,10724
6413,549
6414,10707
6415,520
6416,11093
6417,482
6418,10716
6419,515
6420,10884
6421,520
6422,11120
6423,489
6424,10932
6425,513
6426,10876
6427,732
6428,11292
6429,519
6430,13036
6431,502
6432,11148
6433,485
6434,11050
6435,497
6436,10846
6437,531
6438,11117
6439,473
6440,10593
6441,540
6442,10749
6443,523
6444,10782
6445,520
6446,10558
6447,452
6448,10411
6449,536
6450,11327
6451,546
6452,11297
6453,531
6454,10994
6455,495
6456,11180
6457,642
6458,10744
6459,487
6460,10977
6461,551
6462,12804
6463,512
6464,11185
6465,524
6466,11254
6467,480
6468,12063
6469,491
6470,10646
6471,498
6472,11120
6473,487
6474,11099
6475,512
6476,11254
6477,506
6478,11143
6479,493
6480,11014
6481,506
6482,10436
6483,632
6484,10691
6485,510
6486,10642
6487,487
6488,11049
6489,509
6490,11187
6491,443
6492,10852
6493,445
6494,26387
6495,587
6496,11149
6497,482
6498,10882
6499,448
6500,10563
6501,488
6502,11083
6503,591
6504,10941
6505,519
6506,10580
6507,448
6508,10985
6509,562
6510,10371
6511,457
6512,10729
6513,498
6514,11023
6515,473
6516,14868
6517,2766
6518,13607
6519,486
6520,10248
6521,470
6522,10995
6523,437
6524,11360
6525,440
6526,13500
6527,563
6528,12269
6529,465
6530,11255
6531,427
6532,10684
6533,488
6534,11070
6535,403
6536,11034
6537,448
6538,12276
6539,482
6540,11202
6541,467
6542,10669
6543,482
6544,10764
6545,470
6546,10735
6547,412
6548,11332
6549,470
6550,10737
6551,671
6552,11512
6553,422
6554,12727
6555,544
6556,11794
6557,509
6558,15736
6559,481
6560,11992
6561,525
6562,11594
6563,513
6564,11449
6565,518
6566,13860
6567,474
6568,12661
6569,794
6570,12028
6571,519
6572,13487
6573,601
6574,14596
6575,480
6576,12742
6577,489
6578,12919
6579,527
6580,14149
6581,508
6582,13001
6583,560
6584,12897
6585,520
6586,12596
6587,556
6588,14041
6589,554
6590,16638
6591,488
6592,12772
6593,505
6594,12655
6595,565
6596,12671
6597,515
6598,12415
6599,564
6600,12435
6601,519
6602,12687
6603,535
6604,13213
6605,521
6606,12669
6607,597
6608,12551
6609,543
6610,12973
6611,490
6612,12535
6613,553
6614,12747
6615,538
6616,12426
6617,548
6618,12807
6619,631
6620,13429
6621,529
6622,26823
6623,465
6624,11846
6625,449
6626,11297
6627,518
6628,11429
6629,1957
6630,21420
6631,614
6632,12795
6633,531
6634,11812
6635,517
6636,11519
6637,557
6638,11708
6639,549
6640,11252
6641,523
6642,11844
6643,560
6644,11714
6645,529
6646,11083
6647,552
6648,11478
6649,562
6650,11586
6651,601
6652,11555
6653,563
6654,14193
6655,560
6656,12001
6657,616
6658,12783
6659,518
6660,11728
6661,523
6662,11657
6663,525
6664,11654
6665,528
6666,11522
6667,548
6668,11491
6669,541
6670,11258
6671,525
6672,11178
6673,542
6674,11108
6675,516
6676,11454
6677,521
6678,11547
6679,543
6680,11356
6681,529
6682,12080
6683,526
6684,11437
6685,540
6686,13339
6687,546
6688,11638
6689,549
6690,11558
6691,500
6692,11536
6693,518
6694,11756
6695,617
6696,11433
6697,512
6698,11154
6699,529
6700,12044
6701,567
6702,11677
6703,530
6704,11908
6705,516
6706,11294
6707,547
6708,11445
6709,521
6710,11193
6711,527
6712,11835
6713,526
6714,11863
6715,527
6716,11563
6717,590
6718,13954
6719,555
6720,12038
6721,522
6722,11567
6723,549
6724,11280
6725,526
6726,11550
6727,545
6728,11591
6729,513
6730,11391
6731,540
6732,11786
6733,520
6734,11785
6735,554
6736,11983
6737,550
6738,11476
6739,544
6740,11280
6741,506
6742,11392
6743,568
6744,11607
6745,534
6746,11577
6747,533
6748,11633
6749,614
6750,20905
6751,512
6752,12595
6753,470
6754,11773
6755,420
6756,11444
6757,512
6758,11536
6759,520
6760,11504
6761,480
6762,12051
6763,597
6764,11575
6765,523
6766,11296
6767,513
6768,11762
6769,497
6770,11796
6771,520
6772,12039
6773,517
6774,11044
6775,496
6776,10727
6777,546
6778,11590
6779,533
6780,10916
6781,569
6782,13023
6783,531
6784,11089
6785,508
6786,10889
6787,529
6788,11082
6789,512
6790,11222
6791,537
6792,11604
6793,515
6794,11899
6795,528
6796,12060
6797,512
6798,11953
6799,525
6800,11687
6801,529
6802,11396
6803,538
6804,11122
6805,530
6806,11509
6807,487
6808,11215
6809,516
6810,11282
6811,524
6812,11671
6813,533
6814,13233
6815,554
6816,11520
6817,548
6818,11225
6819,529
6820,11860
6821,529
6822,11771
6823,525
6824,11512
6825,518
6826,11278
6827,531
6828,11632
6829,492
6830,11705
6831,458
6832,11544
6833,545
6834,11369
6835,552
6836,11570
6837,527
6838,11641
6839,524
6840,11682
6841,551
6842,11881
6843,535
6844,11415
6845,541
6846,13492
6847,555
6848,11699
6849,530
6850,11089
6851,538
6852,11168
6853,513
6854,11580
6855,553
6856,11913
6857,528
6858,11467
6859,525
6860,11997
6861,561
6862,12038
6863,559
6864,11816
6865,519
6866,11681
6867,538
6868,11376
6869,552
6870,11272
6871,518
6872,11183
6873,532
6874,11586
6875,536
6876,16678
6877,553
6878,14083
6879,517
6880,12201
6881,532
6882,11787
6883,552
6884,11542
6885,549
6886,11452
6887,563
6888,11754
6889,520
6890,11808
6891,546
6892,11713
6893,561
6894,11641
6895,532
6896,11568
6897,513
6898,11296
6899,525
6900,11567
6901,478
6902,3484502
6903,3038
6904,51598
6905,1279
6906,23386
6907,677
6908,17975
6909,626
6910,22383
6911,570
6912,16571
6913,534
6914,14336
6915,594
6916,13735
6917,521
6918,13505
6919,525
6920,12848
6921,593
6922,12764
6923,525
6924,12396
6925,545
6926,12156
6927,527
6928,12037
6929,576
6930,12283
6931,529
6932,12120
6933,531
6934,11625
6935,499
6936,11517
6937,527
6938,11531
6939,532
6940,11495
6941,526
6942,13458
6943,604
6944,11844
6945,530
6946,11733
6947,536
6948,11464
6949,529
6950,11305
6951,714
6952,11207
6953,545
6954,11485
6955,594
6956,11585
6957,534
6958,11423
6959,539
6960,11280
6961,535
6962,11216
6963,529
6964,11180
6965,527
6966,11207
6967,519
6968,11334
6969,530
6970,12024
6971,515
6972,11393
6973,520
6974,13266
6975,541
6976,11675
6977,554
6978,11580
6979,526
6980,11590
6981,531
6982,11307
6983,533
6984,11273
6985,526
6986,11300
6987,531
6988,11467
6989,525
6990,11557
6991,560
6992,11201
6993,520
6994,11366
6995,520
6996,11455
6997,518
6998,11370
6999,550
7000,11617
7001,535
7002,11524
7003,518
7004,25450
7005,563
7006,13455
7007,539
7008,11798
7009,548
7010,11455
7011,530
7012,86191
7013,963
7014,19646
7015,652
7016,12392
7017,556
7018,11527
7019,538
7020,11294
7021,525
7022,11376
7023,503
7024,11429
7025,523
7026,11511
7027,548
7028,11475
7029,531
7030,11310
7031,520
7032,11384
7033,558
7034,11248
7035,520
7036,11085
7037,530
7038,14577
7039,527
7040,11733
7041,530
7042,11326
7043,530
7044,11318
7045,523
7046,11218
7047,518
7048,11384
7049,522
7050,11441
7051,526
7052,11241
7053,562
7054,11325
7055,536
7056,11300
7057,538
7058,11308
7059,567
7060,11258
7061,530
7062,11509
7063,586
7064,12132
7065,522
7066,11180
7067,540
7068,11269
7069,526
7070,13062
7071,527
7072,11736
7073,523
7074,11761
7075,523
7076,11241
7077,524
7078,11306
7079,528
7080,11237
7081,528
7082,11259
7083,518
7084,11141
7085,536
7086,11252
7087,533
7088,11330
7089,528
7090,11348
7091,521
7092,11279
7093,512
7094,11584
7095,577
7096,11447
7097,544
7098,11363
7099,543
7100,11417
7101,530
7102,13040
7103,535
7104,11494
7105,524
7106,11372
7107,540
7108,11296
7109,529
7110,11486
7111,519
7112,11426
7113,524
7114,11280
7115,549
7116,11313
7117,541
7118,11256
7119,529
7120,11326
7121,506
7122,11478
7123,530
7124,11370
7125,528
7126,11440
7127,523
7128,11443
7129,515
7130,11352
7131,530
7132,20668
7133,586
7134,13731
7135,554
7136,11605
7137,543
7138,11555
7139,535
7140,11332
7141,518
7142,11414
7143,530
7144,11307
7145,544
7146,11430
7147,537
7148,11504
7149,530
7150,11426
7151,518
7152,11286
7153,526
7154,11293
7155,547
7156,11341
7157,522
7158,11236
7159,540
7160,11351
7161,548
7162,11381
7163,542
7164,11281
7165,517
7166,13011
7167,523
7168,11527
7169,621
7170,11861
7171,546
7172,11727
7173,533
7174,11358
7175,528
7176,10882
7177,485
7178,12361
7179,527
7180,12484
7181,555
7182,12101
7183,544
7184,11333
7185,535
7186,11270
7187,475
7188,170549
7189,1021
7190,16321
7191,726
7192,12660
7193,520
7194,12061
7195,524
7196,11712
7197,541
7198,15257
7199,566
7200,11703
7201,529
7202,11230
7203,518
7204,11319
7205,541
7206,11284
7207,530
7208,11318
7209,542
7210,11342
7211,553
7212,11606
7213,523
7214,11376
7215,534
7216,11079
7217,520
7218,11305
7219,564
7220,11184
7221,540
7222,11265
7223,547
7224,11440
7225,526
7226,11560
7227,526
7228,11282
7229,549
7230,13130
7231,559
7232,11328
7233,552
7234,11307
7235,536
7236,11489
7237,560
7238,11189
7239,556
7240,11258
7241,557
7242,11347
7243,558
7244,11351
7245,544
7246,11106
7247,533
7248,11293
7249,556
7250,11066
7251,561
7252,11242
7253,552
7254,11282
7255,540
7256,11249
7257,555
7258,11133
7259,685
7260,19822
7261,564
7262,13686
7263,552
7264,11622
7265,542
7266,11156
7267,544
7268,11327
7269,575
7270,11584
7271,525
7272,11238
7273,561
7274,11240
7275,507
7276,11390
7277,531
7278,11256
7279,526
7280,11187
7281,552
7282,11416
7283,537
7284,12060
7285,544
7286,11521
7287,532
7288,11078
7289,536
7290,11156
7291,527
7292,11080
7293,554
7294,13046
7295,558
7296,11479
7297,519
7298,11306
7299,549
7300,11540
7301,539
7302,11127
7303,539
7304,11032
7305,520
7306,11185
7307,519
7308,11259
7309,530
7310,11238
7311,530
7312,11204
7313,544
7314,11277
7315,531
7316,11329
7317,551
7318,11158
7319,526
7320,11088
7321,523
7322,11077
7323,523
7324,11174
7325,557
7326,13112
7327,559
7328,11252
7329,520
7330,11402
7331,540
7332,11328
7333,585
7334,11206
7335,534
7336,11063
7337,520
7338,11054
7339,521
7340,11165
7341,530
7342,11065
7343,533
7344,11061
7345,554
7346,11157
7347,521
7348,11344
7349,533
7350,11152
7351,524
7352,11157
7353,519
7354,11173
7355,520
7356,11066
7357,521
7358,71060
7359,794
7360,13209
7361,534
7362,11602
7363,526
7364,11265
7365,523
7366,11284
7367,526
7368,11389
7369,539
7370,11304
7371,526
7372,11264
7373,522
7374,11429
7375,551
7376,11098
7377,511
7378,11781
7379,600
7380,11922
7381,531
7382,11570
7383,529
7384,11487
7385,518
7386,17897
7387,558
7388,11627
7389,517
7390,13198
7391,541
7392,11713
7393,530
7394,11388
7395,519
7396,11259
7397,508
7398,11183
7399,524
7400,11201
7401,527
7402,11106
7403,519
7404,11114
7405,518
7406,11143
7407,521
7408,11366
7409,532
7410,11172
7411,542
7412,11165
7413,516
7414,11096
7415,514
7416,11120
7417,514
7418,11187
7419,522
7420,11275
7421,480
7422,12861
7423,535
7424,11332
7425,546
7426,11136
7427,509
7428,11090
7429,504
7430,11238
7431,515
7432,11075
7433,520
7434,10986
7435,514
7436,11160
7437,521
7438,11299
7439,527
7440,44081
7441,700
7442,11775
7443,552
7444,11357
7445,530
7446,11175
7447,536
7448,11520
7449,517
7450,11286
7451,507
7452,11105
7453,520
7454,13618
7455,522
7456,11869
7457,539
7458,11425
7459,570
7460,11685
7461,541
7462,11454
7463,538
7464,11866
7465,526
7466,11557
7467,532
7468,11272
7469,506
7470,11170
7471,536
7472,11409
7473,575
7474,11495
7475,539
7476,11413
7477,525
7478,11342
7479,548
7480,11288
7481,537
7482,11348
7483,617
7484,11570
7485,532
7486,13426
7487,487
7488,11805
7489,520
7490,11428
7491,523
7492,11036
7493,523
7494,11294
7495,523
7496,11112
7497,519
7498,11227
7499,534
7500,10957
7501,508
7502,11091
7503,537
7504,11112
7505,509
7506,11118
7507,518
7508,11040
7509,498
7510,11001
7511,518
7512,10988
7513,524
7514,16907
7515,565
7516,11475
7517,532
7518,13084
7519,533
7520,11453
7521,521
7522,11315
7523,523
7524,11263
7525,524
7526,11332
7527,532
7528,11300
7529,528
7530,11263
7531,524
7532,11187
7533,510
7534,11199
7535,515
7536,11157
7537,520
7538,11250
7539,517
7540,11281
7541,494
7542,11257
7543,519
7544,11232
7545,504
7546,11151
7547,543
7548,11055
7549,524
7550,12836
7551,560
7552,11714
7553,540
7554,11395
7555,528
7556,11069
7557,530
7558,11077
7559,520
7560,11242
7561,536
7562,11331
7563,534
7564,11043
7565,512
7566,11141
7567,545
7568,11092
7569,575
7570,11400
7571,513
7572,11042
7573,536
7574,11119
7575,524
7576,11209
7577,515
7578,11189
7579,536
7580,11084
7581,520
7582,12930
7583,531
7584,11496
7585,514
7586,11335
7587,529
7588,11456
7589,535
7590,11396
7591,522
7592,11094
7593,563
7594,11580
7595,548
7596,11235
7597,521
7598,11285
7599,520
7600,11298
7601,515
7602,11214
7603,518
7604,11204
7605,522
7606,11475
7607,521
7608,11259
7609,506
7610,11201
7611,519
7612,11039
7613,503
7614,12805
7615,517
7616,11452
7617,505
7618,11142
7619,527
7620,11190
7621,536
7622,11198
7623,537
7624,11160
7625,519
7626,11330
7627,516
7628,11267
7629,523
7630,11363
7631,520
7632,11203
7633,538
7634,11240
7635,580
7636,11278
7637,519
7638,10923
7639,519
7640,10843
7641,520
7642,16462
7643,527
7644,11647
7645,529
7646,13172
7647,527
7648,11549
7649,535
7650,11227
7651,524
7652,11800
7653,546
7654,11340
7655,586
7656,11080
7657,555
7658,11441
7659,545
7660,11004
7661,554
7662,11143
7663,507
7664,11155
7665,501
7666,10892
7667,519
7668,10606
7669,508
7670,10634
7671,511
7672,10544
7673,500
7674,10942
7675,536
7676,10952
7677,556
7678,12979
7679,524
7680,11383
7681,598
7682,12028
7683,525
7684,12271
7685,523
7686,11652
7687,560
7688,11495
7689,537
7690,11024
7691,513
7692,11387
7693,523
7694,11492
7695,530
7696,11280
7697,555
7698,11618
7699,541
7700,11628
7701,534
7702,11316
7703,540
7704,11235
7705,535
7706,11520
7707,535
7708,11370
7709,519
7710,13054
7711,535
7712,11332
7713,543
7714,11518
7715,535
7716,11204
7717,464
7718,11269
7719,541
7720,11077
7721,525
7722,11235
7723,532
7724,11245
7725,563
7726,11207
7727,528
7728,12608
7729,554
7730,12186
7731,495
7732,11616
7733,544
7734,11649
7735,520
7736,11298
7737,518
7738,10463
7739,514
7740,10669
7741,502
7742,12402
7743,523
7744,11853
7745,559
7746,11756
7747,584
7748,11663
7749,530
7750,11839
7751,544
7752,11935
7753,522
7754,11280
7755,523
7756,11030
7757,528
7758,10816
7759,499
7760,10803
7761,485
7762,10786
7763,528
7764,11013
7765,495
7766,11677
7767,545
7768,11945
7769,648
7770,18094
7771,596
7772,12602
7773,560
7774,14632
7775,547
7776,12468
7777,555
7778,11776
7779,524
7780,11239
7781,537
7782,11390
7783,547
7784,11648
7785,584
7786,11544
7787,477
7788,13072
7789,507
7790,11818
7791,537
7792,11802
7793,628
7794,12598
7795,543
7796,12073
7797,551
7798,11417
7799,585
7800,11863
7801,528
7802,11559
7803,563
7804,11903
7805,516
7806,14767
7807,600
7808,13160
7809,532
7810,12510
7811,547
7812,12023
7813,519
7814,11758
7815,528
7816,11492
7817,531
7818,11596
7819,517
7820,11700
7821,538
7822,11549
7823,518
7824,10854
7825,514
7826,11098
7827,528
7828,11538
7829,541
7830,11403
7831,599
7832,11200
7833,505
7834,11104
7835,523
7836,10716
7837,532
7838,13770
7839,539
7840,11868
7841,511
7842,11671
7843,523
7844,11317
7845,533
7846,11335
7847,580
7848,11592
7849,560
7850,12321
7851,531
7852,11294
7853,524
7854,11362
7855,518
7856,11650
7857,565
7858,11404
7859,531
7860,11350
7861,522
7862,11482
7863,524
7864,11341
7865,527
7866,11305
7867,522
7868,11426
7869,536
7870,13123
7871,536
7872,11637
7873,562
7874,11639
7875,524
7876,11383
7877,520
7878,11237
7879,544
7880,11386
7881,519
7882,11241
7883,541
7884,11864
7885,571
7886,11258
7887,523
7888,11200
7889,519
7890,11381
7891,541
7892,11286
7893,535
7894,11388
7895,540
7896,16945
7897,529
7898,11596
7899,526
7900,11457
7901,532
7902,13239
7903,582
7904,11737
7905,517
7906,11508
7907,553
7908,11529
7909,520
7910,11119
7911,536
7912,11343
7913,539
7914,11128
7915,531
7916,11338
7917,524
7918,11354
7919,589
7920,11082
7921,504
7922,11279
7923,552
7924,11649
7925,537
7926,11201
7927,530
7928,11291
7929,519
7930,11096
7931,508
7932,11289
7933,517
7934,13119
7935,567
7936,11545
7937,563
7938,11356
7939,519
7940,11455
7941,527
7942,11125
7943,526
7944,11190
7945,547
7946,11360
7947,523
7948,11388
7949,521
7950,11531
7951,525
7952,11240
7953,521
7954,11235
7955,529
7956,11182
7957,520
7958,11426
7959,554
7960,11287
7961,522
7962,11914
7963,531
7964,11892
7965,532
7966,14068
7967,548
7968,11934
7969,543
7970,11552
7971,541
7972,11313
7973,536
7974,11328
7975,534
7976,11415
7977,532
7978,11322
7979,580
7980,11408
7981,544
7982,11369
7983,528
7984,11292
7985,552
7986,11425
7987,522
7988,11273
7989,522
7990,11266
7991,524
7992,11441
7993,518
7994,11298
7995,535
7996,11355
7997,522
7998,13131
7999,541
8000,11527
8001,541
8002,11486
8003,526
8004,11288
8005,523
8006,11350
8007,576
8008,12030
8009,578
8010,11515
8011,562
8012,11337
8013,542
8014,11271
8015,521
8016,11435
8017,547
8018,11275
8019,522
8020,11246
8021,505
8022,11366
8023,525
8024,16196
8025,549
8026,11472
8027,526
8028,11439
8029,542
8030,13269
8031,544
8032,11603
8033,507
8034,11441
8035,529
8036,11338
8037,539
8038,11278
8039,534
8040,11294
8041,558
8042,11250
8043,550
8044,11237
8045,526
8046,11249
8047,537
8048,11417
8049,524
8050,11120
8051,518
8052,11243
8053,522
8054,11363
8055,509
8056,11082
8057,535
8058,11240
8059,515
8060,11211
8061,527
8062,12960
8063,559
8064,11703
8065,531
8066,11418
8067,511
8068,11076
8069,529
8070,11174
8071,515
8072,11217
8073,542
8074,11167
8075,521
8076,11434
8077,554
8078,11726
8079,523
8080,11200
8081,543
8082,11532
8083,530
8084,11259
8085,519
8086,11318
8087,502
8088,11202
8089,528
8090,11293
8091,525
8092,11104
8093,520
8094,13049
8095,559
8096,11453
8097,536
8098,11200
8099,533
8100,11295
8101,514
8102,11248
8103,574
8104,11343
8105,571
8106,11342
8107,529
8108,10943
8109,533
8110,11262
8111,522
8112,11148
8113,513
8114,11224
8115,550
8116,11114
8117,519
8118,10938
8119,515
8120,11293
8121,524
8122,11171
8123,509
8124,11072
8125,514
8126,12897
8127,560
8128,11353
8129,528
8130,11779
8131,574
8132,11493
8133,523
8134,11230
8135,528
8136,11522
8137,532
8138,11010
8139,503
8140,11006
8141,568
8142,11347
8143,530
8144,11306
8145,540
8146,11201
8147,519
8148,11205
8149,533
8150,10955
8151,520
8152,16249
8153,549
8154,11716
8155,532
8156,11448
8157,527
8158,13340
8159,533
8160,11332
8161,521
8162,11479
8163,528
8164,11334
8165,519
8166,17030
8167,551
8168,12655
8169,527
8170,11482
8171,487
8172,148615
8173,838
8174,18365
8175,556
8176,12977
8177,575
8178,12102
8179,525
8180,11609
8181,519
8182,11452
8183,531
8184,11574
8185,545
8186,11800
8187,558
8188,11527
8189,529
8190,13655
8191,530
8192,11655
8193,652
8194,12458
8195,540
8196,11594
8197,528
8198,11496
8199,525
8200,11290
8201,558
8202,11123
8203,531
8204,11303
8205,536
8206,11271
8207,556
8208,11286
8209,533
8210,11136
8211,538
8212,11344
8213,536
8214,11108
8215,532
8216,11242
8217,554
8218,11510
8219,537
8220,11181
8221,534
8222,13361
8223,541
8224,11437
8225,564
8226,11257
8227,534
8228,11139
8229,525
8230,11232
8231,516
8232,11283
8233,530
8234,11139
8235,524
8236,11336
8237,539
8238,11199
8239,519
8240,11253
8241,528
8242,11109
8243,529
8244,11053
8245,525
8246,10990
8247,548
8248,11405
8249,546
8250,11391
8251,526
8252,11394
8253,518
8254,13160
8255,556
8256,11405
8257,538
8258,11395
8259,535
8260,11222
8261,537
8262,11860
8263,555
8264,11886
8265,517
8266,11341
8267,529
8268,11586
8269,520
8270,11226
8271,510
8272,11237
8273,516
8274,10956
8275,523
8276,11307
8277,535
8278,11414
8279,646
8280,16854
8281,556
8282,11582
8283,567
8284,11372
8285,528
8286,13370
8287,580
8288,11550
8289,524
8290,11376
8291,522
8292,11036
8293,546
8294,11431
8295,522
8296,11417
8297,560
8298,11247
8299,499
8300,11333
8301,549
8302,11344
8303,520
8304,11204
8305,540
8306,11591
8307,527
8308,11199
8309,538
8310,11219
8311,547
8312,11475
8313,545
8314,11240
8315,533
8316,11202
8317,537
8318,13065
8319,537
8320,11328
8321,540
8322,11305
8323,531
8324,11479
8325,518
8326,11153
8327,507
8328,11151
8329,535
8330,11242
8331,523
8332,11198
8333,521
8334,11092
8335,537
8336,11359
8337,528
8338,12103
8339,521
8340,11387
8341,527
8342,11138
8343,609
8344,11629
8345,538
8346,11410
8347,545
8348,11871
8349,518
8350,13222
8351,593
8352,11713
8353,538
8354,11159
8355,536
8356,11286
8357,564
8358,11425
8359,518
8360,11283
8361,528
8362,11182
8363,527
8364,11408
8365,521
8366,11703
8367,539
8368,11234
8369,560
8370,11102
8371,546
8372,11654
8373,518
8374,11262
8375,520
8376,11240
8377,516
8378,11497
8379,523
8380,11346
8381,514
8382,13009
8383,563
8384,11169
8385,520
8386,11423
8387,538
8388,11215
8389,536
8390,11240
8391,539
8392,11394
8393,528
8394,11113
8395,521
8396,11138
8397,556
8398,11428
8399,521
8400,11275
8401,523
8402,11197
8403,517
8404,11125
8405,516
8406,15913
8407,526
8408,11592
8409,535
8410,11405
8411,552
8412,11120
8413,547
8414,12953
8415,528
8416,11340
8417,528
8418,11299
8419,558
8420,11313
8421,525
8422,11406
8423,525
8424,10974
8425,579
8426,12279
8427,560
8428,11559
8429,530
8430,11183
8431,519
8432,10941
8433,521
8434,11475
8435,530
8436,11259
8437,517
8438,11156
8439,562
8440,11145
8441,526
8442,11255
8443,515
8444,11128
8445,529
8446,12624
8447,531
8448,11172
8449,533
8450,11400
8451,539
8452,11140
8453,513
8454,11148
8455,517
8456,11194
8457,535
8458,11174
8459,529
8460,11226
8461,533
8462,11117
8463,547
8464,11115
8465,517
8466,10960
8467,535
8468,11580
8469,540
8470,11617
8471,537
8472,11202
8473,526
8474,11229
8475,570
8476,11241
8477,545
8478,13223
8479,569
8480,11177
8481,520
8482,10887
8483,528
8484,11379
8485,544
8486,11331
8487,533
8488,11331
8489,516
8490,11314
8491,529
8492,11145
8493,533
8494,11461
8495,522
8496,11397
8497,531
8498,11117
8499,529
8500,10960
8501,523
8502,10812
8503,532
8504,11325
8505,537
8506,11299
8507,533
8508,11142
8509,522
8510,12993
8511,564
8512,11563
8513,554
8514,11376
8515,524
8516,11155
8517,520
8518,10855
8519,518
8520,11037
8521,532
8522,11670
8523,524
8524,11221
8525,527
8526,11208
8527,539
8528,11338
8529,531
8530,11346
8531,549
8532,11154
8533,520
8534,15517
8535,546
8536,11205
8537,523
8538,11249
8539,544
8540,11586
8541,549
8542,13138
8543,602
8544,11480
8545,517
8546,11260
8547,516
8548,11112
8549,469
8550,11741
8551,555
8552,11686
8553,531
8554,11228
8555,537
8556,10968
8557,533
8558,10998
8559,550
8560,11283
8561,519
8562,11188
8563,524
8564,11202
8565,547
8566,11101
8567,525
8568,11263
8569,547
8570,11459
8571,540
8572,11306
8573,528
8574,12955
8575,534
8576,11087
8577,521
8578,10865
8579,508
8580,11246
8581,535
8582,11170
8583,525
8584,11255
8585,529
8586,11029
8587,516
8588,11104
8589,524
8590,11058
8591,532
8592,11422
8593,526
8594,11016
8595,537
8596,10921
8597,518
8598,11061
8599,512
8600,10832
8601,545
8602,11377
8603,531
8604,11303
8605,519
8606,12994
8607,547
8608,11788
8609,513
8610,11285
8611,524
8612,11028
8613,518
8614,11639
8615,517
8616,11165
8617,523
8618,11270
8619,541
8620,11150
8621,580
8622,11520
8623,550
8624,11660
8625,529
8626,11305
8627,545
8628,11210
8629,530
8630,11183
8631,518
8632,11315
8633,541
8634,11466
8635,543
8636,11087
8637,519
8638,12713
8639,535
8640,11363
8641,528
8642,11315
8643,560
8644,11429
8645,523
8646,11429
8647,577
8648,11261
8649,517
8650,11280
8651,522
8652,11217
8653,524
8654,11037
8655,539
8656,11399
8657,529
8658,11200
8659,556
8660,10927
8661,526
8662,15884
8663,550
8664,11992
8665,536
8666,11655
8667,582
8668,11352
8669,549
8670,13009
8671,537
8672,12485
8673,528
8674,11420
8675,520
8676,11408
8677,520
8678,11474
8679,527
8680,11193
8681,532
8682,11118
8683,519
8684,11039
8685,534
8686,11323
8687,542
8688,11673
8689,580
8690,11554
8691,545
8692,11350
8693,555
8694,11275
8695,522
8696,11214
8697,538
8698,11235
8699,478
8700,12157
8701,555
8702,13521
8703,558
8704,11521
8705,620
8706,11643
8707,531
8708,11325
8709,556
8710,11669
8711,549
8712,11564
8713,575
8714,11506
8715,528
8716,11371
8717,537
8718,11233
8719,528
8720,11448
8721,568
8722,11380
8723,562
8724,11373
8725,527
8726,11176
8727,524
8728,10953
8729,538
8730,11086
8731,562
8732,11350
8733,534
8734,13469
8735,548
8736,11825
8737,535
8738,11366
8739,532
8740,11189
8741,530
8742,11374
8743,551
8744,11241
8745,525
8746,11039
8747,539
8748,11350
8749,532
8750,10900
8751,522
8752,10920
8753,521
8754,10844
8755,519
8756,11217
8757,529
8758,11679
8759,526
8760,11490
8761,546
8762,11179
8763,525
8764,11363
8765,526
8766,13270
8767,526
8768,11495
8769,537
8770,11079
8771,589
8772,12365
8773,565
8774,14042
8775,593
8776,12241
8777,529
8778,11198
8779,576
8780,11006
8781,527
8782,11504
8783,624
8784,12047
8785,521
8786,11991
8787,600
8788,12148
8789,629
8790,17707
8791,536
8792,12044
8793,584
8794,11657
8795,549
8796,11681
8797,576
8798,13818
8799,571
8800,12127
8801,544
8802,11565
8803,545
8804,11414
8805,578
8806,11492
8807,533
8808,11404
8809,529
8810,11588
8811,537
8812,11551
8813,544
8814,11411
8815,522
8816,11481
8817,536
8818,11419
8819,524
8820,11401
8821,533
8822,11514
8823,527
8824,11622
8825,542
8826,11502
8827,521
8828,11478
8829,530
8830,12990
8831,563
8832,11448
8833,520
8834,11464
8835,526
8836,11565
8837,520
8838,11323
8839,531
8840,11335
8841,541
8842,11380
8843,555
8844,11329
8845,525
8846,11409
8847,534
8848,11448
8849,528
8850,11392
8851,525
8852,11499
8853,538
8854,11404
8855,508
8856,11238
8857,519
8858,11159
8859,533
8860,11327
8861,535
8862,13138
8863,538
8864,11528
8865,533
8866,11552
8867,529
8868,11315
8869,511
8870,11505
8871,539
8872,11261
8873,543
8874,11396
8875,546
8876,11548
8877,531
8878,11415
8879,539
8880,11222
8881,528
8882,11301
8883,521
8884,11329
8885,556
8886,11572
8887,445
8888,12043
8889,477
8890,544530
8891,1923
8892,31269
8893,847
8894,22410
8895,781
8896,14517
8897,700
8898,13719
8899,592
8900,13959
8901,591
8902,13291
8903,524
8904,12520
8905,646
8906,11866
8907,520
8908,11860
8909,511
8910,11620
8911,515
8912,12570
8913,581
8914,11408
8915,519
8916,21030
8917,519
8918,11821
8919,516
8920,12000
8921,535
8922,11730
8923,521
8924,11582
8925,522
8926,2391902
8927,2346
8928,33291
8929,1280
8930,19287
8931,946
8932,15025
8933,789
8934,14455
8935,722
8936,13499
8937,900
8938,12799
8939,680
8940,12371
8941,666
8942,12836
8943,733
8944,12112
8945,536
8946,12476
8947,588
8948,11942
8949,527
8950,12121
8951,523
8952,11964
8953,530
8954,11852
8955,532
8956,16802
8957,526
8958,11600
8959,525
8960,11729
8961,543
8962,11520
8963,538
8964,11546
8965,539
8966,11405
8967,532
8968,11521
8969,523
8970,11461
8971,564
8972,11579
8973,525
8974,11414
8975,555
8976,11725
8977,563
8978,12050
8979,530
8980,12336
8981,531
8982,12190
8983,486
8984,11890
8985,554
8986,12058
8987,513
8988,13610
8989,524
8990,11726
8991,473
8992,11515
8993,460
8994,11699
8995,584
8996,11880
8997,531
8998,11848
8999,523
9000,11786
9001,523
9002,11520
9003,531
9004,11536
9005,522
9006,11751
9007,523
9008,11915
9009,520
9010,11740
9011,500
9012,11682
9013,534
9014,11669
9015,584
9016,11642
9017,493
9018,11572
9019,567
9020,13691
9021,535
9022,11996
9023,527
9024,11267
9025,502
9026,11408
9027,545
9028,11013
9029,437
9030,11349
9031,537
9032,11449
9033,590
9034,11230
9035,513
9036,11121
9037,510
9038,11632
9039,480
9040,11433
9041,479
9042,10761
9043,481
9044,23508
9045,545
9046,12243
9047,536
9048,11761
9049,500
9050,11391
9051,590
9052,14798
9053,601
9054,12533
9055,553
9056,11609
9057,547
9058,11988
9059,567
9060,12221
9061,466
9062,12891
9063,553
9064,13261
9065,560
9066,13510
9067,564
9068,14467
9069,531
9070,13915
9071,759
9072,13066
9073,520
9074,12445
9075,544
9076,11531
9077,568
9078,13147
9079,526
9080,14012
9081,636
9082,13655
9083,566
9084,14432
9085,520
9086,12121
9087,517
9088,11991
9089,531
9090,11610
9091,523
9092,11431
9093,476
9094,12293
9095,501
9096,12607
9097,547
9098,13156
9099,560
9100,11906
9101,548
9102,12000
9103,517
9104,11747
9105,545
9106,11554
9107,533
9108,11213
9109,643
9110,11423
9111,566
9112,11247
9113,522
9114,11434
9115,523
9116,13749
9117,555
9118,124820
9119,1576
9120,19264
9121,684
9122,14164
9123,590
9124,13107
9125,584
9126,12263
9127,588
9128,11739
9129,544
9130,11562
9131,522
9132,11397
9133,525
9134,11480
9135,559
9136,11496
9137,544
9138,11429
9139,522
9140,11512
9141,526
9142,11299
9143,518
9144,11460
9145,523
9146,11528
9147,524
9148,14824
9149,547
9150,11749
9151,534
9152,11410
9153,525
9154,11778
9155,521
9156,11467
9157,524
9158,11496
9159,517
9160,11072
9161,518
9162,11398
9163,514
9164,11345
9165,524
9166,11356
9167,542
9168,11441
9169,522
9170,11329
9171,520
9172,19756
9173,579
9174,11658
9175,542
9176,11396
9177,521
9178,11272
9179,526
9180,13358
9181,517
9182,11595
9183,526
9184,11484
9185,523
9186,11327
9187,537
9188,11315
9189,508
9190,11528
9191,530
9192,11440
9193,521
9194,11469
9195,554
9196,11314
9197,589
9198,11228
9199,505
9200,11194
9201,547
9202,11065
9203,548
9204,11079
9205,552
9206,11712
9207,524
9208,11412
9209,501
9210,12376
9211,548
9212,13586
9213,547
9214,12489
9215,557
9216,11675
9217,575
9218,12540
9219,523
9220,11916
9221,546
9222,11724
9223,522
9224,11668
9225,526
9226,11623
9227,527
9228,11737
9229,565
9230,11358
9231,507
9232,11411
9233,521
9234,11267
9235,521
9236,11208
9237,544
9238,11386
9239,503
9240,11481
9241,524
9242,11589
9243,564
9244,13266
9245,569
9246,11915
9247,530
9248,11690
9249,531
9250,11590
9251,522
9252,11288
9253,518
9254,11373
9255,546
9256,11368
9257,523
9258,11599
9259,535
9260,11484
9261,534
9262,11243
9263,522
9264,11530
9265,520
9266,11176
9267,528
9268,11284
9269,526
9270,11461
9271,525
9272,11318
9273,531
9274,11564
9275,542
9276,13188
9277,525
9278,11614
9279,523
9280,11584
9281,552
9282,11620
9283,534
9284,11648
9285,535
9286,11508
9287,502
9288,11285
9289,541
9290,11513
9291,538
9292,11483
9293,517
9294,11594
9295,559
9296,11440
9297,524
9298,11296
9299,634
9300,17037
9301,570
9302,11768
9303,568
9304,11477
9305,513
9306,11378
9307,550
9308,13200
9309,550
9310,11447
9311,588
9312,11718
9313,541
9314,12079
9315,584
9316,11556
9317,535
9318,11932
9319,519
9320,11628
9321,530
9322,11608
9323,529
9324,11710
9325,483
9326,11730
9327,512
9328,11709
9329,537
9330,11640
9331,525
9332,11923
9333,583
9334,11989
9335,535
9336,11839
9337,519
9338,11699
9339,514
9340,13692
9341,518
9342,11743
9343,528
9344,11986
9345,519
9346,11647
9347,532
9348,10952
9349,502
9350,12831
9351,597
9352,12486
9353,520
9354,11598
9355,478
9356,11690
9357,473
9358,12009
9359,545
9360,11250
9361,529
9362,11710
9363,550
9364,11997
9365,558
9366,11575
9367,533
9368,11482
9369,526
9370,12165
9371,519
9372,13324
9373,518
9374,11762
9375,533
9376,11240
9377,484
9378,12288
9379,537
9380,11926
9381,542
9382,11388
9383,539
9384,11807
9385,560
9386,11757
9387,564
9388,11248
9389,562
9390,12153
9391,564
9392,11714
9393,520
9394,11132
9395,515
9396,12001
9397,564
9398,11442
9399,535
9400,11355
9401,540
9402,11896
9403,565
9404,13816
9405,558
9406,11832
9407,538
9408,63669
9409,649
9410,46723
9411,679
9412,17670
9413,557
9414,12278
9415,548
9416,11397
9417,535
9418,11333
9419,523
9420,11248
9421,520
9422,11307
9423,575
9424,11392
9425,552
9426,19543
9427,558
9428,11558
9429,556
9430,11309
9431,535
9432,11198
9433,512
9434,10752
9435,435
9436,12400
9437,448
9438,10091
9439,421
9440,10008
9441,405
9442,10689
9443,472
9444,10694
9445,488
9446,10219
9447,472
9448,10640
9449,576
9450,10043
9451,650
9452,10574
9453,536
9454,10800
9455,440
9456,11071
9457,477
9458,10400
9459,484
9460,10147
9461,397
9462,10864
9463,456
9464,10851
9465,454
9466,10282
9467,418
9468,11735
9469,465
9470,11134
9471,477
9472,10833
9473,470
9474,10545
9475,505
9476,11046
9477,423
9478,11272
9479,437
9480,10715
9481,450
9482,10524
9483,479
9484,10517
9485,505
9486,10363
9487,507
9488,11260
9489,475
9490,10349
9491,426
9492,10187
9493,436
9494,9612
9495,419
9496,10598
9497,462
9498,11212
9499,527
9500,12798
9501,501
9502,11642
9503,481
9504,10956
9505,519
9506,10745
9507,520
9508,11189
9509,446
9510,11406
9511,436
9512,11481
9513,597
9514,11390
9515,504
9516,10884
9517,509
9518,10998
9519,516
9520,11186
9521,524
9522,11003
9523,509
9524,10835
9525,476
9526,10882
9527,500
9528,11647
9529,518
9530,11113
9531,558
9532,13036
9533,505
9534,11291
9535,443
9536,11820
9537,537
9538,11599
9539,524
9540,11674
9541,547
9542,11724
9543,532
9544,11111
9545,527
9546,11433
9547,520
9548,11062
9549,518
9550,11040
9551,531
9552,11006
9553,534
9554,20133
9555,512
9556,11360
9557,453
9558,518328
9559,1109
9560,17810
9561,632
9562,13713
9563,517
9564,14164
9565,512
9566,11039
9567,481
9568,10883
9569,474
9570,11334
9571,486
9572,11000
9573,476
9574,10475
9575,511
9576,11089
9577,467
9578,10606
9579,438
9580,10016
9581,426
9582,10571
9583,541
9584,11597
9585,514
9586,10770
9587,479
9588,10782
9589,476
9590,10481
9591,470
9592,10421
9593,482
9594,11551
9595,529
9596,13731
9597,532
9598,11561
9599,518
9600,11124
9601,517
9602,11007
9603,542
9604,11011
9605,505
9606,11021
9607,533
9608,11810
9609,531
9610,11326
9611,523
9612,11088
9613,514
9614,11129
9615,475
9616,11827
9617,563
9618,12067
9619,531
9620,11595
9621,526
9622,12410
9623,484
9624,12384
9625,585
9626,11822
9627,521
9628,13053
9629,516
9630,11397
9631,541
9632,11675
9633,553
9634,11724
9635,551
9636,11395
9637,542
9638,11291
9639,526
9640,11677
9641,560
9642,12066
9643,528
9644,11688
9645,492
9646,12041
9647,547
9648,12145
9649,548
9650,11647
9651,527
9652,11388
9653,504
9654,12091
9655,477
9656,11404
9657,582
9658,11961
9659,531
9660,13717
9661,561
9662,11949
9663,513
9664,12057
9665,537
9666,11832
9667,523
9668,12005
9669,521
9670,11741
9671,539
9672,11951
9673,555
9674,11850
9675,537
9676,12139
9677,491
9678,11978
9679,506
9680,11954
9681,501
9682,20586
9683,507
9684,12208
9685,493
9686,11921
9687,586
9688,12576
9689,560
9690,12622
9691,546
9692,14992
9693,509
9694,12924
9695,480
9696,12349
9697,540
9698,11885
9699,548
9700,12160
9701,503
9702,11669
9703,487
9704,11610
9705,475
9706,11918
9707,544
9708,22688
9709,534
9710,9017
9711,319
9712,6674
9713,301
9714,6227
9715,281
9716,6189
9717,280
9718,6095
9719,285
9720,6325
9721,279
9722,6266
9723,283
9724,8481
9725,285
9726,6433
9727,289
9728,6073
9729,363
9730,6986
9731,331
9732,6525
9733,283
9734,6177
9735,280
9736,6073
9737,272
9738,6151
9739,274
9740,6022
9741,310
9742,6044
9743,278
9744,5948
9745,303
9746,6095
9747,311
9748,6085
9749,284
9750,6092
9751,281
9752,5968
9753,297
9754,6099
9755,280
9756,7265
9757,289
9758,6355
9759,288
9760,6200
9761,284
9762,6202
9763,275
9764,6100
9765,273
9766,6019
9767,280
9768,6055
9769,279
9770,5963
9771,278
9772,6162
9773,312
9774,6302
9775,316
9776,6116
9777,283
9778,6461
9779,296
9780,6015
9781,279
9782,6093
9783,262
9784,6004
9785,276
9786,6047
9787,314
9788,7275
9789,364
9790,6289
9791,316
9792,6014
9793,279
9794,6275
9795,302
9796,6128
9797,286
9798,6066
9799,285
9800,6030
9801,282
9802,6036
9803,289
9804,6237
9805,336
9806,6085
9807,321
9808,6797
9809,418
9810,11908
9811,321
9812,6630
9813,280
9814,6247
9815,275
9816,6144
9817,268
9818,6146
9819,275
9820,7259
9821,286
9822,6352
9823,286
9824,6157
9825,298
9826,6181
9827,311
9828,6168
9829,272
9830,6111
9831,273
9832,6073
9833,275
9834,6050
9835,271
9836,6073
9837,258
9838,6039
9839,325
9840,6063
9841,270
9842,6084
9843,302
9844,6082
9845,255
9846,6096
9847,286
9848,6042
9849,266
9850,6120
9851,270
9852,7078
9853,282
9854,6286
9855,280
9856,6001
9857,282
9858,6080
9859,273
9860,5880
9861,273
9862,6061
9863,272
9864,6040
9865,289
9866,6088
9867,265
9868,5878
9869,264
9870,6042
9871,270
9872,5958
9873,267
9874,6104
9875,273
9876,6088
9877,273
9878,6029
9879,270
9880,5958
9881,273
9882,6083
9883,265
9884,7139
9885,277
9886,11962
9887,324
9888,6797
9889,285
9890,6260
9891,313
9892,6037
9893,282
9894,6066
9895,269
9896,6077
9897,272
9898,6071
9899,255
9900,6093
9901,271
9902,6220
9903,265
9904,5944
9905,267
9906,6034
9907,256
9908,6033
9909,275
9910,6054
9911,272
9912,6065
9913,279
9914,5983
9915,282
9916,7237
9917,284
9918,6298
9919,286
9920,6018
9921,283
9922,6157
9923,280
9924,6139
9925,284
9926,6040
9927,264
9928,6104
9929,279
9930,6078
9931,301
9932,6038
9933,277
9934,6000
9935,261
9936,6040
9937,277
9938,6043
9939,3837
9940,7008
9941,286
9942,6319
9943,291
9944,5988
9945,270
9946,5994
9947,286
9948,7106
9949,276
9950,6328
9951,285
9952,6165
9953,283
9954,6080
9955,276
9956,6001
9957,282
9958,6055
9959,278
9960,6003
9961,280
9962,6057
9963,280
9964,5996
9965,310
9966,5997
9967,272
9968,6010
9969,280
9970,6123
9971,278
9972,6090
9973,297
9974,6114
9975,265
9976,6005
9977,306
9978,6133
9979,296
9980,7012
9981,283
9982,6249
9983,296
9984,6046
9985,296
9986,6042
9987,305
9988,6014
9989,294
9990,6107
9991,270
9992,6239
9993,261
9994,6036
9995,279
9996,5976
9997,280
9998,6117
9999,282
10000,5966
10001,274
10002,6152
10003,279
10004,5964
10005,302
10006,5950
10007,271
10008,5969
10009,290
10010,6013
10011,275
10012,7103
10013,287
10014,6310
10015,308
10016,6108
10017,284
10018,6037
10019,280
10020,5967
10021,271
10022,5994
10023,341
10024,5912
10025,281
10026,6017
10027,309
10028,5932
10029,269
10030,5949
10031,294
10032,5992
10033,261
10034,6024
10035,267
10036,6044
10037,312
10038,6022
10039,262
10040,6067
10041,295
10042,6000
10043,263
10044,7265
10045,298
10046,6267
10047,308
10048,6078
10049,318
10050,6055
10051,268
10052,6063
10053,279
10054,5986
10055,296
10056,6076
10057,296
10058,6022
10059,271
10060,6065
10061,312
10062,6050
10063,288
10064,6064
10065,273
10066,6127
10067,3354
10068,6659
10069,282
10070,6093
10071,279
10072,6004
10073,281
10074,5915
10075,275
10076,7141
10077,277
10078,6316
10079,281
10080,6052
10081,305
10082,6020
10083,316
10084,6079
10085,292
10086,6056
10087,284
10088,6036
10089,294
10090,6197
10091,282
10092,6028
10093,284
10094,6038
10095,302
10096,6154
10097,288
10098,6113
10099,272
10100,6090
10101,261
10102,6006
10103,271
10104,5955
10105,270
10106,6012
10107,260
10108,7161
10109,283
10110,6411
10111,311
10112,6075
10113,283
10114,6085
10115,347
10116,6105
10117,303
10118,6202
10119,306
10120,6043
10121,300
10122,6065
10123,289
10124,6006
10125,285
10126,6111
10127,266
10128,5970
10129,270
10130,6026
10131,265
10132,6066
10133,314
10134,6116
10135,297
10136,6114
10137,277
10138,6076
10139,280
10140,7062
10141,285
10142,6356
10143,286
10144,6091
10145,284
10146,6077
10147,280
10148,6021
10149,265
10150,6047
10151,275
10152,6013
10153,285
10154,6033
10155,282
10156,6043
10157,274
10158,5983
10159,285
10160,6020
10161,277
10162,6055
10163,283
10164,6065
10165,280
10166,6204
10167,306
10168,6015
10169,287
10170,6008
10171,281
10172,7153
10173,285
10174,6184
10175,286
10176,6049
10177,350
10178,6189
10179,307
10180,5999
10181,308
10182,6102
10183,285
10184,6110
10185,283
10186,5962
10187,281
10188,6031
10189,284
10190,6159
10191,302
10192,6102
10193,332
10194,6173
10195,3154
10196,6641
10197,289
10198,6362
10199,277
10200,6196
10201,314
10202,6135
10203,318
10204,7366
10205,320
10206,6257
10207,282
10208,6065
10209,311
10210,5957
10211,286
10212,6161
10213,295
10214,6139
10215,280
10216,6018
10217,294
10218,6218
10219,307
10220,6023
10221,296
10222,6206
10223,311
10224,6142
10225,308
10226,6081
10227,302
10228,6035
10229,317
10230,6135
10231,287
10232,6097
10233,289
10234,6060
10235,286
10236,7300
10237,309
10238,6226
10239,281
10240,6163
10241,356
10242,6717
10243,316
10244,6223
10245,280
10246,6133
10247,277
10248,6031
10249,303
10250,5992
10251,277
10252,6094
10253,279
10254,6024
10255,274
10256,5973
10257,279
10258,6001
10259,273
10260,6040
10261,258
10262,6039
10263,300
10264,5892
10265,275
10266,5932
10267,275
10268,7068
10269,279
10270,6297
10271,278
10272,6124
10273,314
10274,5994
10275,280
10276,5946
10277,310
10278,5987
10279,279
10280,6093
10281,265
10282,6066
10283,295
10284,5991
10285,283
10286,6129
10287,287
10288,5961
10289,277
10290,6045
10291,293
10292,6019
10293,279
10294,6031
10295,277
10296,6005
10297,277
10298,6164
10299,272
10300,7094
10301,312
10302,6297
10303,278
10304,6029
10305,276
10306,6063
10307,280
10308,6088
10309,271
10310,6013
10311,276
10312,6129
10313,278
10314,5997
10315,279
10316,6042
10317,286
10318,5961
10319,301
10320,5961
10321,279
10322,6236
10323,3198
10324,6763
10325,306
10326,6315
10327,275
10328,6083
10329,268
10330,6062
10331,270
10332,7094
10333,278
10334,6161
10335,295
10336,6093
10337,311
10338,6013
10339,273
10340,6043
10341,272
10342,6025
10343,309
10344,6058
10345,260
10346,5906
10347,271
10348,5938
10349,259
10350,5947
10351,267
10352,6057
10353,271
10354,6040
10355,308
10356,5989
10357,268
10358,6062
10359,265
10360,6002
10361,311
10362,5979
10363,291
10364,7113
10365,320
10366,6161
10367,270
10368,5966
10369,283
10370,5888
10371,289
10372,5966
10373,271
10374,6031
10375,274
10376,6000
10377,268
10378,6040
10379,304
10380,6025
10381,262
10382,5922
10383,290
10384,5929
10385,271
10386,5997
10387,259
10388,5986
10389,270
10390,5940
10391,271
10392,5997
10393,270
10394,6065
10395,263
10396,7215
10397,287
10398,6194
10399,295
10400,5974
10401,284
10402,6168
10403,277
10404,6061
10405,304
10406,5936
10407,271
10408,6016
10409,276
10410,6038
10411,269
10412,6054
10413,267
10414,5978
10415,272
10416,5922
10417,269
10418,6192
10419,303
10420,5961
10421,300
10422,5951
10423,270
10424,6071
10425,277
10426,6062
10427,308
10428,7212
10429,280
10430,6316
10431,258
10432,6073
10433,300
10434,6048
10435,270
10436,5943
10437,258
10438,5965
10439,318
10440,6015
10441,275
10442,6099
10443,271
10444,5964
10445,271
10446,6040
10447,272
10448,6038
10449,3333
10450,6803
10451,309
10452,6223
10453,286
10454,6010
10455,261
10456,6122
10457,275
10458,6009
10459,276
10460,7211
10461,281
10462,6208
10463,268
10464,5933
10465,269
10466,5944
10467,271
10468,5994
10469,272
10470,5997
10471,269
10472,6100
10473,275
10474,6084
10475,320
10476,6101
10477,294
10478,6036
10479,272
10480,5950
10481,268
10482,5983
10483,270
10484,5989
10485,272
10486,5907
10487,297
10488,5980
10489,270
10490,5981
10491,301
10492,7018
10493,282
10494,6195
10495,287
10496,5997
10497,280
10498,6095
10499,274
10500,6088
10501,278
10502,6105
10503,273
10504,6093
10505,274
10506,6124
10507,263
10508,6008
10509,280
10510,5951
10511,272
10512,5983
10513,273
10514,6110
10515,261
10516,6038
10517,263
10518,5991
10519,263
10520,6088
10521,275
10522,5971
10523,272
10524,7370
10525,299
10526,56810
10527,449
10528,8131
10529,310
10530,6519
10531,283
10532,5973
10533,271
10534,6010
10535,265
10536,38324
10537,824
10538,29145
10539,487
10540,7128
10541,315
10542,6163
10543,264
10544,6106
10545,264
10546,6044
10547,276
10548,6038
10549,309
10550,6044
10551,278
10552,6047
10553,288
10554,25689
10555,507
10556,16438
10557,398
10558,8019
10559,338
10560,6870
10561,310
10562,6536
10563,297
10564,6337
10565,271
10566,1216828
10567,1907
10568,44293
10569,720
10570,16189
10571,595
10572,11992
10573,542
10574,12466
10575,545
10576,11703
10577,11082
10578,368396
10579,1995
10580,33123
10581,674
10582,14600
10583,531
10584,12231
10585,578
10586,12900
10587,488
10588,18132
10589,523
10590,12811
10591,575
10592,13174
10593,508
10594,13107
10595,583
10596,12922
10597,492
10598,11928
10599,497
10600,12406
10601,540
10602,11946
10603,399
10604,11764
10605,518
10606,12088
10607,451
10608,12575
10609,503
10610,13579
10611,575
10612,12555
10613,603
10614,12527
10615,532
10616,12343
10617,543
10618,11689
10619,489
10620,14227
10621,447
10622,11775
10623,465
10624,12827
10625,506
10626,11350
10627,473
10628,1335223
10629,2478
10630,250803
10631,803
10632,23974
10633,489
10634,10574
10635,430
10636,8122
10637,376
10638,7517
10639,307
10640,6931
10641,900
10642,14286
10643,400
10644,7523
10645,285
10646,6327
10647,305
10648,6204
10649,361
10650,6218
10651,273
10652,10665
10653,287
10654,6946
10655,328
10656,6363
10657,276
10658,6313
10659,280
10660,6351
10661,275
10662,6298
10663,275
10664,6203
10665,274
10666,6255
10667,282
10668,6188
10669,260
10670,6277
10671,307
10672,6246
10673,307
10674,6204
10675,280
10676,6131
10677,273
10678,6382
10679,310
10680,6179
10681,284
10682,6249
10683,282
10684,7895
10685,346
10686,6481
10687,286
10688,6361
10689,290
10690,6240
10691,281
10692,6244
10693,318
10694,6502
10695,273
10696,6162
10697,295
10698,6224
10699,320
10700,6241
10701,302
10702,6250
10703,303
10704,6483
10705,6441
10706,7558
10707,351
10708,6391
10709,309
10710,6232
10711,277
10712,6077
10713,276
10714,6367
10715,275
10716,7765
10717,337
10718,6598
10719,280
10720,6113
10721,273
10722,6028
10723,286
10724,6182
10725,285
10726,6236
10727,310
10728,6164
10729,309
10730,6312
10731,287
10732,6148
10733,299
10734,6016
10735,277
10736,6084
10737,265
10738,6141
10739,281
10740,6188
10741,316
10742,6163
10743,275
10744,6232
10745,417
10746,6125
10747,5557
10748,8427
10749,333
10750,6644
10751,308
10752,6157
10753,325
10754,6669
10755,300
10756,6373
10757,307
10758,6449
10759,397
10760,6477
10761,276
10762,6122
10763,295
10764,6242
10765,297
10766,6233
10767,276
10768,6356
10769,286
10770,6390
10771,292
10772,6261
10773,284
10774,6125
10775,277
10776,6184
10777,284
10778,6154
10779,285
10780,7651
10781,284
10782,6514
10783,301
10784,6224
10785,282
10786,6256
10787,274
10788,6190
10789,278
10790,6072
10791,290
10792,6157
10793,315
10794,6037
10795,279
10796,6223
10797,278
10798,6241
10799,275
10800,6138
10801,313
10802,6141
10803,281
10804,6156
10805,282
10806,6360
10807,306
10808,6223
10809,281
10810,6204
10811,325
10812,7623
10813,324
10814,6453
10815,294
10816,6246
10817,277
10818,6665
10819,276
10820,6641
10821,297
10822,6205
10823,277
10824,6374
10825,276
10826,6463
10827,284
10828,6113
10829,281
10830,6321
10831,299
10832,6797
10833,5137
10834,7843
10835,344
10836,6512
10837,315
10838,6501
10839,277
10840,6310
10841,295
10842,6328
10843,280
10844,8203
10845,299
10846,6342
10847,318
10848,6345
10849,285
10850,6318
10851,296
10852,6434
10853,286
10854,6533
10855,283
10856,6221
10857,318
10858,6195
10859,279
10860,6490
10861,322
10862,6409
10863,283
10864,6481
10865,309
10866,6397
10867,281
10868,6343
10869,310
10870,6323
10871,286
10872,6333
10873,316
10874,6112
10875,297
10876,7528
10877,351
10878,6638
10879,279
10880,6330
10881,300
10882,6211
10883,308
10884,6231
10885,321
10886,6312
10887,286
10888,6567
10889,279
10890,6450
10891,288
10892,6242
10893,278
10894,6396
10895,280
10896,6244
10897,282
10898,6242
10899,311
10900,6196
10901,311
10902,6241
10903,309
10904,6355
10905,284
10906,6265
10907,324
10908,7514
10909,302
10910,6562
10911,314
10912,6407
10913,277
10914,6124
10915,320
10916,6390
10917,299
10918,6316
10919,311
10920,6254
10921,309
10922,6279
10923,265
10924,6042
10925,276
10926,6201
10927,314
10928,6160
10929,274
10930,6203
10931,284
10932,6155
10933,294
10934,6088
10935,309
10936,6342
10937,283
10938,6194
10939,287
10940,7277
10941,306
10942,6398
10943,317
10944,6239
10945,308
10946,6223
10947,298
10948,6409
10949,299
10950,6074
10951,321
10952,6130
10953,278
10954,6080
10955,289
10956,6281
10957,285
10958,6150
10959,4796
10960,7030
10961,318
10962,6309
10963,281
10964,6199
10965,281
10966,230551
10967,2857
10968,22356
10969,342
10970,8401
10971,319
10972,9438
10973,300
10974,6905
10975,278
10976,6349
10977,322
10978,6238
10979,282
10980,43094
10981,474
10982,9895
10983,302
10984,6697
10985,292
10986,6405
10987,282
10988,6486
10989,269
10990,6214
10991,278
10992,6214
10993,279
10994,6030
10995,290
10996,6148
10997,303
10998,6120
10999,272
11000,6194
11001,261
11002,5988
11003,321
11004,8120
11005,285
11006,6559
11007,67964
11008,32937
11009,709
11010,11041
11011,405
11012,7775
11013,361
11014,7015
11015,280
11016,26555
11017,837
11018,20242
11019,616
11020,74132
11021,620
11022,13745
11023,354
11024,7221
11025,297
11026,6917
11027,283
11028,6394
11029,275
11030,6257
11031,337
11032,6116
11033,272
11034,8513
11035,295
11036,6469
11037,280
11038,6234
11039,320
11040,6096
11041,299
11042,6039
11043,260
11044,6122
11045,279
11046,6182
11047,276
11048,6097
11049,279
11050,6084
11051,280
11052,6064
11053,312
11054,6082
11055,281
11056,6160
11057,302
11058,6145
11059,292
11060,6148
11061,284
11062,6023
11063,293
11064,6116
11065,278
11066,7442
11067,322
11068,6331
11069,277
11070,6193
11071,277
11072,6078
11073,278
11074,6148
11075,313
11076,6240
11077,314
11078,6126
11079,280
11080,6070
11081,297
11082,6045
11083,280
11084,6015
11085,278
11086,6197
11087,9880
11088,7482
11089,299
11090,6545
11091,279
11092,6260
11093,284
11094,6161
11095,272
11096,6127
11097,282
11098,7470
11099,283
11100,6322
11101,277
11102,6208
11103,302
11104,6128
11105,281
11106,6084
11107,277
11108,6032
11109,296
11110,6124
11111,303
11112,6198
11113,274
11114,6215
11115,285
11116,6122
11117,272
11118,6165
11119,273
11120,6099
11121,272
11122,6145
11123,273
11124,6146
11125,277
11126,6166
11127,276
11128,6238
11129,305
11130,7286
11131,311
11132,6293
11133,278
11134,6106
11135,272
11136,6011
11137,271
11138,6174
11139,274
11140,6041
11141,291
11142,6128
11143,274
11144,6135
11145,271
11146,6159
11147,273
11148,6083
11149,262
11150,6167
11151,320
11152,6051
11153,278
11154,6254
11155,268
11156,6270
11157,277
11158,6128
11159,275
11160,6113
11161,300
11162,7200
11163,287
11164,6300
11165,312
11166,6128
11167,270
11168,6252
11169,279
11170,6239
11171,307
11172,6046
11173,264
11174,6149
11175,276
11176,6161
11177,311
11178,6058
11179,273
11180,6150
11181,274
11182,6205
11183,284
11184,6158
11185,280
11186,6037
11187,276
11188,6099
11189,276
11190,6040
11191,278
11192,6068
11193,273
11194,7345
11195,285
11196,6283
11197,325
11198,6099
11199,274
11200,6001
11201,274
11202,6029
11203,273
11204,6207
11205,276
11206,6101
11207,305
11208,6055
11209,274
11210,6098
11211,272
11212,6008
11213,296
11214,6127
11215,4160
11216,6876
11217,281
11218,6285
11219,283
11220,6278
11221,276
11222,6180
11223,280
11224,6128
11225,318
11226,7178
11227,332
11228,6273
11229,316
11230,6078
11231,301
11232,6103
11233,306
11234,6228
11235,308
11236,6181
11237,282
11238,6177
11239,265
11240,6041
11241,274
11242,6116
11243,297
11244,6063
11245,280
11246,6202
11247,275
11248,6042
11249,264
11250,6087
11251,317
11252,6047
11253,277
11254,6071
11255,275
11256,6077
11257,273
11258,7091
11259,284
11260,6089
11261,276
11262,6047
11263,279
11264,6054
11265,347
11266,6766
11267,313
11268,6496
11269,314
11270,6228
11271,273
11272,6036
11273,275
11274,6139
11275,274
11276,6078
11277,297
11278,6085
11279,273
11280,6054
11281,276
11282,6182
11283,275
11284,6027
11285,294
11286,6183
11287,279
11288,5941
11289,277
11290,7286
11291,281
11292,6230
11293,322
11294,6083
11295,281
11296,6046
11297,281
11298,6020
11299,277
11300,6045
11301,295
11302,6026
11303,276
11304,6003
11305,280
11306,6190
11307,279
11308,6124
11309,279
11310,6108
11311,283
11312,5944
11313,312
11314,6068
11315,278
11316,5991
11317,279
11318,6063
11319,278
11320,6030
11321,276
11322,7219
11323,280
11324,6205
11325,274
11326,6064
11327,275
11328,6084
11329,303
11330,6124
11331,275
11332,6076
11333,277
11334,6111
11335,279
11336,6001
11337,268
11338,6111
11339,276
11340,6088
11341,277
11342,6242
11343,4125
11344,6910
11345,295
11346,6276
11347,264
11348,6152
11349,271
11350,5993
11351,277
11352,6091
11353,276
11354,7274
11355,285
11356,6370
11357,307
11358,6087
11359,287
11360,6033
11361,280
11362,6158
11363,278
11364,6007
11365,274
11366,5973
11367,277
11368,6162
11369,270
11370,6083
11371,346
11372,6037
11373,270
11374,6130
11375,305
11376,5993
11377,261
11378,6152
11379,279
11380,6152
11381,270
11382,6211
11383,278
11384,6022
11385,261
11386,7040
11387,279
11388,6359
11389,278
11390,6244
11391,280
11392,6221
11393,260
11394,6176
11395,281
11396,6138
11397,280
11398,6123
11399,305
11400,6060
11401,272
11402,6118
11403,258
11404,6052
11405,261
11406,5957
11407,290
11408,6129
11409,274
11410,6181
11411,273
11412,6169
11413,279
11414,6091
11415,261
11416,6084
11417,276
11418,7208
11419,280
11420,6185
11421,301
11422,6042
11423,281
11424,6098
11425,257
11426,6049
11427,276
11428,6226
11429,261
11430,6208
11431,278
11432,6011
11433,273
11434,6061
11435,271
11436,6103
11437,278
11438,6035
11439,267
11440,6092
11441,280
11442,6065
11443,263
11444,6036
11445,280
11446,6042
11447,272
11448,6126
11449,268
11450,7085
11451,270
11452,6346
11453,299
11454,5976
11455,261
11456,6051
11457,274
11458,6181
11459,293
11460,6036
11461,277
11462,6116
11463,269
11464,6128
11465,257
11466,6024
11467,272
11468,6053
11469,3320
11470,6679
11471,282
11472,6048
11473,263
11474,6199
11475,272
11476,6266
11477,260
11478,6199
11479,279
11480,6043
11481,267
11482,7137
11483,283
11484,6252
11485,278
11486,6149
11487,282
11488,6007
11489,279
11490,6111
11491,273
11492,6127
11493,301
11494,6178
11495,302
11496,6135
11497,280
11498,6080
11499,282
11500,6035
11501,260
11502,6042
11503,280
11504,6050
11505,257
11506,5979
11507,312
11508,6008
11509,278
11510,6047
11511,270
11512,6046
11513,297
11514,7247
11515,279
11516,6326
11517,266
11518,6136
11519,308
11520,6094
11521,269
11522,6145
11523,269
11524,6121
11525,272
11526,6198
11527,270
11528,6092
11529,271
11530,5996
11531,284
11532,6152
11533,263
11534,6174
11535,281
11536,6027
11537,272
11538,6049
11539,280
11540,6134
11541,276
11542,6152
11543,272
11544,6054
11545,269
11546,7423
11547,279
11548,6377
11549,278
11550,6190
11551,264
11552,6017
11553,272
11554,5998
11555,279
11556,6072
11557,262
11558,6292
11559,279
11560,6122
11561,278
11562,6103
11563,278
11564,6113
11565,277
11566,6124
11567,278
11568,6230
11569,280
11570,6102
11571,278
11572,6067
11573,274
11574,5985
11575,280
11576,6136
11577,304
11578,7256
11579,287
11580,6171
11581,268
11582,6137
11583,279
11584,6091
11585,270
11586,6104
11587,270
11588,6034
11589,278
11590,6086
11591,282
11592,6192
11593,270
11594,6118
11595,256
11596,6382
11597,315
11598,9362
11599,314
11600,6310
11601,292
11602,6057
11603,281
11604,6033
11605,278
11606,6168
11607,303
11608,6009
11609,306
11610,7281
11611,282
11612,6368
11613,286
11614,5976
11615,297
11616,6124
11617,281
11618,6130
11619,282
11620,6161
11621,354
11622,6131
11623,295
11624,6206
11625,275
11626,6208
11627,279
11628,6155
11629,280
11630,6139
11631,302
11632,6080
11633,311
11634,6011
11635,260
11636,6088
11637,261
11638,6123
11639,270
11640,6076
11641,279
11642,7132
11643,277
11644,6193
11645,297
11646,6174
11647,272
11648,6211
11649,300
11650,6235
11651,280
11652,5999
11653,261
11654,6158
11655,260
11656,6172
11657,272
11658,6143
11659,260
11660,6017
11661,270
11662,6079
11663,259
11664,5969
11665,273
11666,6133
11667,277
11668,6068
11669,293
11670,6152
11671,271
11672,6051
11673,279
11674,7156
11675,302
11676,6244
11677,277
11678,6104
11679,270
11680,6122
11681,314
11682,6193
11683,266
11684,6043
11685,270
11686,6200
11687,280
11688,6197
11689,270
11690,6111
11691,268
11692,6128
11693,268
11694,6076
11695,279
11696,6009
11697,261
11698,6137
11699,304
11700,6040
11701,259
11702,6020
11703,278
11704,5987
11705,270
11706,7203
11707,279
11708,6387
11709,279
11710,6133
11711,273
11712,6080
11713,272
11714,6018
11715,280
11716,6009
11717,261
11718,6213
11719,309
11720,6027
11721,261
11722,6295
11723,278
11724,6194
11725,330
11726,9896
11727,285
11728,6474
11729,276
11730,6109
11731,274
11732,6101
11733,280
11734,6106
11735,276
11736,6188
11737,318
11738,7251
11739,310
11740,6245
11741,274
11742,6069
11743,271
11744,6173
11745,273
11746,6113
11747,297
11748,6084
11749,279
11750,6157
11751,273
11752,6087
11753,276
11754,6170
11755,293
11756,6162
11757,275
11758,6083
11759,284
11760,6030
11761,281
11762,6056
11763,274
11764,6109
11765,285
11766,6112
11767,279
11768,6124
11769,272
11770,7197
11771,312
11772,6127
11773,286
11774,6104
11775,270
11776,6060
11777,300
11778,6640
11779,294
11780,6284
11781,295
11782,6295
11783,287
11784,6096
11785,313
11786,6145
11787,273
11788,6074
11789,285
11790,6001
11791,282
11792,6077
11793,273
11794,6042
11795,282
11796,6147
11797,273
11798,6202
11799,282
11800,6125
11801,273
11802,7286
11803,285
11804,6227
11805,284
11806,6077
11807,287
11808,6152
11809,272
11810,6160
11811,273
11812,6044
11813,261
11814,6140
11815,280
11816,6131
11817,290
11818,6060
11819,292
11820,6075
11821,313
11822,6025
11823,284
11824,6156
11825,281
11826,6163
11827,280
11828,6048
11829,270
11830,6018
11831,283
11832,6108
11833,313
11834,7229
11835,296
11836,6186
11837,299
11838,6114
11839,280
11840,5999
11841,311
11842,6134
11843,279
11844,6166
11845,263
11846,6200
11847,281
11848,6044
11849,275
11850,6095
11851,277
11852,6079
11853,388
11854,9836
11855,320
11856,6397
11857,312
11858,6396
11859,277
11860,6222
11861,269
11862,6128
11863,290
11864,6051
11865,289
11866,7196
11867,297
11868,6246
11869,277
11870,6122
11871,274
11872,6040
11873,305
11874,6115
11875,278
11876,6044
11877,273
11878,6072
11879,271
11880,6029
11881,273
11882,6110
11883,273
11884,6108
11885,268
11886,6099
11887,272
11888,6026
11889,271
11890,6087
11891,295
11892,6115
11893,259
11894,6256
11895,272
11896,6087
11897,269
11898,7166
11899,293
11900,6226
11901,279
11902,6006
11903,311
11904,6146
11905,272
11906,6086
11907,271
11908,6036
11909,269
11910,6047
11911,260
11912,6157
11913,270
11914,6045
11915,290
11916,6066
11917,277
11918,6064
11919,270
11920,6105
11921,273
11922,6090
11923,269
11924,6233
11925,276
11926,6227
11927,271
11928,6153
11929,270
11930,7196
11931,271
11932,6261
11933,258
11934,6159
11935,272
11936,6193
11937,273
11938,6232
11939,290
11940,6042
11941,259
11942,5977
11943,259
11944,6036
11945,259
11946,6131
11947,271
11948,6155
11949,259
11950,6075
11951,271
11952,6114
11953,315
11954,6075
11955,300
11956,6076
11957,269
11958,6090
11959,269
11960,6044
11961,269
11962,7228
11963,278
11964,6252
11965,278
11966,6147
11967,307
11968,6044
11969,261
11970,6123
11971,299
11972,5991
11973,269
11974,6184
11975,259
11976,6095
11977,872
11978,10792
11979,316
11980,11995
11981,283
11982,6594
11983,280
11984,6327
11985,282
11986,6085
11987,275
11988,6019
11989,266
11990,6120
11991,263
11992,6004
11993,282
11994,7708
11995,275
11996,6324
11997,283
11998,6003
11999,297
12000,6159
12001,277
12002,6247
12003,297
12004,6040
12005,305
12006,6161
12007,281
12008,5908
12009,296
12010,5958
12011,293
12012,6025
12013,273
12014,6032
12015,275
12016,6103
12017,283
12018,6064
12019,276
12020,6110
12021,304
12022,5986
12023,266
12024,6003
12025,296
12026,7245
12027,277
12028,6216
12029,282
12030,6083
12031,267
12032,6122
12033,294
12034,6132
12035,276
12036,6033
12037,267
12038,6071
12039,309
12040,6034
12041,276
12042,6045
12043,308
12044,6138
12045,296
12046,6010
12047,273
12048,6157
12049,273
12050,6045
12051,273
12052,6114
12053,330
12054,6221
12055,282
12056,6047
12057,277
12058,7225
12059,279
12060,6233
12061,310
12062,6194
12063,271
12064,6076
12065,275
12066,6301
12067,312
12068,6135
12069,269
12070,6078
12071,260
12072,6109
12073,271
12074,6160
12075,273
12076,6088
12077,270
12078,6194
12079,295
12080,6120
12081,263
12082,6215
12083,298
12084,6090
12085,280
12086,6008
12087,262
12088,6142
12089,273
12090,7288
12091,299
12092,6360
12093,276
12094,6058
12095,256
12096,6070
12097,287
12098,6213
12099,275
12100,6000
12101,265
12102,6035
12103,311
12104,6011
12105,265
12106,6103
12107,302
12108,6059
12109,3312
12110,6854
12111,290
12112,6255
12113,274
12114,6141
12115,274
12116,6121
12117,260
12118,5955
12119,307
12120,6000
12121,291
12122,7255
12123,282
12124,6156
12125,274
12126,6057
12127,273
12128,6018
12129,270
12130,6053
12131,278
12132,6080
12133,318
12134,6080
12135,270
12136,6039
12137,297
12138,6078
12139,270
12140,6109
12141,300
12142,6136
12143,261
12144,6010
12145,293
12146,6156
12147,264
12148,6058
12149,271
12150,6063
12151,296
12152,6100
12153,285
12154,7280
12155,275
12156,6299
12157,255
12158,6207
12159,276
12160,5998
12161,269
12162,6080
12163,258
12164,6150
12165,286
12166,6135
12167,278
12168,6143
12169,279
12170,6247
12171,273
12172,6042
12173,277
12174,6098
12175,273
12176,6123
12177,278
12178,6102
12179,296
12180,6014
12181,275
12182,6107
12183,318
12184,6123
12185,279
12186,7333
12187,306
12188,6252
12189,268
12190,6301
12191,304
12192,6073
12193,308
12194,6058
12195,278
12196,5995
12197,278
12198,6046
12199,258
12200,6043
12201,280
12202,6081
12203,300
12204,6067
12205,273
12206,6180
12207,282
12208,6057
12209,276
12210,6077
12211,305
12212,5969
12213,273
12214,6021
12215,273
12216,5956
12217,272
12218,7276
12219,284
12220,6320
12221,278
12222,6082
12223,306
12224,6082
12225,307
12226,5962
12227,267
12228,5963
12229,259
12230,6022
12231,263
12232,6011
12233,271
12234,6022
12235,302
12236,5960
12237,259
12238,9175
12239,316
12240,6267
12241,260
12242,6120
12243,275
12244,6108
12245,267
12246,6081
12247,274
12248,6095
12249,310
12250,7435
12251,290
12252,6355
12253,272
12254,6156
12255,277
12256,6048
12257,272
12258,6240
12259,276
12260,6051
12261,277
12262,6076
12263,270
12264,6014
12265,262
12266,6121
12267,281
12268,6122
12269,276
12270,5969
12271,266
12272,6080
12273,289
12274,6086
12275,272
12276,6063
12277,277
12278,6113
12279,266
12280,5986
12281,287
12282,7391
12283,306
12284,6217
12285,277
12286,5975
12287,289
12288,5965
12289,270
12290,6100
12291,270
12292,6087
12293,271
12294,6038
12295,258
12296,6165
12297,258
12298,6128
12299,258
12300,6003
12301,271
12302,6005
12303,259
12304,6106
12305,268
12306,6056
12307,259
12308,5978
12309,256
12310,6164
12311,311
12312,5975
12313,258
12314,7216
12315,292
12316,6368
12317,275
12318,5983
12319,309
12320,6022
12321,268
12322,6072
12323,275
12324,6071
12325,266
12326,6142
12327,256
12328,6107
12329,263
12330,6079
12331,270
12332,6081
12333,260
12334,6146
12335,271
12336,6091
12337,270
12338,6057
12339,268
12340,6062
12341,272
12342,6127
12343,260
12344,6031
12345,262
12346,7249
12347,280
12348,6260
12349,277
12350,6064
12351,272
12352,6125
12353,278
12354,6104
12355,305
12356,6007
12357,267
12358,6035
12359,320
12360,5977
12361,268
12362,5985
12363,270
12364,5931
12365,271
12366,6000
12367,359
12368,9759
12369,306
12370,6414
12371,277
12372,6001
12373,260
12374,6025
12375,269
12376,6061
12377,315
12378,7389
12379,279
12380,6187
12381,325
12382,6021
12383,270
12384,6044
12385,256
12386,6043
12387,274
12388,6129
12389,266
12390,6074
12391,269
12392,5998
12393,336
12394,6085
12395,268
12396,6034
12397,269
12398,5999
12399,292
12400,5961
12401,272
12402,5953
12403,295
12404,6029
12405,257
12406,6029
12407,272
12408,6140
12409,288
12410,7177
12411,282
12412,6271
12413,306
12414,6081
12415,260
12416,6113
12417,272
12418,6082
12419,269
12420,6003
12421,269
12422,6017
12423,270
12424,6043
12425,273
12426,6226
12427,260
12428,6070
12429,276
12430,6092
12431,263
12432,6004
12433,291
12434,6043
12435,304
12436,6012
12437,291
12438,6258
12439,271
12440,6186
12441,260
12442,7368
12443,308
12444,6327
12445,276
12446,6162
12447,275
12448,6074
12449,258
12450,6107
12451,260
12452,5986
12453,259
12454,6038
12455,272
12456,6110
12457,279
12458,6124
12459,275
12460,6078
12461,270
12462,6057
12463,273
12464,6030
12465,268
12466,6147
12467,271
12468,6083
12469,273
12470,6032
12471,276
12472,6118
12473,257
12474,7238
12475,306
12476,6302
12477,265
12478,6164
12479,263
12480,6164
12481,269
12482,6097
12483,305
12484,6057
12485,266
12486,6175
12487,269
12488,6157
12489,272
12490,6078
12491,276
12492,6064
12493,319
12494,5910
12495,2969
12496,6611
12497,295
12498,6115
12499,259
12500,6040
12501,269
12502,6120
12503,267
12504,6123
12505,268
12506,7318
12507,278
12508,6271
12509,308
12510,6115
12511,269
12512,6127
12513,260
12514,6192
12515,311
12516,6086
12517,275
12518,6040
12519,273
12520,6043
12521,271
12522,6018
12523,274
12524,6038
12525,268
12526,6000
12527,321
12528,6140
12529,308
12530,6062
12531,277
12532,5995
12533,270
12534,5918
12535,272
12536,5977
12537,289
12538,7046
12539,274
12540,6224
12541,306
12542,6078
12543,270
12544,5968
12545,271
12546,6001
12547,268
12548,6135
12549,271
12550,5975
12551,258
12552,6118
12553,270
12554,6142
12555,259
12556,6163
12557,271
12558,6104
12559,297
12560,6089
12561,326
12562,6115
12563,271
12564,6200
12565,260
12566,6150
12567,303
12568,6187
12569,270
12570,7071
12571,281
12572,6202
12573,271
12574,6013
12575,259
12576,5958
12577,260
12578,6154
12579,270
12580,6005
12581,311
12582,6139
12583,262
12584,6090
12585,278
12586,6133
12587,264
12588,5952
12589,261
12590,6026
12591,304
12592,5961
12593,273
12594,6003
12595,272
12596,6141
12597,260
12598,6001
12599,293
12600,6009
12601,276
12602,7157
12603,281
12604,6218
12605,273
12606,6127
12607,311
12608,6100
12609,260
12610,5992
12611,259
12612,5960
12613,269
12614,6043
12615,272
12616,6222
12617,272
12618,6108
12619,294
12620,5973
12621,302
12622,6115
12623,3121
12624,6801
12625,277
12626,6322
12627,274
12628,6172
12629,291
12630,39937
12631,643
12632,29926
12633,521
12634,31129
12635,447
12636,38992
12637,405
12638,8209
12639,282
12640,6750
12641,280
12642,6364
12643,307
12644,6309
12645,308
12646,6149
12647,286
12648,6112
12649,300
12650,6320
12651,273
12652,6136
12653,264
12654,6164
12655,278
12656,6163
12657,282
12658,6190
12659,276
12660,6145
12661,267
12662,6148
12663,276
12664,6124
12665,278
12666,9068
12667,317
12668,6455
12669,295
12670,6175
12671,278
12672,6232
12673,293
12674,6185
12675,307
12676,6159
12677,281
12678,6074
12679,283
12680,6281
12681,340
12682,6209
12683,298
12684,6044
12685,287
12686,6042
12687,344
12688,6233
12689,285
12690,6487
12691,287
12692,6196
12693,284
12694,6153
12695,280
12696,6093
12697,292
12698,7241
12699,313
12700,6240
12701,283
12702,6198
12703,282
12704,6144
12705,282
12706,6166
12707,306
12708,6178
12709,283
12710,6188
12711,309
12712,6202
12713,285
12714,6249
12715,283
12716,6193
12717,284
12718,6279
12719,287
12720,6206
12721,284
12722,6176
12723,280
12724,6214
12725,293
12726,6237
12727,283
12728,6029
12729,279
12730,7156
12731,310
12732,6370
12733,329
12734,6110
12735,311
12736,6272
12737,324
12738,6346
12739,294
12740,6120
12741,303
12742,6159
12743,282
12744,6303
12745,299
12746,6315
12747,299
12748,6151
12749,310
12750,6100
12751,7609
12752,7620
12753,284
12754,6408
12755,285
12756,6111
12757,336
12758,6200
12759,285
12760,5971
12761,287
12762,7419
12763,315
12764,6468
12765,319
12766,6317
12767,287
12768,6156
12769,315
12770,6122
12771,298
12772,6200
12773,282
12774,6137
12775,281
12776,6344
12777,286
12778,6261
12779,305
12780,6090
12781,282
12782,6275
12783,282
12784,6264
12785,315
12786,6230
12787,285
12788,6256
12789,286
12790,6181
12791,279
12792,6116
12793,313
12794,7468
12795,303
12796,6491
12797,332
12798,6217
12799,282
12800,6255
12801,284
12802,6189
12803,286
12804,6123
12805,280
12806,6077
12807,296
12808,6150
12809,283
12810,6268
12811,286
12812,6157
12813,315
12814,6201
12815,305
12816,6197
12817,307
12818,6357
12819,310
12820,6249
12821,268
12822,6253
12823,280
12824,6312
12825,284
12826,7238
12827,291
12828,6320
12829,309
12830,6185
12831,302
12832,6188
12833,282
12834,6184
12835,302
12836,6250
12837,286
12838,6226
12839,283
12840,6298
12841,299
12842,6191
12843,312
12844,6173
12845,282
12846,6116
12847,265
12848,6162
12849,308
12850,6254
12851,288
12852,6212
12853,330
12854,6156
12855,293
12856,6366
12857,284
12858,7293
12859,308
12860,6414
12861,301
12862,6049
12863,288
12864,6176
12865,300
12866,6100
12867,283
12868,6322
12869,316
12870,6331
12871,307
12872,6131
12873,305
12874,6197
12875,288
12876,6169
12877,316
12878,6265
12879,3755
12880,6961
12881,316
12882,6510
12883,291
12884,6330
12885,284
12886,6392
12887,300
12888,6215
12889,287
12890,7352
12891,320
12892,6429
12893,288
12894,9854
12895,321
12896,6795
12897,297
12898,6392
12899,289
12900,6236
12901,289
12902,6299
12903,289
12904,6229
12905,284
12906,6127
12907,283
12908,6144
12909,284
12910,6225
12911,281
12912,6282
12913,285
12914,6368
12915,305
12916,37805
12917,356
12918,9134
12919,319
12920,6566
12921,283
12922,7925
12923,331
12924,6506
12925,283
12926,6180
12927,283
12928,6300
12929,330
12930,6412
12931,282
12932,6236
12933,283
12934,6183
12935,318
12936,6222
12937,310
12938,915201
12939,2676
12940,48149
12941,761
12942,14997
12943,507
12944,12766
12945,586
12946,12713
12947,531
12948,12404
12949,5608
12950,44197
12951,692
12952,17144
12953,590
12954,19251
12955,518
12956,13332
12957,593
12958,13416
12959,537
12960,13383
12961,561
12962,12599
12963,504
12964,12399
12965,574
12966,12560
12967,483
12968,12366
12969,575
12970,12495
12971,510
12972,12147
12973,555
12974,13232
12975,527
12976,13465
12977,590
12978,12886
12979,499
12980,11891
12981,539
12982,11659
12983,547
12984,12391
12985,474
12986,15233
12987,494
12988,643391
12989,1504
12990,34681
12991,639
12992,22187
12993,364
12994,7777
12995,304
12996,7340
12997,290
12998,6573
12999,327
13000,6460
13001,281
13002,6902
13003,303
13004,6369
13005,11640
13006,8050
13007,294
13008,6739
13009,284
13010,6612
13011,295
13012,6473
13013,278
13014,6329
13015,282
13016,6266
13017,282
13018,10124
13019,287
13020,6844
13021,301
13022,6271
13023,286
13024,6356
13025,335
13026,6302
13027,12688
13028,35164
13029,785
13030,16287
13031,546
13032,13493
13033,538
13034,12499
13035,563
13036,12733
13037,537
13038,11911
13039,553
13040,12603
13041,559
13042,22968
13043,1523
13044,14038
13045,543
13046,12246
13047,544
13048,13269
13049,553
13050,43386
13051,626
13052,14105
13053,499
13054,12075
13055,454
13056,12613
13057,590
13058,1551002
13059,2630
13060,103068
13061,1708
13062,18371
13063,435
13064,8626
13065,323
13066,7007
13067,284
13068,6524
13069,296
13070,6300
13071,301
13072,6239
13073,278
13074,6167
13075,285
13076,6202
13077,281
13078,6160
13079,277
13080,6159
13081,276
13082,9793
13083,269
13084,6787
13085,281
13086,6309
13087,278
13088,6183
13089,331
13090,6074
13091,284
13092,6205
13093,281
13094,6001
13095,281
13096,5998
13097,264
13098,6193
13099,281
13100,6075
13101,273
13102,6118
13103,279
13104,6113
13105,271
13106,6579
13107,311
13108,6170
13109,282
13110,6191
13111,273
13112,6061
13113,289
13114,7422
13115,290
13116,6256
13117,328
13118,6028
13119,274
13120,6155
13121,290
13122,6042
13123,278
13124,6216
13125,276
13126,6158
13127,281
13128,6089
13129,315
13130,5975
13131,261
13132,6181
13133,7342
13134,7263
13135,286
13136,6379
13137,276
13138,6262
13139,280
13140,6160
13141,284
13142,6059
13143,279
13144,6200
13145,264
13146,7351
13147,300
13148,6440
13149,277
13150,5999
13151,282
13152,6173
13153,275
13154,6263
13155,279
13156,6245
13157,280
13158,6087
13159,298
13160,6218
13161,313
13162,6034
13163,276
13164,6136
13165,279
13166,6056
13167,300
13168,5986
13169,274
13170,6111
13171,305
13172,6099
13173,277
13174,6091
13175,318
13176,6087
13177,282
13178,7524
13179,297
13180,6317
13181,300
13182,6206
13183,297
13184,6276
13185,304
13186,6073
13187,283
13188,6216
13189,276
13190,6188
13191,280
13192,6146
13193,289
13194,6142
13195,317
13196,6272
13197,283
13198,6032
13199,275
13200,6099
13201,277
13202,6069
13203,302
13204,6140
13205,277
13206,6147
13207,299
13208,6191
13209,311
13210,7519
13211,286
13212,6434
13213,280
13214,6117
13215,279
13216,6252
13217,285
13218,6052
13219,289
13220,42127
13221,1273
13222,17767
13223,668
13224,12125
13225,516
13226,10382
13227,476
13228,10284
13229,473
13230,10031
13231,504
13232,10389
13233,470
13234,9950
13235,479
13236,9978
13237,473
13238,10164
13239,467
13240,10586
13241,920
13242,15294
13243,536
13244,11962
13245,469
13246,11632
13247,541
13248,12498
13249,521
13250,12298
13251,557
13252,12514
13253,520
13254,11317
13255,566
13256,11770
13257,576
13258,12279
13259,562
13260,13327
13261,10732
13262,14337
13263,547
13264,12495
13265,546
13266,13065
13267,597
13268,13747
13269,550
13270,12556
13271,578
13272,12181
13273,570
13274,15387
13275,599
13276,13366
13277,576
13278,12745
13279,576
13280,14062
13281,548
13282,13736
13283,600
13284,13831
13285,565
13286,13382
13287,571
13288,13671
13289,557
13290,13433
13291,616
13292,13198
13293,577
13294,12935
13295,532
13296,13616
13297,553
13298,13182
13299,571
13300,13321
13301,518
13302,12855
13303,356
13304,7283
13305,287
13306,8172
13307,312
13308,6324
13309,301
13310,6061
13311,316
13312,6075
13313,330
13314,7570
13315,301
13316,6594
13317,288
13318,6269
13319,290
13320,6232
13321,285
13322,6120
13323,315
13324,6113
13325,289
13326,6675
13327,313
13328,6268
13329,285
13330,6159
13331,282
13332,6181
13333,297
13334,6092
13335,289
13336,6251
13337,285
13338,7571
13339,298
13340,6393
13341,315
13342,6221
13343,347
13344,6075
13345,282
13346,6086
13347,319
13348,6116
13349,321
13350,6078
13351,293
13352,6072
13353,331
13354,6202
13355,284
13356,6138
13357,284
13358,6173
13359,295
13360,6115
13361,284
13362,6054
13363,315
13364,12204
13365,338
13366,6756
13367,281
13368,6117
13369,285
13370,7483
13371,315
13372,6767
13373,291
13374,6401
13375,287
13376,6159
13377,285
13378,6316
13379,309
13380,6264
13381,311
13382,6263
13383,287
13384,6196
13385,278
13386,6195
13387,281
13388,6404
13389,5311
13390,7364
13391,311
13392,6765
13393,321
13394,6380
13395,301
13396,6214
13397,272
13398,6210
13399,293
13400,6095
13401,275
13402,15542
13403,322
13404,9476
13405,330
13406,6806
13407,283
13408,6184
13409,273
13410,6158
13411,275
13412,6028
13413,273
13414,6077
13415,274
13416,6034
13417,276
13418,6302
13419,269
13420,6014
13421,266
13422,6119
13423,275
13424,6031
13425,277
13426,6055
13427,301
13428,6648
13429,279
13430,6018
13431,266
13432,6141
13433,276
13434,8613
13435,293
13436,6505
13437,324
13438,6166
13439,272
13440,6133
13441,275
13442,6177
13443,310
13444,6399
13445,281
13446,6139
13447,278
13448,6080
13449,260
13450,6013
13451,284
13452,51141
13453,1042
13454,22194
13455,653
13456,14467
13457,574
13458,11499
13459,499
13460,11922
13461,535
13462,11607
13463,490
13464,11495
13465,524
13466,16530
13467,535
13468,61235
13469,802
13470,36081
13471,744
13472,30643
13473,837
13474,20761
13475,624
13476,14520
13477,505
13478,15333
13479,564
13480,14599
13481,590
13482,15316
13483,972
13484,20120
13485,577
13486,13678
13487,556
13488,12405
13489,477
13490,13482
13491,605
13492,13957
13493,495
13494,14416
13495,538
13496,14313
13497,545
13498,17948
13499,536
13500,12712
13501,744
13502,12802
13503,524
13504,12017
13505,514
13506,13496
13507,514
13508,137942
13509,754
13510,17003
13511,30312
13512,21498
13513,370
13514,9415
13515,9622
13516,8353
13517,359
13518,6837
13519,307
13520,6360
13521,280
13522,6617
13523,277
13524,6313
13525,275
13526,6349
13527,277
13528,6221
13529,278
13530,9215
13531,310
13532,6688
13533,300
13534,6292
13535,283
13536,6204
13537,281
13538,6234
13539,277
13540,6228
13541,282
13542,6175
13543,276
13544,6144
13545,276
13546,6215
13547,281
13548,6132
13549,266
13550,6147
13551,278
13552,6106
13553,294
13554,6094
13555,281
13556,6151
13557,306
13558,6344
13559,304
13560,6249
13561,264
13562,7310
13563,285
13564,6325
13565,310
13566,6171
13567,283
13568,6393
13569,280
13570,6285
13571,281
13572,6305
13573,280
13574,6253
13575,285
13576,6206
13577,281
13578,6167
13579,281
13580,6214
13581,282
13582,6210
13583,277
13584,6158
13585,280
13586,6104
13587,279
13588,6170
13589,291
13590,6285
13591,282
13592,6159
13593,308
13594,7246
13595,322
13596,6418
13597,280
13598,6116
13599,281
13600,6111
13601,311
13602,6316
13603,286
13604,6257
13605,280
13606,6158
13607,280
13608,6146
13609,323
13610,6146
13611,285
13612,6212
13613,291
13614,6139
13615,264
13616,6077
13617,275
13618,6185
13619,265
13620,6124
13621,323
13622,6326
13623,293
13624,6144
13625,278
13626,7365
13627,305
13628,6283
13629,316
13630,6157
13631,310
13632,6089
13633,275
13634,6240
13635,274
13636,6148
13637,264
13638,6151
13639,278
13640,6162
13641,278
13642,6268
13643,3641
13644,6971
13645,350
13646,6323
13647,292
13648,6199
13649,283
13650,6043
13651,280
13652,6241
13653,296
13654,6164
13655,280
13656,6187
13657,282
13658,7477
13659,297
13660,6429
13661,314
13662,6303
13663,280
13664,6169
13665,358
13666,6101
13667,282
13668,6358
13669,278
13670,6105
13671,294
13672,6054
13673,283
13674,6138
13675,320
13676,6121
13677,292
13678,6191
13679,322
13680,6129
13681,299
13682,6201
13683,288
13684,6044
13685,281
13686,6088
13687,278
13688,6036
13689,319
13690,7362
13691,330
13692,85532
13693,740
13694,17360
13695,623
13696,13089
13697,480
13698,11512
13699,515
13700,182088
13701,1959
13702,16441
13703,347
13704,8038
13705,303
13706,6672
13707,325
13708,6331
13709,321
13710,6273
13711,264
13712,6186
13713,282
13714,6199
13715,282
13716,6167
13717,283
13718,6230
13719,280
13720,6188
13721,276
13722,9117
13723,299
13724,6615
13725,284
13726,6358
13727,280
13728,6314
13729,281
13730,6485
13731,291
13732,6162
13733,261
13734,6108
13735,284
13736,6283
13737,276
13738,6203
13739,307
13740,6259
13741,279
13742,6218
13743,295
13744,6180
13745,307
13746,6185
13747,298
13748,6255
13749,336
13750,6191
13751,307
13752,6180
13753,269
13754,7370
13755,318
13756,6442
13757,282
13758,6319
13759,283
13760,6149
13761,263
13762,6207
13763,277
13764,6251
13765,330
13766,6267
13767,285
13768,6127
13769,275
13770,6138
13771,9883
13772,7490
13773,288
13774,6616
13775,283
13776,6229
13777,283
13778,6267
13779,297
13780,6263
13781,299
13782,6244
13783,314
13784,6206
13785,298
13786,7273
13787,297
13788,6377
13789,316
13790,6211
13791,299
13792,6148
13793,286
13794,6146
13795,301
13796,6161
13797,311
13798,6085
13799,280
13800,6157
13801,276
13802,6217
13803,287
13804,6146
13805,286
13806,6153
13807,310
13808,6193
13809,308
13810,6180
13811,295
13812,6230
13813,295
13814,6190
13815,287
13816,6274
13817,297
13818,7194
13819,288
13820,6398
13821,284
13822,6176
13823,281
13824,6159
13825,409
13826,7107
13827,315
13828,6584
13829,275
13830,6145
13831,294
13832,6172
13833,283
13834,6232
13835,297
13836,6190
13837,272
13838,6409
13839,278
13840,6286
13841,278
13842,6093
13843,289
13844,6373
13845,269
13846,6310
13847,280
13848,6217
13849,278
13850,7455
13851,284
13852,6583
13853,284
13854,6316
13855,300
13856,6246
13857,327
13858,6185
13859,314
13860,6169
13861,279
13862,6113
13863,284
13864,6092
13865,282
13866,6292
13867,319
13868,6270
13869,280
13870,6215
13871,300
13872,6197
13873,276
13874,6131
13875,267
13876,6170
13877,306
13878,6158
13879,300
13880,6127
13881,273
13882,7320
13883,288
13884,6419
13885,284
13886,6192
13887,278
13888,6185
13889,300
13890,6168
13891,287
13892,6202
13893,288
13894,6294
13895,343
13896,6284
13897,321
13898,6601
13899,4151
13900,6693
13901,297
13902,6170
13903,276
13904,6170
13905,275
13906,6159
13907,281
13908,6070
13909,262
13910,6171
13911,328
13912,6123
13913,281
13914,7381
13915,321
13916,6512
13917,282
13918,6283
13919,282
13920,6168
13921,301
13922,6251
13923,281
13924,6343
13925,274
13926,6122
13927,283
13928,6308
13929,280
13930,6145
13931,260
13932,6064
13933,281
13934,6223
13935,299
13936,6148
13937,279
13938,6202
13939,268
13940,6077
13941,291
13942,6088
13943,256
13944,6166
13945,292
13946,7231
13947,280
13948,6353
13949,280
13950,6355
13951,293
13952,6135
13953,294
13954,6226
13955,276
13956,6330
13957,281
13958,6133
13959,276
13960,6354
13961,272
13962,6125
13963,271
13964,6377
13965,278
13966,6271
13967,314
13968,6221
13969,275
13970,6240
13971,276
13972,6140
13973,277
13974,6149
13975,274
13976,6155
13977,276
13978,7551
13979,314
13980,6366
13981,308
13982,6266
13983,264
13984,6081
13985,281
13986,6250
13987,270
13988,6256
13989,270
13990,6204
13991,266
13992,6160
13993,305
13994,6277
13995,334
13996,6105
13997,277
13998,6166
13999,266
14000,6537
14001,275
14002,6560
14003,282
14004,6270
14005,309
14006,6286
14007,285
14008,6763
14009,284
14010,7670
14011,285
14012,6422
14013,357
14014,6613
14015,284
14016,6256
14017,279
14018,6071
14019,281
14020,6215
14021,264
14022,6245
14023,277
14024,6453
14025,270
14026,11284
14027,285
14028,6386
14029,284
14030,6323
14031,273
14032,6446
14033,311
14034,6503
14035,281
14036,6179
14037,274
14038,6156
14039,258
14040,6242
14041,329
14042,7754
14043,285
14044,6377
14045,307
14046,6194
14047,277
14048,6313
14049,278
14050,6277
14051,298
14052,6324
14053,280
14054,6212
14055,357
14056,6447
14057,270
14058,6267
14059,269
14060,6424
14061,273
14062,6038
14063,261
14064,5964
14065,262
14066,6069
14067,272
14068,6231
14069,271
14070,6167
14071,308
14072,6142
14073,274
14074,7645
14075,280
14076,6308
14077,280
14078,6154
14079,338
14080,6381
14081,281
14082,6149
14083,277
14084,6229
14085,281
14086,6178
14087,279
14088,6089
14089,304
14090,6280
14091,278
14092,6090
14093,261
14094,5982
14095,263
14096,6261
14097,261
14098,6253
14099,270
14100,213161
14101,621
14102,15688
14103,332
14104,7352
14105,279
14106,8638
14107,285
14108,6682
14109,282
14110,6209
14111,282
14112,6113
14113,277
14114,6158
14115,310
14116,6078
14117,281
14118,6203
14119,273
14120,6118
14121,275
14122,6120
14123,310
14124,6181
14125,280
14126,6093
14127,273
14128,6187
14129,300
14130,6087
14131,259
14132,6060
14133,316
14134,6226
14135,296
14136,6161
14137,275
14138,7346
14139,301
14140,6577
14141,285
14142,6233
14143,285
14144,6245
14145,274
14146,6329
14147,300
14148,6141
14149,273
14150,6235
14151,270
14152,6124
14153,273
14154,14341
14155,328
14156,6503
14157,277
14158,6194
14159,317
14160,6125
14161,310
14162,6180
14163,356
14164,6233
14165,284
14166,6149
14167,286
14168,6393
14169,322
14170,7691
14171,319
14172,6345
14173,293
14174,6206
14175,280
14176,6165
14177,280
14178,6154
14179,284
14180,6038
14181,277
14182,42276
14183,358
14184,7779
14185,352
14186,6171
14187,279
14188,6133
14189,277
14190,6105
14191,280
14192,6061
14193,263
14194,6196
14195,272
14196,6100
14197,265
14198,6199
14199,286
14200,6041
14201,270
14202,7803
14203,280
14204,6355
14205,311
14206,6251
14207,315
14208,6164
14209,281
14210,74666
14211,1026
14212,17026
14213,435
14214,8883
14215,344
14216,7672
14217,308
14218,6672
14219,281
14220,21537
14221,2209
14222,21074
14223,529
14224,13669
14225,41152
14226,26307
14227,726
14228,14644
14229,560
14230,13522
14231,504
14232,14926
14233,488
14234,11965
14235,509
14236,12514
14237,483
14238,12534
14239,504
14240,12646
14241,464
14242,11616
14243,489
14244,11313
14245,557
14246,10888
14247,487
14248,11111
14249,480
14250,12403
14251,555
14252,11779
14253,524
14254,12124
14255,535
14256,12807
14257,517
14258,12724
14259,460
14260,12414
14261,484
14262,11920
14263,554
14264,14308
14265,603
14266,11470
14267,468
14268,11311
14269,542
14270,11533
14271,557
14272,12222
14273,499
14274,12516
14275,558
14276,12885
14277,498
14278,11806
14279,478
14280,12087
14281,523
14282,24506
14283,602
14284,14683
14285,531
14286,12167
14287,539
14288,11281
14289,471
14290,10262
14291,508
14292,11953
14293,516
14294,12321
14295,567
14296,12266
14297,591
14298,12306
14299,533
14300,12118
14301,588
14302,11904
14303,568
14304,11830
14305,572
14306,12243
14307,545
14308,11871
14309,598
14310,11638
14311,540
14312,11622
14313,547
14314,11778
14315,555
14316,13714
14317,572
14318,12040
14319,480
14320,11896
14321,535
14322,11477
14323,557
14324,11500
14325,528
14326,11472
14327,560
14328,11641
14329,546
14330,11426
14331,553
14332,11376
14333,495
14334,12045
14335,491
14336,11906
14337,623
14338,12791
14339,521
14340,12063
14341,523
14342,11736
14343,540
14344,11583
14345,561
14346,11858
14347,518
14348,13716
14349,556
14350,11678
14351,554
14352,11556
14353,476
14354,11862
14355,474
14356,11711
14357,1707
14358,12013
14359,517
14360,11795
14361,595
14362,11491
14363,566
14364,11467
14365,562
14366,11750
14367,464
14368,11080
14369,584
14370,11478
14371,531
14372,11346
14373,583
14374,11418
14375,495
14376,11523
14377,527
14378,11564
14379,582
14380,13614
14381,500
14382,12053
14383,476
14384,11414
14385,447
14386,12023
14387,514
14388,12778
14389,523
14390,12388
14391,498
14392,12544
14393,486
14394,12088
14395,487
14396,11598
14397,524
14398,11803
14399,517
14400,11969
14401,563
14402,12031
14403,485
14404,11070
14405,522
14406,11133
14407,430
14408,10947
14409,706
14410,17672
14411,555
14412,14038
14413,494
14414,11967
14415,553
14416,11826
14417,508
14418,12091
14419,527
14420,11954
14421,521
14422,12001
14423,567
14424,12005
14425,518
14426,11605
14427,510
14428,12007
14429,550
14430,12323
14431,586
14432,12558
14433,484
14434,12325
14435,557
14436,12813
14437,525
14438,12410
14439,489
14440,13143
14441,566
14442,12732
14443,528
14444,15210
14445,552
14446,12604
14447,554
14448,12331
14449,517
14450,11919
14451,561
14452,11593
14453,532
14454,10752
14455,475
14456,11384
14457,565
14458,12763
14459,533
14460,12573
14461,516
14462,12151
14463,570
14464,12465
14465,514
14466,12132
14467,479
14468,12220
14469,524
14470,12279
14471,561
14472,12091
14473,526
14474,11931
14475,532
14476,13671
14477,580
14478,12062
14479,519
14480,11704
14481,536
14482,11708
14483,477
14484,11949
14485,501
14486,11757
14487,545
14488,11779
14489,535
14490,11741
14491,505
14492,11924
14493,552
14494,11617
14495,512
14496,11868
14497,538
14498,11891
14499,520
14500,11980
14501,502
14502,11724
14503,520
14504,11828
14505,533
14506,11673
14507,520
14508,13615
14509,552
14510,11956
14511,523
14512,11921
14513,556
14514,11593
14515,580
14516,11842
14517,600
14518,11747
14519,526
14520,11843
14521,490
14522,11820
14523,509
14524,12049
14525,510
14526,11951
14527,552
14528,11990
14529,543
14530,11636
14531,560
14532,12001
14533,520
14534,11742
14535,502
14536,18820
14537,580
14538,11847
14539,541
14540,13485
14541,516
14542,12120
14543,500
14544,11650
14545,571
14546,12142
14547,524
14548,13599
14549,512
14550,12921
14551,575
14552,12842
14553,528
14554,13117
14555,622
14556,12670
14557,568
14558,11613
14559,557
14560,11524
14561,532
14562,11642
14563,483
14564,11360
14565,494
14566,12079
14567,528
14568,12280
14569,563
14570,12515
14571,541
14572,14965
14573,616
14574,12420
14575,529
14576,12927
14577,517
14578,12497
14579,557
14580,13232
14581,530
14582,13191
14583,583
14584,13276
14585,569
14586,12807
14587,499
14588,12690
14589,487
14590,12249
14591,519
14592,12022
14593,514
14594,11801
14595,518
14596,11883
14597,545
14598,11124
14599,474
14600,11456
14601,534
14602,12284
14603,536
14604,14540
14605,549
14606,12405
14607,553
14608,12576
14609,527
14610,11833
14611,521
14612,11501
14613,522
14614,12166
14615,531
14616,12090
14617,478
14618,11804
14619,473
14620,11711
14621,505
14622,11546
14623,491
14624,11574
14625,502
14626,11439
14627,477
14628,11499
14629,487
14630,11205
14631,510
14632,11643
14633,508
14634,11625
14635,514
14636,13502
14637,568
14638,11760
14639,488
14640,11799
14641,546
14642,11692
14643,565
14644,11659
14645,526
14646,11713
14647,509
14648,11722
14649,452
14650,11632
14651,479
14652,11813
14653,520
14654,11843
14655,540
14656,11679
14657,563
14658,11613
14659,520
14660,11569
14661,533
14662,11806
14663,477
14664,28750
14665,560
14666,12512
14667,525
14668,14075
14669,492
14670,12255
14671,500
14672,12081
14673,497
14674,11916
14675,455
14676,12034
14677,483
14678,11648
14679,510
14680,11774
14681,553
14682,11577
14683,550
14684,11756
14685,458
14686,12155
14687,530
14688,11743
14689,487
14690,13230
14691,547
14692,12944
14693,524
14694,13248
14695,590
14696,13713
14697,519
14698,13154
14699,533
14700,14443
14701,521
14702,12315
14703,526
14704,11864
14705,509
14706,12199
14707,600
14708,12730
14709,547
14710,12702
14711,561
14712,12484
14713,532
14714,12120
14715,502
14716,12654
14717,558
14718,12231
14719,557
14720,13203
14721,523
14722,13227
14723,580
14724,13099
14725,525
14726,955209
14727,1310
14728,174720
14729,843
14730,15791
14731,358
14732,11408
14733,296
14734,6825
14735,298
14736,6167
14737,277
14738,6167
14739,321
14740,6117
14741,275
14742,6098
14743,280
14744,6218
14745,307
14746,6157
14747,312
14748,6198
14749,302
14750,6241
14751,315
14752,6244
14753,296
14754,6038
14755,280
14756,6368
14757,310
14758,6111
14759,313
14760,6197
14761,285
14762,6007
14763,277
14764,7337
14765,295
14766,6329
14767,284
14768,6010
14769,277
14770,6762
14771,279
14772,6302
14773,279
14774,6121
14775,316
14776,6226
14777,309
14778,6037
14779,277
14780,6038
14781,280
14782,6640
14783,283
14784,6114
14785,282
14786,6217
14787,278
14788,6218
14789,274
14790,6042
14791,294
14792,17370
14793,285
14794,6520
14795,327
14796,7876
14797,309
14798,6406
14799,302
14800,6038
14801,271
14802,6122
14803,269
14804,6134
14805,261
14806,6250
14807,271
14808,6135
14809,272
14810,6044
14811,272
14812,6049
14813,263
14814,6042
14815,279
14816,5979
14817,259
14818,5948
14819,332
14820,5941
14821,260
14822,6049
14823,272
14824,6007
14825,267
14826,6184
14827,274
14828,7248
14829,281
14830,6144
14831,273
14832,6050
14833,278
14834,6118
14835,315
14836,6007
14837,272
14838,5917
14839,314
14840,6289
14841,271
14842,6118
14843,270
14844,6025
14845,267
14846,6002
14847,294
14848,6170
14849,327
14850,7276
14851,287
14852,6230
14853,293
14854,6057
14855,274
14856,6084
14857,263
14858,6065
14859,308
14860,7160
14861,299
14862,6278
14863,285
14864,6147
14865,280
14866,6141
14867,276
14868,6083
14869,275
14870,5986
14871,277
14872,6046
14873,308
14874,6347
14875,285
14876,6144
14877,265
14878,5915
14879,279
14880,6084
14881,273
14882,6046
14883,278
14884,6124
14885,273
14886,5957
14887,334
14888,6116
14889,313
14890,6064
14891,322
14892,7214
14893,277
14894,6271
14895,276
14896,6205
14897,278
14898,6011
14899,265
14900,6002
14901,276
14902,5971
14903,276
14904,6018
14905,261
14906,5965
14907,276
14908,6077
14909,276
14910,40151
14911,757
14912,15554
14913,497
14914,12617
14915,498
14916,12170
14917,567
14918,11385
14919,601
14920,21515
14921,583
14922,12920
14923,525
14924,310187
14925,1746
14926,27570
14927,741
14928,15386
14929,684
14930,12876
14931,487
14932,13317
14933,571
14934,13581
14935,490
14936,12883
14937,539
14938,12238
14939,504
14940,11950
14941,520
14942,11806
14943,490
14944,11880
14945,527
14946,11870
14947,489
14948,12036
14949,556
14950,13002
14951,569
14952,12679
14953,577
14954,18061
14955,621
14956,12184
14957,572
14958,11479
14959,537
14960,12512
14961,527
14962,12459
14963,533
14964,12293
14965,529
14966,1244666
14967,2085
14968,1709885
14969,2170
14970,29641
14971,669
14972,14000
14973,557
14974,11858
14975,518
14976,11644
14977,489
14978,12481
14979,490
14980,12019
14981,534
14982,12233
14983,494
14984,11975
14985,476
14986,17142
14987,551
14988,12043
14989,522
14990,11689
14991,554
14992,11996
14993,583
14994,11520
14995,518
14996,12660
14997,544
14998,12337
14999,542
15000,12290
15001,509
15002,12387
15003,474
15004,12716
15005,517
15006,12511
15007,465
15008,11281
15009,503
15010,11030
15011,459
15012,10710
15013,450
15014,10726
15015,439
15016,11032
15017,506
15018,14719
15019,497
15020,12450
15021,472
15022,11321
15023,420
15024,11309
15025,486
15026,12117
15027,543
15028,12830
15029,506
15030,35459
15031,553
15032,13237
15033,546
15034,12201
15035,560
15036,13200
15037,595
15038,12681
15039,488
15040,11688
15041,471
15042,11363
15043,499
15044,10463
15045,447
15046,24444
15047,591
15048,13621
15049,611
15050,15638
15051,583
15052,13636
15053,520
15054,12839
15055,529
15056,12518
15057,531
15058,13208
15059,481
15060,12291
15061,515
15062,11722
15063,463
15064,11240
15065,515
15066,11521
15067,458
15068,12372
15069,517
15070,11646
15071,502
15072,12107
15073,464
15074,12532
15075,519
15076,12390
15077,568
15078,11470
15079,523
15080,11653
15081,567
15082,14863
15083,540
15084,12022
15085,529
15086,12333
15087,516
15088,12151
15089,570
15090,11761
15091,535
15092,11732
15093,555
15094,12634
15095,528
15096,12375
15097,514
15098,11178
15099,565
15100,12341
15101,499
15102,12718
15103,520
15104,12606
15105,591
15106,12119
15107,486
15108,11645
15109,532
15110,12213
15111,572
15112,13118
15113,457
15114,15217
15115,495
15116,12018
15117,541
15118,12421
15119,460
15120,12232
15121,553
15122,12905
15123,555
15124,12314
15125,548
15126,12651
15127,464
15128,11821
15129,520
15130,11040
15131,549
15132,11304
15133,514
15134,12757
15135,497
15136,13062
15137,518
15138,13206
15139,570
15140,13034
15141,533
15142,13250
15143,550
15144,13021
15145,657
15146,21701
15147,514
15148,13362
15149,592
15150,12845
15151,556
15152,12428
15153,565
15154,12587
15155,492
15156,12237
15157,441
15158,11482
15159,509
15160,11642
15161,502
15162,12343
15163,525
15164,12506
15165,486
15166,12524
15167,563
15168,12751
15169,554
15170,13088
15171,505
15172,12949
15173,2360
15174,29114
15175,690
15176,14591
15177,635
15178,16401
15179,617
15180,13232
15181,561
15182,12688
15183,550
15184,12693
15185,587
15186,13226
15187,587
15188,18780
15189,556
15190,12984
15191,4571
15192,28574
15193,497
15194,10457
15195,324
15196,21938
15197,784
15198,21076
15199,721
15200,43836
15201,584
15202,10297
15203,315
15204,6794
15205,321
15206,6203
15207,282
15208,6207
15209,305
15210,8486
15211,312
15212,6382
15213,285
15214,6103
15215,306
15216,6137
15217,301
15218,6225
15219,292
15220,6234
15221,287
15222,6015
15223,274
15224,5960
15225,275
15226,5962
15227,303
15228,6035
15229,266
15230,6154
15231,288
15232,6127
15233,283
15234,6078
15235,308
15236,6153
15237,275
15238,6042
15239,328
15240,6018
15241,301
15242,7304
15243,320
15244,6365
15245,285
15246,6065
15247,281
15248,6127
15249,300
15250,6055
15251,285
15252,6079
15253,307
15254,6117
15255,283
15256,6078
15257,286
15258,5990
15259,313
15260,5992
15261,283
15262,6084
15263,303
15264,6041
15265,267
15266,6085
15267,307
15268,6101
15269,277
15270,6001
15271,278
15272,6112
15273,300
15274,7278
15275,301
15276,6207
15277,304
15278,6021
15279,282
15280,6137
15281,320
15282,6072
15283,276
15284,33241
15285,761
15286,18523
15287,553
15288,134327
15289,500
15290,13067
15291,306
15292,6946
15293,287
15294,6353
15295,316
15296,6083
15297,276
15298,6077
15299,275
15300,5969
15301,283
15302,13896
15303,312
15304,6658
15305,286
15306,8661
15307,327
15308,6426
15309,291
15310,6228
15311,283
15312,6296
15313,312
15314,6252
15315,267
15316,6197
15317,289
15318,6757
15319,265
15320,6157
15321,273
15322,6229
15323,276
15324,6101
15325,281
15326,6193
15327,274
15328,6171
15329,276
15330,6330
15331,277
15332,6173
15333,277
15334,6202
15335,283
15336,6291
15337,276
15338,7269
15339,291
15340,6421
15341,301
15342,6116
15343,281
15344,6227
15345,330
15346,6211
15347,319
15348,6044
15349,292
15350,6249
15351,285
15352,6102
15353,299
15354,6228
15355,294
15356,6204
15357,299
15358,6280
15359,277
15360,6302
15361,285
15362,6197
15363,276
15364,6120
15365,263
15366,6214
15367,283
15368,6329
15369,276
15370,7406
15371,336
15372,6385
15373,286
15374,6225
15375,279
15376,6153
15377,265
15378,6098
15379,308
15380,6136
15381,284
15382,6244
15383,284
15384,6143
15385,305
15386,6211
15387,300
15388,6156
15389,283
15390,6076
15391,280
15392,6139
15393,296
15394,6376
15395,293
15396,6219
15397,285
15398,6234
15399,263
15400,6329
15401,299
15402,7305
15403,302
15404,6430
15405,283
15406,6227
15407,293
15408,6155
15409,303
15410,6122
15411,276
15412,6271
15413,281
15414,6184
15415,301
15416,6093
15417,294
15418,6370
15419,285
15420,6160
15421,310
15422,6228
15423,319
15424,6181
15425,278
15426,6303
15427,286
15428,6482
15429,426
15430,11486
15431,329
15432,6666
15433,285
15434,7691
15435,281
15436,6458
15437,280
15438,6286
15439,305
15440,6202
15441,276
15442,6121
15443,280
15444,6228
15445,291
15446,6162
15447,304
15448,6118
15449,261
15450,6149
15451,302
15452,6085
15453,273
15454,6168
15455,308
15456,6121
15457,275
15458,6113
15459,274
15460,6049
15461,273
15462,6132
15463,272
15464,6223
15465,271
15466,7320
15467,288
15468,6354
15469,286
15470,6240
15471,278
15472,6256
15473,278
15474,6224
15475,266
15476,6270
15477,276
15478,6262
15479,275
15480,6201
15481,282
15482,6173
15483,278
15484,6203
15485,277
15486,6155
15487,260
15488,6343
15489,299
15490,6126
15491,305
15492,6145
15493,272
15494,6172
15495,271
15496,6240
15497,272
15498,7438
15499,286
15500,6724
15501,299
15502,6199
15503,294
15504,6178
15505,280
15506,6231
15507,279
15508,6157
15509,279
15510,13841
15511,315
15512,9494
15513,297
15514,6974
15515,282
15516,6081
15517,274
15518,6220
15519,292
15520,6084
15521,260
15522,6193
15523,277
15524,6278
15525,265
15526,6116
15527,263
15528,6205
15529,271
15530,7752
15531,289
15532,6475
15533,281
15534,6113
15535,282
15536,6150
15537,288
15538,6094
15539,296
15540,6159
15541,309
15542,6104
15543,279
15544,6692
15545,279
15546,6460
15547,280
15548,6075
15549,283
15550,6274
15551,281
15552,6234
15553,277
15554,6380
15555,281
15556,13049
15557,300
15558,57827
15559,879
15560,17538
15561,692
15562,16536
15563,569
15564,12197
15565,474
15566,13148
15567,664
15568,11125
15569,505
15570,12436
15571,529
15572,13496
15573,516
15574,63206
15575,2224
15576,37442
15577,792
15578,32844
15579,747
15580,21041
15581,596
15582,12631
15583,509
15584,15927
15585,673
15586,13723
15587,526
15588,13885
15589,517
15590,17537
15591,615
15592,15547
15593,583
15594,16584
15595,633
15596,15382
15597,783
15598,18077
15599,491
15600,14822
15601,563
15602,15031
15603,711
15604,12930
15605,673
15606,14952
15607,542
15608,11984
15609,514
15610,13734
15611,480
15612,12343
15613,626
15614,12775
15615,520
15616,60951
15617,768
15618,40864
15619,774
15620,33005
15621,776
15622,14182
15623,520
15624,102110
15625,883
15626,131525
15627,491
15628,9019
15629,301
15630,7169
15631,308
15632,6345
15633,283
15634,6425
15635,340
15636,6320
15637,287
15638,6120
15639,272
15640,6151
15641,279
15642,6277
15643,307
15644,6140
15645,270
15646,6077
15647,270
15648,6101
15649,256
15650,6191
15651,269
15652,6193
15653,268
15654,5984
15655,303
15656,6198
15657,294
15658,7316
15659,306
15660,6344
15661,276
15662,6158
15663,306
15664,6228
15665,301
15666,6090
15667,308
15668,5930
15669,274
15670,6101
15671,271
15672,6165
15673,275
15674,5956
15675,270
15676,6063
15677,274
15678,6101
15679,274
15680,6058
15681,312
15682,6065
15683,269
15684,6020
15685,11424
15686,7478
15687,300
15688,6476
15689,312
15690,7392
15691,281
15692,6299
15693,278
15694,6143
15695,294
15696,6130
15697,295
15698,6277
15699,272
15700,6196
15701,292
15702,6274
15703,310
15704,6176
15705,284
15706,6544
15707,351
15708,6335
15709,295
15710,6353
15711,324
15712,6483
15713,268
15714,6405
15715,265
15716,6201
15717,315
15718,6295
15719,298
15720,6198
15721,274
15722,7497
15723,279
15724,6386
15725,277
15726,6179
15727,308
15728,6268
15729,282
15730,6083
15731,273
15732,6146
15733,276
15734,6176
15735,288
15736,6092
15737,313
15738,6099
15739,281
15740,6082
15741,346
15742,6115
15743,281
15744,6163
15745,271
15746,8828
15747,281
15748,6337
15749,310
15750,6349
15751,270
15752,6065
15753,277
15754,7395
15755,278
15756,6402
15757,279
15758,6091
15759,276
15760,6165
15761,309
15762,6111
15763,271
15764,6059
15765,265
15766,6084
15767,273
15768,6284
15769,272
15770,6074
15771,263
15772,6520
15773,275
15774,6135
15775,310
15776,6095
15777,273
15778,6050
15779,315
15780,6217
15781,262
15782,6129
15783,270
15784,6152
15785,305
15786,7665
15787,282
15788,6465
15789,280
15790,6206
15791,281
15792,6272
15793,280
15794,6118
15795,277
15796,6023
15797,280
15798,6161
15799,281
15800,6196
15801,314
15802,6129
15803,277
15804,6201
15805,271
15806,6202
15807,274
15808,6118
15809,320
15810,6418
15811,283
15812,6361
15813,4074
15814,6898
15815,287
15816,6459
15817,310
15818,7734
15819,286
15820,6516
15821,309
15822,6131
15823,275
15824,6116
15825,299
15826,6073
15827,314
15828,6436
15829,282
15830,6372
15831,283
15832,6152
15833,328
15834,6338
15835,284
15836,6179
15837,281
15838,6189
15839,280
15840,6093
15841,283
15842,6221
15843,283
15844,6427
15845,283
15846,6293
15847,321
15848,6800
15849,278
15850,7543
15851,322
15852,6295
15853,280
15854,6241
15855,277
15856,6152
15857,306
15858,6183
15859,279
15860,6276
15861,353
15862,6148
15863,303
15864,6309
15865,344
15866,6176
15867,284
15868,6378
15869,284
15870,6525
15871,288
15872,6455
15873,283
15874,6092
15875,279
15876,6317
15877,327
15878,6255
15879,287
15880,6128
15881,280
15882,7570
15883,341
15884,6212
15885,281
15886,6215
15887,292
15888,6340
15889,299
15890,6056
15891,288
15892,6231
15893,277
15894,6189
15895,321
15896,6115
15897,316
15898,6136
15899,331
15900,6076
15901,283
15902,6114
15903,283
15904,6081
15905,272
15906,6056
15907,281
15908,6151
15909,282
15910,6158
15911,275
15912,6149
15913,314
15914,7434
15915,300
15916,6434
15917,355
15918,6184
15919,300
15920,6276
15921,316
15922,6388
15923,277
15924,6009
15925,283
15926,6164
15927,283
15928,6112
15929,281
15930,6068
15931,304
15932,6164
15933,280
15934,6403
15935,311
15936,6255
15937,316
15938,6136
15939,293
15940,6312
15941,5054
15942,7062
15943,331
15944,6384
15945,266
15946,7400
15947,281
15948,6252
15949,280
15950,6195
15951,264
15952,6264
15953,278
15954,6091
15955,304
15956,6150
15957,299
15958,6129
15959,279
15960,6259
15961,279
15962,6189
15963,309
15964,6193
15965,271
15966,6202
15967,278
15968,6236
15969,277
15970,6282
15971,297
15972,6190
15973,277
15974,6120
15975,278
15976,6199
15977,275
15978,7529
15979,280
15980,6453
15981,281
15982,6242
15983,279
15984,6203
15985,322
15986,6153
15987,276
15988,6239
15989,310
15990,6192
15991,313
15992,6258
15993,276
15994,6460
15995,299
15996,6274
15997,297
15998,6112
15999,280
16000,6037
16001,302
16002,6188
16003,280
16004,6277
16005,279
16006,6235
16007,305
16008,6142
16009,282
16010,7285
16011,279
16012,6195
16013,310
16014,6306
16015,278
16016,6200
16017,279
16018,6289
16019,285
16020,6283
16021,302
16022,6038
16023,280
16024,6139
16025,276
16026,6146
16027,276
16028,6239
16029,273
16030,6401
16031,277
16032,6371
16033,277
16034,6456
16035,272
16036,6126
16037,273
16038,6348
16039,275
16040,6110
16041,323
16042,7675
16043,290
16044,6269
16045,299
16046,6290
16047,299
16048,107666
16049,1072
16050,13356
16051,434
16052,8404
16053,290
16054,6919
16055,271
16056,6579
16057,300
16058,6408
16059,277
16060,6260
16061,266
16062,6268
16063,297
16064,6120
16065,289
16066,6080
16067,65513
16068,16667
16069,389
16070,7229
16071,305
16072,9252
16073,288
16074,6459
16075,333
16076,6123
16077,295
16078,6177
16079,258
16080,6000
16081,285
16082,6116
16083,304
16084,20908
16085,1034
16086,20324
16087,563
16088,73778
16089,668
16090,15600
16091,351
16092,7860
16093,274
16094,6681
16095,295
16096,6490
16097,302
16098,6318
16099,273
16100,6296
16101,272
16102,6191
16103,271
16104,8976
16105,306
16106,6635
16107,307
16108,6356
16109,305
16110,6258
16111,277
16112,6191
16113,275
16114,6084
16115,277
16116,6083
16117,272
16118,6120
16119,274
16120,6224
16121,277
16122,6328
16123,280
16124,6089
16125,280
16126,5980
16127,285
16128,6023
16129,307
16130,6129
16131,268
16132,6120
16133,286
16134,6130
16135,306
16136,7324
16137,286
16138,6252
16139,290
16140,6172
16141,279
16142,6179
16143,273
16144,6212
16145,297
16146,6241
16147,286
16148,6093
16149,299
16150,6075
16151,282
16152,6241
16153,283
16154,6152
16155,280
16156,6191
16157,284
16158,6167
16159,284
16160,6136
16161,286
16162,6229
16163,275
16164,6045
16165,277
16166,6024
16167,281
16168,7254
16169,339
16170,6201
16171,283
16172,6043
16173,279
16174,6042
16175,284
16176,6041
16177,277
16178,6080
16179,289
16180,6236
16181,277
16182,6248
16183,282
16184,6271
16185,318
16186,6246
16187,312
16188,6124
16189,315
16190,6133
16191,280
16192,6120
16193,308
16194,6161
16195,7332
16196,7525
16197,291
16198,6568
16199,281
16200,7404
16201,289
16202,6545
16203,287
16204,6202
16205,277
16206,6138
16207,277
16208,6040
16209,285
16210,6174
16211,301
16212,6129
16213,280
16214,6150
16215,277
16216,6093
16217,313
16218,6084
16219,274
16220,6076
16221,282
16222,6249
16223,279
16224,6119
16225,274
16226,6344
16227,277
16228,6047
16229,276
16230,6000
16231,280
16232,7261
16233,289
16234,6319
16235,308
16236,6158
16237,262
16238,6268
16239,281
16240,6072
16241,313
16242,6207
16243,274
16244,6158
16245,270
16246,6159
16247,292
16248,6160
16249,265
16250,6039
16251,311
16252,6049
16253,284
16254,6089
16255,311
16256,6066
16257,274
16258,6105
16259,278
16260,6129
16261,307
16262,6160
16263,277
16264,7285
16265,319
16266,6364
16267,283
16268,6120
16269,282
16270,6086
16271,277
16272,6048
16273,282
16274,6066
16275,284
16276,6182
16277,300
16278,6235
16279,288
16280,6165
16281,356
16282,6080
16283,303
16284,6181
16285,280
16286,6121
16287,309
16288,9250
16289,284
16290,6255
16291,2415
16292,15677
16293,343
16294,24925
16295,557
16296,12528
16297,310
16298,7276
16299,279
16300,6326
16301,276
16302,6195
16303,268
16304,6254
16305,298
16306,6268
16307,262
16308,6009
16309,259
16310,23207
16311,450
16312,10194
16313,328
16314,6625
16315,277
16316,6352
16317,295
16318,6372
16319,294
16320,6140
16321,279
16322,6040
16323,6942
16324,7373
16325,319
16326,6557
16327,276
16328,8420
16329,287
16330,6922
16331,284
16332,6300
16333,295
16334,6120
16335,307
16336,6198
16337,330
16338,6122
16339,280
16340,6109
16341,318
16342,6113
16343,282
16344,6135
16345,309
16346,6170
16347,281
16348,6169
16349,281
16350,6137
16351,314
16352,6120
16353,291
16354,6249
16355,339
16356,10046
16357,281
16358,6525
16359,287
16360,7372
16361,295
16362,6457
16363,296
16364,6142
16365,286
16366,6195
16367,303
16368,6216
16369,277
16370,6083
16371,308
16372,6089
16373,310
16374,6118
16375,283
16376,6126
16377,322
16378,6071
16379,277
16380,6077
16381,282
16382,6091
16383,279
16384,6153
16385,366
16386,6961
16387,287
16388,6346
16389,280
16390,6189
16391,275
16392,7338
16393,280
16394,6297
16395,297
16396,6224
16397,307
16398,6060
16399,286
16400,6147
16401,282
16402,6120
16403,279
16404,6131
16405,287
16406,6079
16407,288
16408,6165
16409,285
16410,6172
16411,283
16412,6077
16413,277
16414,6227
16415,294
16416,6177
16417,327
16418,6201
16419,289
16420,6284
16421,281
16422,6089
16423,332
16424,7213
16425,320
16426,6304
16427,298
16428,6138
16429,357
16430,6184
16431,293
16432,6153
16433,283
16434,6326
16435,293
16436,6187
16437,285
16438,6175
16439,284
16440,6211
16441,297
16442,6083
16443,308
16444,6175
16445,312
16446,6178
16447,355
16448,6280
16449,311
16450,6210
16451,3633
16452,6798
16453,358
16454,6409
16455,281
16456,7319
16457,293
16458,6377
16459,319
16460,6186
16461,290
16462,6143
16463,297
16464,6282
16465,286
16466,6235
16467,305
16468,6080
16469,287
16470,6098
16471,293
16472,6191
16473,287
16474,6088
16475,281
16476,6123
16477,286
16478,6179
16479,285
16480,6197
16481,284
16482,6241
16483,285
16484,6092
16485,339
16486,6160
16487,313
16488,7106
16489,302
16490,6194
16491,289
16492,6125
16493,283
16494,6000
16495,294
16496,6261
16497,334
16498,6169
16499,293
16500,5975
16501,282
16502,6034
16503,301
16504,6204
16505,280
16506,6341
16507,290
16508,6072
16509,283
16510,6045
16511,297
16512,6158
16513,284
16514,6166
16515,307
16516,6082
16517,284
16518,6099
16519,323
16520,7417
16521,316
16522,6292
16523,318
16524,6162
16525,279
16526,6060
16527,301
16528,6085
16529,282
16530,6082
16531,278
16532,6144
16533,281
16534,6074
16535,299
16536,6128
16537,282
16538,6249
16539,282
16540,6227
16541,282
16542,6184
16543,297
16544,6096
16545,284
16546,6307
16547,282
16548,6102
16549,320
16550,6190
16551,329
16552,7205
16553,295
16554,6314
16555,298
16556,6126
16557,283
16558,6252
16559,286
16560,6147
16561,320
16562,6161
16563,312
16564,6121
16565,283
16566,6242
16567,306
16568,6225
16569,299
16570,6121
16571,291
16572,6149
16573,281
16574,6198
16575,286
16576,6129
16577,3199
16578,6543
16579,311
16580,6201
16581,286
16582,6105
16583,287
16584,7100
16585,337
16586,6233
16587,306
16588,6078
16589,289
16590,6162
16591,310
16592,6120
16593,293
16594,6056
16595,301
16596,6048
16597,288
16598,6073
16599,286
16600,6067
16601,311
16602,6108
16603,286
16604,6135
16605,284
16606,6177
16607,283
16608,6198
16609,288
16610,6141
16611,295
16612,6106
16613,281
16614,6027
16615,322
16616,7195
16617,286
16618,6275
16619,312
16620,6190
16621,324
16622,6148
16623,287
16624,6084
16625,295
16626,6095
16627,288
16628,6156
16629,297
16630,6200
16631,284
16632,6182
16633,297
16634,6158
16635,326
16636,6123
16637,296
16638,6021
16639,318
16640,6177
16641,303
16642,6382
16643,285
16644,5999
16645,319
16646,6082
16647,288
16648,7201
16649,331
16650,6315
16651,286
16652,6154
16653,288
16654,6153
16655,309
16656,6187
16657,308
16658,6185
16659,268
16660,6132
16661,304
16662,6299
16663,338
16664,6127
16665,287
16666,6062
16667,283
16668,6099
16669,279
16670,6246
16671,302
16672,6048
16673,316
16674,6139
16675,300
16676,6093
16677,281
16678,6077
16679,312
16680,7322
16681,307
16682,6300
16683,287
16684,6097
16685,289
16686,6199
16687,283
16688,6213
16689,318
16690,6149
16691,283
16692,6180
16693,327
16694,6205
16695,317
16696,6262
16697,313
16698,6063
16699,288
16700,6199
16701,282
16702,6187
16703,278
16704,6082
16705,3061
16706,6596
16707,301
16708,6033
16709,287
16710,6180
16711,284
16712,7225
16713,334
16714,6202
16715,311
16716,6019
16717,308
16718,6200
16719,305
16720,6077
16721,306
16722,6180
16723,285
16724,6101
16725,288
16726,6119
16727,283
16728,5980
16729,283
16730,6000
16731,283
16732,6174
16733,285
16734,6202
16735,303
16736,6053
16737,294
16738,6008
16739,282
16740,6207
16741,281
16742,6089
16743,282
16744,7200
16745,284
16746,6342
16747,311
16748,6076
16749,282
16750,6235
16751,275
16752,6101
16753,292
16754,6160
16755,312
16756,6031
16757,280
16758,6291
16759,283
16760,6058
16761,285
16762,6182
16763,308
16764,6119
16765,284
16766,6100
16767,284
16768,6202
16769,299
16770,6008
16771,280
16772,6101
16773,296
16774,6150
16775,297
16776,7277
16777,297
16778,6339
16779,300
16780,6083
16781,288
16782,6230
16783,284
16784,6138
16785,284
16786,6199
16787,284
16788,6222
16789,287
16790,6188
16791,302
16792,6066
16793,318
16794,6130
16795,297
16796,6115
16797,283
16798,6179
16799,291
16800,6088
16801,279
16802,6230
16803,301
16804,6126
16805,330
16806,6107
16807,296
16808,7176
16809,287
16810,6317
16811,284
16812,6195
16813,282
16814,6055
16815,306
16816,6221
16817,315
16818,6117
16819,300
16820,6216
16821,281
16822,6057
16823,306
16824,6321
16825,307
16826,6104
16827,282
16828,6201
16829,295
16830,6045
16831,282
16832,6049
16833,2956
16834,6548
16835,296
16836,6274
16837,285
16838,6140
16839,283
16840,7249
16841,301
16842,6368
16843,291
16844,6142
16845,283
16846,6067
16847,285
16848,6197
16849,307
16850,6248
16851,305
16852,6168
16853,319
16854,6168
16855,282
16856,6662
16857,288
16858,6269
16859,284
16860,6131
16861,281
16862,6111
16863,281
16864,6013
16865,281
16866,6172
16867,283
16868,6292
16869,284
16870,6278
16871,292
16872,7152
16873,317
16874,6173
16875,301
16876,6122
16877,310
16878,6041
16879,289
16880,6062
16881,280
16882,5919
16883,286
16884,6065
16885,322
16886,6206
16887,295
16888,6098
16889,279
16890,6038
16891,283
16892,6143
16893,279
16894,6197
16895,319
16896,6178
16897,311
16898,6542
16899,296
16900,6234
16901,308
16902,6132
16903,278
16904,7443
16905,287
16906,6263
16907,306
16908,6155
16909,286
16910,6057
16911,300
16912,6204
16913,311
16914,6186
16915,284
16916,6145
16917,281
16918,6191
16919,324
16920,6104
16921,282
16922,6187
16923,283
16924,6229
16925,296
16926,6204
16927,311
16928,6104
16929,292
16930,6002
16931,294
16932,6127
16933,300
16934,6191
16935,294
16936,7203
16937,352
16938,6315
16939,290
16940,6051
16941,328
16942,6066
16943,283
16944,6107
16945,283
16946,6150
16947,284
16948,6101
16949,324
16950,6061
16951,285
16952,6221
16953,285
16954,6199
16955,283
16956,6178
16957,280
16958,6102
16959,310
16960,6270
16961,3177
16962,6710
16963,320
16964,6413
16965,289
16966,6205
16967,283
16968,7246
16969,287
16970,6318
16971,285
16972,6170
16973,287
16974,6209
16975,288
16976,6152
16977,303
16978,6212
16979,284
16980,6071
16981,281
16982,6085
16983,280
16984,6124
16985,331
16986,6212
16987,285
16988,6143
16989,280
16990,6066
16991,284
16992,6031
16993,283
16994,6056
16995,282
16996,6039
16997,327
16998,6147
16999,314
17000,7330
17001,286
17002,6265
17003,287
17004,6041
17005,283
17006,6059
17007,290
17008,6225
17009,317
17010,6158
17011,313
17012,6085
17013,331
17014,6202
17015,287
17016,6065
17017,284
17018,6232
17019,314
17020,5922
17021,316
17022,6135
17023,281
17024,6122
17025,282
17026,6207
17027,283
17028,6050
17029,278
17030,6029
17031,285
17032,7095
17033,284
17034,6184
17035,289
17036,6124
17037,329
17038,6146
17039,306
17040,6093
17041,286
17042,5994
17043,285
17044,6077
17045,281
17046,6080
17047,304
17048,6022
17049,284
17050,6158
17051,297
17052,6032
17053,309
17054,6268
17055,283
17056,6153
17057,284
17058,6124
17059,281
17060,6049
17061,286
17062,6059
17063,285
17064,7244
17065,318
17066,6282
17067,290
17068,6264
17069,276
17070,6092
17071,285
17072,6195
17073,332
17074,7196
17075,284
17076,6259
17077,280
17078,6250
17079,274
17080,6025
17081,339
17082,6203
17083,280
17084,6081
17085,280
17086,6150
17087,3364
17088,6800
17089,311
17090,6266
17091,278
17092,6217
17093,280
17094,5969
17095,289
17096,7391
17097,298
17098,6318
17099,279
17100,6185
17101,299
17102,6225
17103,318
17104,6127
17105,312
17106,6129
17107,278
17108,6237
17109,318
17110,6080
17111,315
17112,6021
17113,280
17114,5998
17115,301
17116,6161
17117,283
17118,6082
17119,308
17120,6000
17121,279
17122,6196
17123,289
17124,6166
17125,277
17126,6191
17127,276
17128,7109
17129,343
17130,6268
17131,345
17132,6048
17133,276
17134,6192
17135,294
17136,5961
17137,277
17138,6115
17139,279
17140,5946
17141,291
17142,5967
17143,315
17144,5936
17145,274
17146,6147
17147,275
17148,6002
17149,281
17150,6065
17151,263
17152,6001
17153,263
17154,6094
17155,274
17156,6030
17157,294
17158,6035
17159,278
17160,7018
17161,274
17162,6167
17163,261
17164,6080
17165,304
17166,6064
17167,264
17168,6058
17169,265
17170,6024
17171,312
17172,6138
17173,275
17174,6102
17175,271
17176,36282
17177,1340
17178,10237
17179,306
17180,6686
17181,305
17182,6156
17183,275
17184,6082
17185,276
17186,5994
17187,262
17188,5986
17189,265
17190,6079
17191,335
17192,7726
17193,296
17194,305629
17195,1137
17196,12873
17197,393
17198,8044
17199,292
17200,6762
17201,319
17202,6395
17203,281
17204,6372
17205,284
17206,6347
17207,274
17208,6390
17209,273
17210,6124
17211,271
17212,6120
17213,274
17214,6063
17215,10442
17216,7732
17217,284
17218,6554
17219,281
17220,6178
17221,292
17222,6179
17223,296
17224,10315
17225,304
17226,6536
17227,290
17228,6395
17229,295
17230,6347
17231,298
17232,6219
17233,282
17234,6151
17235,287
17236,6210
17237,289
17238,6132
17239,284
17240,6196
17241,317
17242,6186
17243,312
17244,6231
17245,298
17246,6123
17247,288
17248,6124
17249,280
17250,6188
17251,280
17252,6204
17253,316
17254,6114
17255,322
17256,7531
17257,330
17258,6592
17259,327
17260,6223
17261,320
17262,6197
17263,326
17264,6399
17265,276
17266,6443
17267,280
17268,6190
17269,285
17270,6136
17271,295
17272,6197
17273,281
17274,6179
17275,286
17276,6244
17277,288
17278,6098
17279,278
17280,6106
17281,280
17282,6043
17283,286
17284,6055
17285,280
17286,6115
17287,293
17288,7600
17289,304
17290,6390
17291,316
17292,6149
17293,283
17294,6152
17295,280
17296,6265
17297,316
17298,6196
17299,302
17300,6158
17301,314
17302,6232
17303,292
17304,6253
17305,318
17306,6036
17307,292
17308,6020
17309,287
17310,6317
17311,288
17312,6137
17313,297
17314,6138
17315,302
17316,6126
17317,296
17318,6103
17319,282
17320,7210
17321,286
17322,6352
17323,284
17324,6084
17325,288
17326,6088
17327,287
17328,6136
17329,313
17330,6377
17331,285
17332,6182
17333,284
17334,44113
17335,663
17336,12409
17337,475
17338,12877
17339,530
17340,12735
17341,518
17342,12416
17343,7172
17344,12409
17345,554
17346,12934
17347,553
17348,12728
17349,600
17350,12600
17351,347
17352,9476
17353,333
17354,6713
17355,290
17356,6303
17357,282
17358,6170
17359,282
17360,6201
17361,284
17362,6238
17363,287
17364,6042
17365,284
17366,6075
17367,280
17368,6222
17369,343
17370,6305
17371,270
17372,6145
17373,265
17374,6151
17375,276
17376,6199
17377,279
17378,6159
17379,279
17380,6168
17381,279
17382,6325
17383,326
17384,7192
17385,315
17386,6307
17387,283
17388,6267
17389,265
17390,6236
17391,282
17392,6203
17393,290
17394,6260
17395,282
17396,6239
17397,332
17398,6194
17399,282
17400,6322
17401,287
17402,6191
17403,280
17404,6237
17405,307
17406,6365
17407,310
17408,6173
17409,400
17410,7243
17411,304
17412,38477
17413,908
17414,16294
17415,579
17416,16971
17417,555
17418,13281
17419,503
17420,12808
17421,548
17422,13576
17423,550
17424,12749
17425,563
17426,12801
17427,474
17428,12768
17429,517
17430,11813
17431,555
17432,12165
17433,537
17434,12832
17435,492
17436,12165
17437,575
17438,13183
17439,557
17440,13281
17441,574
17442,13828
17443,500
17444,12231
17445,551
17446,12087
17447,584
17448,15886
17449,557
17450,12719
17451,551
17452,523239
17453,47433
17454,187427
17455,2115
17456,30590
17457,798
17458,15243
17459,554
17460,12826
17461,532
17462,12369
17463,497
17464,12117
17465,510
17466,12176
17467,501
17468,12048
17469,525
17470,12716
17471,8962
17472,14353
17473,629
17474,12724
17475,485
17476,11304
17477,517
17478,16315
17479,525
17480,16311
17481,479
17482,11570
17483,478
17484,12065
17485,528
17486,11635
17487,525
17488,11637
17489,14544
17490,33169
17491,883
17492,17871
17493,713
17494,15741
17495,628
17496,211626
17497,984
17498,111466
17499,612
17500,15930
17501,364
17502,7411
17503,285
17504,6214
17505,326
17506,6360
17507,271
17508,41802
17509,757
17510,18177
17511,524
17512,17330
17513,501
17514,12712
17515,516
17516,12091
17517,485
17518,11947
17519,531
17520,11873
17521,569
17522,11697
17523,562
17524,12083
17525,528
17526,12126
17527,488
17528,12543
17529,484
17530,12027
17531,514
17532,11317
17533,555
17534,12219
17535,574
17536,1156086
17537,3136
17538,39417
17539,534
17540,10080
17541,353
17542,7337
17543,310
17544,10606
17545,308
17546,6600
17547,297
17548,6557
17549,260
17550,6124
17551,276
17552,6269
17553,258
17554,6203
17555,270
17556,6106
17557,274
17558,6053
17559,254
17560,6290
17561,292
17562,6286
17563,262
17564,6091
17565,273
17566,6168
17567,270
17568,6237
17569,280
17570,6192
17571,279
17572,6268
17573,314
17574,6304
17575,276
17576,7352
17577,286
17578,6783
17579,263
17580,6270
17581,280
17582,6078
17583,315
17584,6166
17585,271
17586,6127
17587,278
17588,6235
17589,276
17590,6152
17591,323
17592,6146
17593,274
17594,6148
17595,276
17596,5973
17597,305
17598,13957
17599,324
17600,6650
17601,278
17602,6245
17603,276
17604,6077
17605,337
17606,6033
17607,269
17608,7310
17609,277
17610,6276
17611,314
17612,6154
17613,268
17614,6159
17615,270
17616,6072
17617,270
17618,6151
17619,267
17620,6222
17621,269
17622,6093
17623,256
17624,6151
17625,257
17626,6079
17627,297
17628,6215
17629,268
17630,6110
17631,268
17632,6101
17633,269
17634,6175
17635,259
17636,6202
17637,272
17638,6037
17639,260
17640,7240
17641,284
17642,6270
17643,280
17644,6115
17645,257
17646,6124
17647,310
17648,6081
17649,277
17650,6077
17651,276
17652,6064
17653,279
17654,6077
17655,310
17656,6079
17657,271
17658,6135
17659,270
17660,6217
17661,304
17662,6150
17663,268
17664,6120
17665,305
17666,6177
17667,276
17668,6095
17669,320
17670,6130
17671,273
17672,7217
17673,285
17674,6235
17675,282
17676,6076
17677,269
17678,6075
17679,276
17680,6303
17681,280
17682,6223
17683,257
17684,5977
17685,271
17686,5987
17687,291
17688,6059
17689,263
17690,6030
17691,256
17692,6069
17693,255
17694,6077
17695,275
17696,6193
17697,309
17698,6207
17699,282
17700,6194
17701,297
17702,6039
17703,265
17704,7214
17705,281
17706,6271
17707,277
17708,6195
17709,281
17710,6127
17711,274
17712,6054
17713,292
17714,6237
17715,278
17716,6035
17717,278
17718,5980
17719,279
17720,6091
17721,325
17722,6222
17723,281
17724,6093
17725,281
17726,6122
17727,308
17728,6188
17729,3357
17730,6882
17731,293
17732,6195
17733,340
17734,6156
17735,275
17736,7515
17737,282
17738,6407
17739,265
17740,6049
17741,279
17742,6179
17743,272
17744,6142
17745,261
17746,6155
17747,316
17748,6033
17749,278
17750,6037
17751,277
17752,6174
17753,271
17754,6121
17755,306
17756,6111
17757,278
17758,6049
17759,261
17760,6243
17761,265
17762,6076
17763,303
17764,6086
17765,284
17766,6212
17767,276
17768,7300
17769,283
17770,6333
17771,283
17772,6129
17773,267
17774,6034
17775,278
17776,6125
17777,274
17778,6163
17779,264
17780,6079
17781,265
17782,6074
17783,278
17784,6077
17785,277
17786,6296
17787,281
17788,6193
17789,271
17790,6036
17791,296
17792,6015
17793,267
17794,6072
17795,273
17796,6043
17797,271
17798,6072
17799,270
17800,7157
17801,281
17802,6220
17803,272
17804,5992
17805,278
17806,6092
17807,277
17808,6080
17809,277
17810,6054
17811,277
17812,6021
17813,258
17814,6146
17815,279
17816,6105
17817,279
17818,6136
17819,271
17820,6204
17821,317
17822,6088
17823,274
17824,5989
17825,314
17826,6248
17827,281
17828,6342
17829,273
17830,6106
17831,281
17832,7155
17833,282
17834,6394
17835,276
17836,6111
17837,309
17838,6002
17839,308
17840,6152
17841,276
17842,6132
17843,331
17844,6104
17845,269
17846,6074
17847,270
17848,6027
17849,283
17850,6112
17851,271
17852,6118
17853,274
17854,6164
17855,299
17856,6007
17857,3074
17858,6784
17859,289
17860,6171
17861,279
17862,6171
17863,302
17864,7491
17865,309
17866,6342
17867,284
17868,6233
17869,276
17870,6141
17871,276
17872,6002
17873,272
17874,6127
17875,274
17876,6001
17877,274
17878,6047
17879,290
17880,6130
17881,276
17882,6092
17883,279
17884,6077
17885,267
17886,6201
17887,285
17888,6009
17889,272
17890,6089
17891,262
17892,6175
17893,271
17894,6034
17895,274
17896,7164
17897,284
17898,6332
17899,274
17900,6041
17901,273
17902,6098
17903,277
17904,6090
17905,280
17906,5998
17907,271
17908,5981
17909,270
17910,5939
17911,281
17912,6024
17913,278
17914,6213
17915,313
17916,6032
17917,310
17918,6321
17919,315
17920,6083
17921,375
17922,7098
17923,357
17924,6260
17925,280
17926,6044
17927,275
17928,7356
17929,296
17930,6412
17931,276
17932,6154
17933,310
17934,6171
17935,287
17936,6129
17937,280
17938,6061
17939,278
17940,6071
17941,282
17942,6129
17943,314
17944,6158
17945,284
17946,6047
17947,304
17948,6077
17949,282
17950,6338
17951,340
17952,6243
17953,320
17954,6279
17955,298
17956,6004
17957,290
17958,6056
17959,283
17960,7162
17961,294
17962,6360
17963,281
17964,6256
17965,307
17966,6091
17967,310
17968,6105
17969,299
17970,6092
17971,277
17972,6038
17973,278
17974,6045
17975,271
17976,6090
17977,274
17978,6029
17979,277
17980,6109
17981,283
17982,6137
17983,278
17984,6136
17985,3849
17986,7195
17987,355
17988,6168
17989,295
17990,6150
17991,276
17992,7614
17993,298
17994,6505
17995,287
17996,6201
17997,277
17998,6032
17999,307
18000,6033
18001,275
18002,6196
18003,314
18004,6072
18005,259
18006,6169
18007,273
18008,6166
18009,272
18010,6115
18011,276
18012,6081
18013,258
18014,6155
18015,261
18016,6010
18017,274
18018,6037
18019,273
18020,6061
18021,271
18022,6140
18023,291
18024,7241
18025,272
18026,6384
18027,299
18028,6081
18029,278
18030,6023
18031,308
18032,6033
18033,300
18034,6133
18035,286
18036,6050
18037,278
18038,6215
18039,300
18040,6054
18041,278
18042,6001
18043,280
18044,6148
18045,265
18046,6110
18047,272
18048,6132
18049,274
18050,6011
18051,308
18052,6205
18053,260
18054,6044
18055,281
18056,7135
18057,279
18058,6294
18059,278
18060,6090
18061,281
18062,6126
18063,313
18064,6153
18065,286
18066,6181
18067,280
18068,6142
18069,311
18070,6039
18071,330
18072,6110
18073,262
18074,6101
18075,298
18076,6124
18077,270
18078,6192
18079,309
18080,6315
18081,277
18082,6213
18083,270
18084,6007
18085,295
18086,6121
18087,271
18088,7342
18089,298
18090,6432
18091,296
18092,6115
18093,275
18094,6184
18095,282
18096,6533
18097,277
18098,6351
18099,269
18100,6077
18101,274
18102,6118
18103,272
18104,6089
18105,264
18106,6045
18107,277
18108,6039
18109,279
18110,6106
18111,3167
18112,6867
18113,311
18114,6351
18115,277
18116,6083
18117,275
18118,6084
18119,269
18120,7424
18121,285
18122,6306
18123,277
18124,6134
18125,311
18126,6302
18127,306
18128,6138
18129,285
18130,6177
18131,280
18132,6031
18133,304
18134,6154
18135,271
18136,5980
18137,269
18138,6056
18139,282
18140,6260
18141,318
18142,6252
18143,287
18144,6013
18145,302
18146,5999
18147,273
18148,6140
18149,279
18150,6105
18151,306
18152,7375
18153,276
18154,6187
18155,295
18156,6031
18157,295
18158,6157
18159,286
18160,6081
18161,276
18162,6132
18163,272
18164,6023
18165,275
18166,6121
18167,274
18168,6051
18169,275
18170,6196
18171,306
18172,6045
18173,274
18174,6160
18175,276
18176,6158
18177,275
18178,6183
18179,278
18180,6079
18181,303
18182,6082
18183,264
18184,7293
18185,280
18186,6344
18187,307
18188,6133
18189,279
18190,6023
18191,297
18192,6152
18193,277
18194,6078
18195,280
18196,6077
18197,276
18198,6122
18199,270
18200,6104
18201,279
18202,6248
18203,330
18204,6251
18205,304
18206,6033
18207,276
18208,6055
18209,262
18210,6055
18211,271
18212,6059
18213,310
18214,6257
18215,277
18216,7340
18217,281
18218,6402
18219,274
18220,6204
18221,321
18222,6113
18223,273
18224,6079
18225,294
18226,6074
18227,276
18228,6056
18229,275
18230,6072
18231,268
18232,6063
18233,268
18234,6061
18235,291
18236,6038
18237,280
18238,6085
18239,3000
18240,6884
18241,280
18242,6388
18243,269
18244,6275
18245,277
18246,6175
18247,273
18248,7169
18249,281
18250,6346
18251,284
18252,6140
18253,317
18254,6204
18255,278
18256,6077
18257,295
18258,6087
18259,294
18260,6030
18261,300
18262,6106
18263,284
18264,6099
18265,289
18266,6146
18267,274
18268,6080
18269,268
18270,6021
18271,270
18272,6106
18273,270
18274,6124
18275,270
18276,6104
18277,257
18278,6102
18279,273
18280,7284
18281,284
18282,6519
18283,281
18284,6113
18285,271
18286,6060
18287,264
18288,6076
18289,312
18290,6083
18291,279
18292,6090
18293,303
18294,6020
18295,277
18296,6203
18297,347
18298,6159
18299,280
18300,6221
18301,281
18302,6020
18303,272
18304,5996
18305,287
18306,6031
18307,263
18308,6086
18309,306
18310,6027
18311,312
18312,7437
18313,280
18314,6334
18315,281
18316,6038
18317,286
18318,6277
18319,266
18320,6080
18321,281
18322,6181
18323,278
18324,6252
18325,280
18326,6060
18327,278
18328,6072
18329,300
18330,6070
18331,275
18332,6075
18333,274
18334,6113
18335,275
18336,6133
18337,273
18338,6016
18339,310
18340,6075
18341,270
18342,6022
18343,279
18344,7203
18345,301
18346,6383
18347,278
18348,6146
18349,280
18350,6088
18351,282
18352,6065
18353,296
18354,6074
18355,279
18356,6002
18357,257
18358,6120
18359,271
18360,6076
18361,270
18362,6041
18363,259
18364,6089
18365,266
18366,6062
18367,2954
18368,6794
18369,279
18370,6305
18371,276
18372,6041
18373,313
18374,6152
18375,270
18376,7322
18377,281
18378,6307
18379,277
18380,6088
18381,337
18382,6187
18383,261
18384,6077
18385,277
18386,6021
18387,274
18388,6123
18389,267
18390,6118
18391,310
18392,6018
18393,273
18394,6142
18395,261
18396,6112
18397,260
18398,6256
18399,275
18400,6125
18401,303
18402,6068
18403,271
18404,6087
18405,269
18406,6006
18407,256
18408,7162
18409,281
18410,6363
18411,283
18412,6170
18413,274
18414,6048
18415,277
18416,6091
18417,270
18418,6118
18419,269
18420,86458
18421,1951
18422,32081
18423,616
18424,16838
18425,471
18426,41930
18427,803
18428,19482
18429,348
18430,7636
18431,279
18432,6551
18433,359
18434,7199
18435,276
18436,6402
18437,286
18438,6020
18439,264
18440,8159
18441,288
18442,6381
18443,270
18444,6126
18445,261
18446,5922
18447,294
18448,6067
18449,270
18450,81791
18451,361
18452,7863
18453,283
18454,207750
18455,405
18456,10692
18457,314
18458,266527
18459,1131
18460,17225
18461,668
18462,15341
18463,603
18464,13754
18465,554
18466,13872
18467,603
18468,13596
18469,480
18470,13220
18471,578
18472,15804
18473,519
18474,11406
18475,516
18476,11045
18477,520
18478,12286
18479,564
18480,12882
18481,557
18482,13282
18483,597
18484,13126
18485,539
18486,11150
18487,516
18488,11228
18489,527
18490,10485
18491,547
18492,11139
18493,543
18494,11228
18495,641
18496,25119
18497,608
18498,12756
18499,567
18500,12669
18501,588
18502,12510
18503,540
18504,15137
18505,542
18506,12838
18507,586
18508,13280
18509,473
18510,12221
18511,499
18512,12939
18513,537
18514,12838
18515,599
18516,13322
18517,546
18518,13432
18519,552
18520,13479
18521,559
18522,12085
18523,445
18524,11994
18525,591
18526,12752
18527,523
18528,12468
18529,620
18530,12320
18531,521
18532,13428
18533,605
18534,12677
18535,560
18536,15606
18537,535
18538,13298
18539,612
18540,11688
18541,511
18542,12074
18543,499
18544,11940
18545,561
18546,12039
18547,540
18548,12444
18549,522
18550,12538
18551,559
18552,13063
18553,481
18554,12762
18555,524
18556,12681
18557,524
18558,13481
18559,546
18560,12754
18561,615
18562,12840
18563,783
18564,13224
18565,576
18566,12519
18567,584
18568,14917
18569,593
18570,12427
18571,558
18572,14239
18573,569
18574,13113
18575,566
18576,13761
18577,497
18578,14120
18579,556
18580,14219
18581,658
18582,14078
18583,634
18584,13960
18585,623
18586,13927
18587,554
18588,12736
18589,480
18590,11830
18591,461
18592,11147
18593,476
18594,12290
18595,584
18596,11608
18597,480
18598,11859
18599,515
18600,14450
18601,569
18602,12757
18603,483
18604,11848
18605,512
18606,11845
18607,501
18608,18572
18609,639
18610,17074
18611,609
18612,12629
18613,473
18614,11894
18615,554
18616,12146
18617,520
18618,13140
18619,471
18620,12430
18621,480
18622,22004
18623,536
18624,14116
18625,590
18626,13721
18627,497
18628,13588
18629,563
18630,13870
18631,631
18632,17412
18633,616
18634,13788
18635,549
18636,12768
18637,672
18638,13437
18639,546
18640,13720
18641,525
18642,12048
18643,475
18644,11318
18645,483
18646,11784
18647,507
18648,11205
18649,507
18650,10873
18651,475
18652,11898
18653,485
18654,11400
18655,499
18656,11369
18657,541
18658,12730
18659,524
18660,1071924
18661,2265
18662,38525
18663,489
18664,13459
18665,338
18666,7721
18667,286
18668,6806
18669,279
18670,6517
18671,280
18672,6287
18673,258
18674,6405
18675,308
18676,6302
18677,258
18678,6171
18679,272
18680,6259
18681,274
18682,6361
18683,279
18684,6276
18685,274
18686,6131
18687,267
18688,6360
18689,280
18690,6151
18691,273
18692,6156
18693,272
18694,6072
18695,271
18696,7430
18697,279
18698,6390
18699,268
18700,6024
18701,298
18702,6103
18703,323
18704,6064
18705,274
18706,6176
18707,279
18708,6249
18709,270
18710,6201
18711,277
18712,5986
18713,319
18714,6164
18715,285
18716,6085
18717,279
18718,6850
18719,278
18720,6100
18721,320
18722,6528
18723,295
18724,6230
18725,276
18726,6100
18727,261
18728,7276
18729,280
18730,6295
18731,267
18732,6148
18733,315
18734,6224
18735,277
18736,6194
18737,306
18738,6372
18739,297
18740,6061
18741,276
18742,6128
18743,277
18744,6141
18745,278
18746,6205
18747,285
18748,6262
18749,288
18750,19250
18751,303
18752,6388
18753,322
18754,6117
18755,324
18756,6108
18757,279
18758,6334
18759,316
18760,7696
18761,315
18762,6620
18763,278
18764,6277
18765,295
18766,6039
18767,271
18768,6020
18769,285
18770,6190
18771,272
18772,6132
18773,259
18774,5968
18775,274
18776,6090
18777,275
18778,5966
18779,275
18780,6120
18781,275
18782,6047
18783,275
18784,6099
18785,291
18786,6117
18787,266
18788,6272
18789,283
18790,6075
18791,263
18792,7356
18793,287
18794,6273
18795,280
18796,6294
18797,285
18798,6163
18799,272
18800,6012
18801,277
18802,6009
18803,274
18804,6207
18805,274
18806,6054
18807,307
18808,6063
18809,308
18810,6120
18811,277
18812,5943
18813,272
18814,6049
18815,289
18816,6051
18817,273
18818,6075
18819,275
18820,6184
18821,278
18822,6057
18823,339
18824,7367
18825,284
18826,6448
18827,287
18828,6143
18829,274
18830,6118
18831,305
18832,6034
18833,280
18834,6043
18835,266
18836,6066
18837,285
18838,6188
18839,276
18840,5921
18841,338
18842,6058
18843,338
18844,6051
18845,276
18846,6053
18847,308
18848,6141
18849,268
18850,6194
18851,288
18852,6067
18853,283
18854,6051
18855,307
18856,7256
18857,285
18858,6295
18859,290
18860,6355
18861,277
18862,5994
18863,277
18864,6219
18865,285
18866,6134
18867,312
18868,6192
18869,287
18870,6472
18871,279
18872,6322
18873,296
18874,6240
18875,279
18876,6285
18877,296
18878,11461
18879,334
18880,6590
18881,279
18882,6490
18883,272
18884,6235
18885,305
18886,6318
18887,257
18888,7529
18889,338
18890,6395
18891,298
18892,6209
18893,286
18894,6082
18895,278
18896,6323
18897,311
18898,6198
18899,294
18900,6151
18901,302
18902,6393
18903,275
18904,6196
18905,283
18906,6302
18907,275
18908,6146
18909,276
18910,6045
18911,289
18912,6106
18913,301
18914,6219
18915,265
18916,6130
18917,282
18918,6239
18919,279
18920,7557
18921,265
18922,6166
18923,276
18924,6202
18925,278
18926,6017
18927,327
18928,6147
18929,264
18930,6387
18931,274
18932,6058
18933,322
18934,6222
18935,311
18936,6328
18937,317
18938,6245
18939,403
18940,6435
18941,279
18942,6056
18943,277
18944,6480
18945,399
18946,7678
18947,299
18948,6354
18949,318
18950,6320
18951,267
18952,7543
18953,315
18954,6768
18955,279
18956,6197
18957,269
18958,6189
18959,270
18960,6362
18961,270
18962,6356
18963,274
18964,6179
18965,268
18966,6101
18967,260
18968,6227
18969,270
18970,6083
18971,270
18972,6258
18973,259
18974,6198
18975,266
18976,6113
18977,259
18978,6090
18979,273
18980,6094
18981,271
18982,6049
18983,287
18984,7316
18985,277
18986,6247
18987,258
18988,6096
18989,263
18990,5998
18991,272
18992,6235
18993,269
18994,6150
18995,276
18996,6100
18997,276
18998,6055
18999,261
19000,6154
19001,274
19002,6079
19003,304
19004,6110
19005,472
19006,10854
19007,319
19008,6508
19009,299
19010,6093
19011,303
19012,6087
19013,274
19014,6023
19015,274
19016,7521
19017,296
19018,6279
19019,312
19020,5953
19021,273
19022,6209
19023,272
19024,5946
19025,262
19026,6030
19027,273
19028,6320
19029,308
19030,6103
19031,314
19032,6056
19033,280
19034,6158
19035,290
19036,6148
19037,276
19038,6077
19039,286
19040,6198
19041,275
19042,6108
19043,278
19044,6160
19045,263
19046,6244
19047,274
19048,7410
19049,284
19050,6249
19051,300
19052,79051
19053,473
19054,9916
19055,311
19056,6570
19057,297
19058,6315
19059,273
19060,6093
19061,279
19062,6022
19063,272
19064,6004
19065,309
19066,6117
19067,321
19068,6043
19069,278
19070,6047
19071,277
19072,6048
19073,305
19074,6148
19075,286
19076,6076
19077,266
19078,6149
19079,279
19080,8132
19081,320
19082,6360
19083,269
19084,6278
19085,294
19086,6026
19087,280
19088,6271
19089,297
19090,6051
19091,286
19092,6046
19093,310
19094,6053
19095,278
19096,6066
19097,278
19098,6005
19099,278
19100,6080
19101,327
19102,6272
19103,276
19104,6303
19105,324
19106,6087
19107,278
19108,6057
19109,309
19110,6091
19111,278
19112,7202
19113,299
19114,6145
19115,312
19116,6055
19117,281
19118,6121
19119,281
19120,6094
19121,293
19122,6166
19123,283
19124,6112
19125,289
19126,6126
19127,284
19128,6121
19129,279
19130,6177
19131,272
19132,11646
19133,280
19134,6392
19135,278
19136,6194
19137,277
19138,44068
19139,340
19140,8844
19141,299
19142,6399
19143,281
19144,7809
19145,282
19146,6312
19147,326
19148,6081
19149,276
19150,6230
19151,280
19152,6130
19153,278
19154,6027
19155,285
19156,5994
19157,343
19158,6065
19159,309
19160,6041
19161,277
19162,6056
19163,278
19164,83302
19165,1074
19166,15399
19167,482
19168,8540
19169,364
19170,6960
19171,293
19172,6530
19173,301
19174,32404
19175,796
19176,17613
19177,556
19178,73725
19179,553
19180,11084
19181,350
19182,6866
19183,284
19184,6800
19185,280
19186,6244
19187,281
19188,6158
19189,322
19190,6208
19191,293
19192,6203
19193,298
19194,6159
19195,279
19196,6121
19197,277
19198,6031
19199,275
19200,6115
19201,277
19202,6124
19203,275
19204,6010
19205,321
19206,8369
19207,333
19208,6654
19209,314
19210,6266
19211,285
19212,6222
19213,378
19214,7979
19215,285
19216,6333
19217,305
19218,6201
19219,291
19220,6110
19221,340
19222,6050
19223,327
19224,6157
19225,328
19226,6144
19227,315
19228,6209
19229,315
19230,6161
19231,279
19232,6198
19233,293
19234,6080
19235,282
19236,5937
19237,283
19238,7541
19239,268
19240,6281
19241,320
19242,6239
19243,281
19244,6253
19245,263
19246,6137
19247,297
19248,6150
19249,294
19250,6092
19251,288
19252,6039
19253,282
19254,6134
19255,284
19256,6106
19257,279
19258,6116
19259,281
19260,15194
19261,326
19262,6357
19263,283
19264,6219
19265,284
19266,6160
19267,282
19268,5968
19269,296
19270,7442
19271,300
19272,6230
19273,288
19274,6091
19275,314
19276,6208
19277,316
19278,6116
19279,298
19280,6135
19281,278
19282,6034
19283,297
19284,6197
19285,298
19286,5947
19287,294
19288,6288
19289,332
19290,5967
19291,284
19292,6090
19293,281
19294,5958
19295,294
19296,6073
19297,277
19298,6094
19299,281
19300,6121
19301,281
19302,7312
19303,291
19304,6240
19305,288
19306,6054
19307,296
19308,6150
19309,297
19310,6091
19311,288
19312,6085
19313,328
19314,5987
19315,283
19316,6056
19317,285
19318,5967
19319,316
19320,6096
19321,282
19322,6179
19323,300
19324,6165
19325,287
19326,6050
19327,286
19328,6057
19329,317
19330,6252
19331,285
19332,6072
19333,318
19334,7190
19335,310
19336,6215
19337,318
19338,6071
19339,283
19340,6000
19341,309
19342,6093
19343,282
19344,6017
19345,275
19346,6057
19347,282
19348,6062
19349,280
19350,6027
19351,282
19352,6071
19353,285
19354,6022
19355,293
19356,6122
19357,314
19358,6099
19359,289
19360,6069
19361,302
19362,6067
19363,298
19364,5954
19365,284
19366,7367
19367,306
19368,6430
19369,300
19370,6321
19371,292
19372,6125
19373,290
19374,6077
19375,308
19376,6052
19377,281
19378,6019
19379,304
19380,5993
19381,290
19382,6127
19383,317
19384,6025
19385,329
19386,6032
19387,283
19388,9742
19389,330
19390,6377
19391,284
19392,6150
19393,282
19394,5968
19395,281
19396,6069
19397,318
19398,7477
19399,297
19400,6272
19401,281
19402,5999
19403,289
19404,6101
19405,286
19406,6157
19407,286
19408,6172
19409,282
19410,6080
19411,301
19412,6034
19413,318
19414,6052
19415,292
19416,6085
19417,285
19418,6010
19419,295
19420,6049
19421,277
19422,5954
19423,277
19424,6045
19425,279
19426,6158
19427,279
19428,6053
19429,311
19430,7361
19431,300
19432,6359
19433,288
19434,6095
19435,316
19436,6103
19437,286
19438,6043
19439,312
19440,6037
19441,319
19442,5969
19443,329
19444,6038
19445,284
19446,6137
19447,285
19448,5920
19449,286
19450,6125
19451,282
19452,6127
19453,284
19454,6142
19455,313
19456,6150
19457,390
19458,6996
19459,288
19460,6343
19461,290
19462,7349
19463,288
19464,6373
19465,331
19466,6204
19467,291
19468,6133
19469,345
19470,6100
19471,325
19472,6129
19473,301
19474,6110
19475,282
19476,6022
19477,289
19478,6037
19479,281
19480,6058
19481,282
19482,6049
19483,295
19484,6086
19485,311
19486,6196
19487,312
19488,6434
19489,301
19490,6120
19491,285
19492,6163
19493,326
19494,7291
19495,293
19496,6297
19497,289
19498,6159
19499,299
19500,6079
19501,285
19502,6029
19503,283
19504,6090
19505,293
19506,6042
19507,317
19508,5963
19509,314
19510,6012
19511,323
19512,6092
19513,320
19514,6112
19515,479
19516,10184
19517,305
19518,6389
19519,309
19520,6093
19521,321
19522,6123
19523,310
19524,6158
19525,292
19526,7353
19527,309
19528,6348
19529,326
19530,6037
19531,278
19532,6031
19533,284
19534,6173
19535,303
19536,6189
19537,280
19538,6227
19539,279
19540,5961
19541,357
19542,6055
19543,319
19544,6078
19545,275
19546,6045
19547,282
19548,6140
19549,282
19550,6119
19551,281
19552,5984
19553,287
19554,6223
19555,300
19556,6098
19557,281
19558,7308
19559,284
19560,6399
19561,282
19562,6131
19563,294
19564,6093
19565,279
19566,6052
19567,333
19568,5964
19569,281
19570,6059
19571,281
19572,5982
19573,295
19574,6123
19575,310
19576,6031
19577,276
19578,6135
19579,283
19580,6093
19581,299
19582,6192
19583,284
19584,6121
19585,284
19586,6105
19587,278
19588,6161
19589,281
19590,7518
19591,319
19592,6368
19593,282
19594,6279
19595,343
19596,6095
19597,309
19598,6132
19599,313
19600,6066
19601,283
19602,6074
19603,276
19604,6065
19605,307
19606,6043
19607,287
19608,6062
19609,300
19610,5930
19611,278
19612,6086
19613,342
19614,6077
19615,279
19616,6032
19617,2967
19618,16638
19619,379
19620,8158
19621,1822
19622,13965
19623,312
19624,7235
19625,269
19626,6354
19627,298
19628,6043
19629,276
19630,6025
19631,270
19632,6060
19633,271
19634,5996
19635,268
19636,17322
19637,1539
19638,14312
19639,311
19640,7686
19641,290
19642,14164
19643,283
19644,6521
19645,310
19646,6162
19647,276
19648,6216
19649,273
19650,6388
19651,280
19652,6275
19653,326
19654,8461
19655,281
19656,6494
19657,288
19658,6679
19659,284
19660,6151
19661,279
19662,6234
19663,275
19664,6187
19665,276
19666,6250
19667,300
19668,6241
19669,282
19670,6252
19671,297
19672,6153
19673,276
19674,6145
19675,277
19676,6178
19677,299
19678,6137
19679,277
19680,6249
19681,300
19682,6198
19683,317
19684,6226
19685,278
19686,7602
19687,334
19688,6436
19689,321
19690,6284
19691,279
19692,6266
19693,278
19694,6236
19695,278
19696,6090
19697,281
19698,6207
19699,280
19700,6336
19701,280
19702,6126
19703,281
19704,6345
19705,284
19706,6128
19707,282
19708,6217
19709,275
19710,6105
19711,276
19712,6346
19713,275
19714,6348
19715,280
19716,6257
19717,279
19718,7511
19719,291
19720,6405
19721,290
19722,6283
19723,283
19724,6364
19725,283
19726,6290
19727,313
19728,6297
19729,282
19730,6304
19731,311
19732,6259
19733,286
19734,6183
19735,315
19736,6249
19737,319
19738,6244
19739,281
19740,6226
19741,284
19742,6182
19743,282
19744,6139
19745,263
19746,6013
19747,3497
19748,6681
19749,290
19750,7645
19751,288
19752,6415
19753,283
19754,6220
19755,280
19756,6277
19757,282
19758,6154
19759,314
19760,6225
19761,314
19762,6394
19763,308
19764,6245
19765,308
19766,6177
19767,281
19768,6266
19769,278
19770,10314
19771,306
19772,6343
19773,276
19774,6228
19775,279
19776,6354
19777,291
19778,6406
19779,280
19780,6142
19781,279
19782,7711
19783,311
19784,6447
19785,279
19786,6201
19787,314
19788,6297
19789,330
19790,6121
19791,312
19792,6195
19793,286
19794,6222
19795,307
19796,6327
19797,293
19798,6205
19799,300
19800,6220
19801,276
19802,6310
19803,279
19804,6184
19805,309
19806,6177
19807,280
19808,6197
19809,330
19810,6211
19811,313
19812,6235
19813,333
19814,7433
19815,332
19816,6448
19817,280
19818,6172
19819,268
19820,6208
19821,282
19822,6406
19823,297
19824,6277
19825,274
19826,6232
19827,317
19828,6198
19829,312
19830,6335
19831,286
19832,6301
19833,281
19834,6335
19835,284
19836,6311
19837,280
19838,6427
19839,282
19840,6253
19841,279
19842,6202
19843,308
19844,6129
19845,280
19846,7265
19847,284
19848,6411
19849,285
19850,6280
19851,304
19852,6253
19853,283
19854,6224
19855,280
19856,6197
19857,281
19858,6174
19859,277
19860,6152
19861,300
19862,6203
19863,306
19864,6219
19865,285
19866,6302
19867,276
19868,6203
19869,278
19870,6218
19871,282
19872,6299
19873,313
19874,6138
19875,280
19876,6220
19877,320
19878,7462
19879,281
19880,6346
19881,296
19882,6236
19883,292
19884,6301
19885,302
19886,6299
19887,299
19888,6272
19889,280
19890,6233
19891,299
19892,6187
19893,298
19894,6169
19895,284
19896,6391
19897,275
19898,9559
19899,286
19900,6351
19901,282
19902,6202
19903,283
19904,6319
19905,281
19906,6301
19907,298
19908,6250
19909,280
19910,7561
19911,317
19912,6475
19913,296
19914,6280
19915,293
19916,6269
19917,317
19918,6472
19919,299
19920,6197
19921,311
19922,6214
19923,324
19924,6278
19925,326
19926,6335
19927,284
19928,6105
19929,317
19930,6246
19931,311
19932,6224
19933,297
19934,6333
19935,294
19936,6323
19937,281
19938,6127
19939,279
19940,6161
19941,297
19942,7383
19943,313
19944,6376
19945,313
19946,6156
19947,284
19948,6344
19949,280
19950,6404
19951,283
19952,6260
19953,320
19954,6169
19955,278
19956,6218
19957,316
19958,6212
19959,284
19960,6186
19961,284
19962,6318
19963,282
19964,6270
19965,299
19966,6226
19967,299
19968,6753
19969,392
19970,6937
19971,285
19972,6371
19973,295
19974,7596
19975,299
19976,6308
19977,290
19978,6246
19979,301
19980,6250
19981,286
19982,6185
19983,318
19984,6262
19985,298
19986,6157
19987,281
19988,6282
19989,296
19990,6117
19991,281
19992,6427
19993,292
19994,6218
19995,309
19996,6240
19997,319
19998,6326
19999,285
20000,6282
20001,309
20002,6142
20003,283
20004,6166
20005,321
20006,7566
20007,287
20008,6470
20009,282
20010,6164
20011,283
20012,6211
20013,300
20014,6156
20015,282
20016,6200
20017,357
20018,6271
20019,286
20020,6244
20021,297
20022,6179
20023,283
20024,6155
20025,413
20026,10009
20027,312
20028,6354
20029,277
20030,6346
20031,310
20032,6267
20033,280
20034,6157
20035,307
20036,6171
20037,279
20038,7435
20039,288
20040,6541
20041,307
20042,6263
20043,279
20044,6317
20045,279
20046,6466
20047,315
20048,6242
20049,278
20050,6236
20051,281
20052,6235
20053,281
20054,6301
20055,313
20056,6125
20057,280
20058,6164
20059,306
20060,6268
20061,308
20062,6178
20063,328
20064,6134
20065,277
20066,6201
20067,279
20068,6160
20069,274
20070,7326
20071,286
20072,6274
20073,300
20074,6282
20075,279
20076,6160
20077,280
20078,6208
20079,277
20080,6155
20081,282
20082,6238
20083,278
20084,6146
20085,283
20086,6076
20087,289
20088,6280
20089,280
20090,6088
20091,297
20092,6219
20093,279
20094,6157
20095,302
20096,6225
20097,283
20098,6200
20099,278
20100,6305
20101,300
20102,7308
20103,292
20104,6339
20105,280
20106,6099
20107,282
20108,6237
20109,302
20110,6139
20111,280
20112,6187
20113,285
20114,6303
20115,299
20116,6260
20117,314
20118,6285
20119,295
20120,6242
20121,282
20122,6155
20123,317
20124,6186
20125,316
20126,6267
20127,312
20128,6245
20129,278
20130,6315
20131,280
20132,6152
20133,314
20134,7528
20135,302
20136,6360
20137,324
20138,6225
20139,283
20140,6118
20141,279
20142,6274
20143,307
20144,6266
20145,281
20146,6196
20147,279
20148,6239
20149,293
20150,6282
20151,284
20152,9536
20153,333
20154,6372
20155,281
20156,6335
20157,277
20158,6319
20159,295
20160,6240
20161,279
20162,6287
20163,293
20164,6223
20165,310
20166,7410
20167,334
20168,6446
20169,276
20170,6237
20171,280
20172,6280
20173,278
20174,6115
20175,282
20176,6318
20177,282
20178,6122
20179,283
20180,6080
20181,284
20182,6124
20183,311
20184,6283
20185,280
20186,6127
20187,281
20188,6245
20189,317
20190,6250
20191,293
20192,6155
20193,281
20194,6132
20195,313
20196,6136
20197,280
20198,7454
20199,295
20200,6316
20201,283
20202,6321
20203,313
20204,6238
20205,307
20206,6300
20207,306
20208,6222
20209,277
20210,6228
20211,290
20212,6302
20213,289
20214,6308
20215,286
20216,6326
20217,305
20218,6317
20219,305
20220,6299
20221,282
20222,6318
20223,276
20224,6242
20225,301
20226,6310
20227,309
20228,6240
20229,283
20230,7475
20231,283
20232,6388
20233,315
20234,6243
20235,284
20236,6196
20237,285
20238,6365
20239,282
20240,6169
20241,319
20242,6221
20243,279
20244,6130
20245,280
20246,6193
20247,283
20248,6242
20249,289
20250,6238
20251,282
20252,6109
20253,277
20254,6181
20255,281
20256,6241
20257,312
20258,6129
20259,369
20260,6169
20261,315
20262,7367
20263,291
20264,6436
20265,286
20266,6096
20267,295
20268,6236
20269,294
20270,6165
20271,279
20272,6367
20273,280
20274,6485
20275,300
20276,6230
20277,293
20278,6309
20279,300
20280,9860
20281,291
20282,6455
20283,309
20284,6149
20285,277
20286,6278
20287,282
20288,6137
20289,278
20290,6235
20291,264
20292,6161
20293,310
20294,7534
20295,305
20296,6429
20297,280
20298,6140
20299,283
20300,6280
20301,283
20302,6225
20303,290
20304,6643
20305,310
20306,6145
20307,283
20308,6129
20309,283
20310,6300
20311,283
20312,6244
20313,278
20314,6120
20315,275
20316,6203
20317,283
20318,6216
20319,286
20320,6181
20321,281
20322,6199
20323,274
20324,6125
20325,280
20326,7555
20327,289
20328,6351
20329,280
20330,6376
20331,281
20332,6256
20333,280
20334,6278
20335,282
20336,6194
20337,281
20338,6367
20339,285
20340,6318
20341,278
20342,6300
20343,293
20344,6295
20345,286
20346,6441
20347,281
20348,6391
20349,287
20350,39091
20351,373
20352,8808
20353,316
20354,6421
20355,279
20356,6287
20357,271
20358,7801
20359,280
20360,6421
20361,276
20362,6104
20363,280
20364,6052
20365,299
20366,752620
20367,1817
20368,37132
20369,473
20370,9909
20371,343
20372,7465
20373,335
20374,6882
20375,277
20376,6524
20377,277
20378,6272
20379,278
20380,6179
20381,263
20382,6371
20383,279
20384,28335
20385,695
20386,18767
20387,563
20388,12927
20389,553
20390,18138
20391,582
20392,12564
20393,463
20394,11642
20395,598
20396,12164
20397,564
20398,12813
20399,567
20400,296701
20401,1510
20402,26655
20403,563
20404,15249
20405,513
20406,13752
20407,502
20408,27814
20409,613
20410,13409
20411,564
20412,13489
20413,491
20414,12647
20415,518
20416,11960
20417,503
20418,12707
20419,497
20420,12701
20421,555
20422,18764
20423,517
20424,13498
20425,570
20426,13253
20427,606
20428,13199
20429,511
20430,11999
20431,507
20432,12123
20433,511
20434,13196
20435,513
20436,12657
20437,516
20438,94669
20439,1051
20440,23827
20441,665
20442,35441
20443,664
20444,17031
20445,529
20446,13005
20447,435
20448,31603
20449,562
20450,89204
20451,448
20452,12202
20453,316
20454,10935
20455,300
20456,6807
20457,285
20458,6270
20459,318
20460,6175
20461,268
20462,6110
20463,273
20464,6085
20465,271
20466,5993
20467,270
20468,6007
20469,264
20470,6108
20471,270
20472,6076
20473,262
20474,6200
20475,274
20476,6105
20477,260
20478,6043
20479,303
20480,6253
20481,441
20482,7410
20483,329
20484,6598
20485,280
20486,7636
20487,317
20488,6434
20489,286
20490,6757
20491,277
20492,6117
20493,278
20494,6254
20495,262
20496,6118
20497,279
20498,6128
20499,282
20500,6301
20501,278
20502,6277
20503,274
20504,6185
20505,274
20506,6167
20507,284
20508,6296
20509,280
20510,6033
20511,277
20512,6214
20513,283
20514,6196
20515,296
20516,6181
20517,280
20518,7508
20519,299
20520,6134
20521,298
20522,6249
20523,304
20524,6270
20525,282
20526,6425
20527,281
20528,6155
20529,281
20530,6126
20531,277
20532,6090
20533,282
20534,6186
20535,435
20536,12841
20537,331
20538,6596
20539,314
20540,6314
20541,275
20542,6145
20543,270
20544,6146
20545,265
20546,6338
20547,277
20548,6073
20549,277
20550,7555
20551,320
20552,50114
20553,996
20554,21273
20555,567
20556,14098
20557,628
20558,12813
20559,547
20560,16273
20561,614
20562,17235
20563,1182
20564,28070
20565,767
20566,20132
20567,516
20568,18770
20569,596
20570,17767
20571,734
20572,17357
20573,1051
20574,17679
20575,592
20576,12168
20577,566
20578,11112
20579,533
20580,12286
20581,633
20582,17555
20583,544
20584,12322
20585,571
20586,12313
20587,600
20588,12304
20589,536
20590,22940
20591,581
20592,12588
20593,526
20594,12356
20595,571
20596,11767
20597,535
20598,12957
20599,476
20600,12714
20601,503
20602,12391
20603,483
20604,12116
20605,520
20606,12372
20607,494
20608,11922
20609,590
20610,12285
20611,562
20612,11725
20613,561
20614,14294
20615,485
20616,12717
20617,533
20618,12540
20619,515
20620,12427
20621,548
20622,12616
20623,521
20624,12609
20625,571
20626,12577
20627,469
20628,11337
20629,464
20630,11245
20631,470
20632,11114
20633,473
20634,11440
20635,483
20636,11422
20637,482
20638,11646
20639,477
20640,12343
20641,458
20642,11104
20643,433
20644,11510
20645,641
20646,15058
20647,539
20648,47752
20649,704
20650,15416
20651,662
20652,12609
20653,460
20654,11880
20655,536
20656,11610
20657,582
20658,15424
20659,548
20660,12297
20661,555
20662,22336
20663,474
20664,10992
20665,525
20666,12289
20667,551
20668,12764
20669,692
20670,742324
20671,2161
20672,28149
20673,615
20674,15561
20675,592
20676,13202
20677,464
20678,17299
20679,505
20680,13400
20681,547
20682,12889
20683,515
20684,13172
20685,613
20686,13068
20687,555
20688,12427
20689,504
20690,10839
20691,497
20692,10637
20693,504
20694,11873
20695,500
20696,12656
20697,537
20698,13607
20699,515
20700,13484
20701,528
20702,13550
20703,523
20704,13033
20705,533
20706,12399
20707,505
20708,13055
20709,445
20710,16280
20711,536
20712,13983
20713,523
20714,12778
20715,516
20716,10909
20717,506
20718,10800
20719,479
20720,11441
20721,514
20722,12344
20723,554
20724,13243
20725,572
20726,13535
20727,571
20728,13572
20729,600
20730,12833
20731,585
20732,12457
20733,533
20734,13008
20735,597
20736,12876
20737,543
20738,18802
20739,622
20740,16248
20741,555
20742,15538
20743,582
20744,58563
20745,504
20746,14591
20747,520
20748,32410
20749,1098
20750,22876
20751,519
20752,10429
20753,369
20754,7536
20755,313
20756,6946
20757,263
20758,6671
20759,257
20760,6441
20761,275
20762,6317
20763,308
20764,6387
20765,279
20766,6383
20767,277
20768,6251
20769,273
20770,6276
20771,274
20772,6201
20773,280
20774,9182
20775,318
20776,6575
20777,298
20778,8558
20779,292
20780,6834
20781,271
20782,6423
20783,308
20784,6171
20785,273
20786,6175
20787,311
20788,6127
20789,291
20790,14695
20791,290
20792,6530
20793,276
20794,6271
20795,276
20796,6416
20797,346
20798,6147
20799,276
20800,6096
20801,280
20802,6560
20803,280
20804,6287
20805,287
20806,7587
20807,280
20808,6330
20809,281
20810,6330
20811,277
20812,6324
20813,308
20814,6108
20815,308
20816,6118
20817,261
20818,6090
20819,272
20820,6224
20821,270
20822,6101
20823,280
20824,6184
20825,278
20826,6121
20827,260
20828,6132
20829,264
20830,6475
20831,272
20832,6183
20833,280
20834,6241
20835,273
20836,6198
20837,279
20838,7425
20839,288
20840,6633
20841,275
20842,6352
20843,262
20844,6252
20845,327
20846,6464
20847,296
20848,6160
20849,283
20850,6212
20851,273
20852,6201
20853,272
20854,6103
20855,267
20856,6308
20857,279
20858,6086
20859,273
20860,6262
20861,282
20862,6259
20863,276
20864,6228
20865,283
20866,6196
20867,274
20868,6259
20869,280
20870,7374
20871,285
20872,6431
20873,283
20874,6288
20875,280
20876,6255
20877,286
20878,6248
20879,273
20880,6281
20881,263
20882,6480
20883,277
20884,6205
20885,311
20886,6202
20887,275
20888,6220
20889,276
20890,6160
20891,276
20892,6169
20893,275
20894,6188
20895,278
20896,6257
20897,296
20898,6161
20899,279
20900,6129
20901,300
20902,7272
20903,281
20904,6627
20905,298
20906,6568
20907,283
20908,6208
20909,282
20910,6199
20911,278
20912,6237
20913,275
20914,10526
20915,316
20916,7028
20917,281
20918,11615
20919,288
20920,6708
20921,304
20922,6280
20923,274
20924,6115
20925,269
20926,6051
20927,275
20928,6018
20929,272
20930,6162
20931,306
20932,6143
20933,258
20934,7790
20935,303
20936,6478
20937,298
20938,6073
20939,274
20940,6355
20941,309
20942,9222
20943,315
20944,6508
20945,302
20946,6310
20947,271
20948,6042
20949,300
20950,6130
20951,282
20952,6160
20953,283
20954,6298
20955,273
20956,6135
20957,273
20958,6073
20959,267
20960,6139
20961,271
20962,6185
20963,275
20964,6186
20965,259
20966,7343
20967,283
20968,6356
20969,284
20970,6234
20971,308
20972,6080
20973,276
20974,6063
20975,275
20976,6054
20977,298
20978,6237
20979,267
20980,6271
20981,278
20982,6246
20983,297
20984,6271
20985,274
20986,6167
20987,278
20988,6150
20989,310
20990,6146
20991,276
20992,6276
20993,368
20994,7629
20995,293
20996,9237
20997,335
20998,8066
20999,287
21000,6445
21001,310
21002,6150
21003,276
21004,6187
21005,320
21006,6305
21007,281
21008,6228
21009,276
21010,6259
21011,277
21012,6258
21013,283
21014,6194
21015,284
21016,6118
21017,286
21018,6325
21019,282
21020,6092
21021,272
21022,6223
21023,323
21024,6132
21025,275
21026,6133
21027,301
21028,6239
21029,318
21030,7305
21031,310
21032,6418
21033,285
21034,6190
21035,304
21036,6268
21037,274
21038,6227
21039,279
21040,6318
21041,272
21042,6332
21043,282
21044,6322
21045,440
21046,12018
21047,323
21048,9500
21049,329
21050,6884
21051,280
21052,6412
21053,279
21054,6088
21055,302
21056,6107
21057,277
21058,6359
21059,276
21060,6212
21061,307
21062,7455
21063,314
21064,6294
21065,286
21066,6218
21067,292
21068,6115
21069,306
21070,6097
21071,285
21072,6124
21073,296
21074,6155
21075,276
21076,6424
21077,281
21078,6314
21079,274
21080,6412
21081,282
21082,6127
21083,271
21084,6088
21085,294
21086,6080
21087,309
21088,6262
21089,272
21090,6120
21091,275
21092,6249
21093,283
21094,7365
21095,297
21096,6344
21097,288
21098,8930
21099,318
21100,6796
21101,286
21102,6393
21103,277
21104,6279
21105,280
21106,6314
21107,283
21108,6160
21109,280
21110,6318
21111,280
21112,6144
21113,336
21114,6298
21115,292
21116,6242
21117,272
21118,6082
21119,278
21120,6257
21121,285
21122,6342
21123,307
21124,6152
21125,280
21126,7423
21127,288
21128,6371
21129,314
21130,6257
21131,278
21132,6214
21133,289
21134,6200
21135,278
21136,6213
21137,282
21138,6228
21139,276
21140,6219
21141,280
21142,6312
21143,309
21144,6275
21145,286
21146,6296
21147,278
21148,6166
21149,310
21150,6281
21151,287
21152,6166
21153,313
21154,6180
21155,275
21156,6124
21157,281
21158,7323
21159,282
21160,6267
21161,278
21162,6114
21163,282
21164,6240
21165,287
21166,6297
21167,276
21168,6194
21169,273
21170,6215
21171,275
21172,10814
21173,331
21174,6598
21175,282
21176,6300
21177,289
21178,6219
21179,310
21180,6245
21181,273
21182,6089
21183,337
21184,6198
21185,267
21186,6103
21187,350
21188,6326
21189,278
21190,7460
21191,280
21192,6532
21193,292
21194,6356
21195,265
21196,6248
21197,300
21198,6185
21199,273
21200,6143
21201,280
21202,6215
21203,281
21204,6340
21205,303
21206,9325
21207,314
21208,6836
21209,300
21210,6308
21211,280
21212,6237
21213,279
21214,6087
21215,276
21216,6216
21217,276
21218,6345
21219,277
21220,6613
21221,267
21222,7498
21223,318
21224,6490
21225,300
21226,6257
21227,282
21228,6254
21229,311
21230,6176
21231,312
21232,6241
21233,287
21234,6332
21235,300
21236,6328
21237,22468
21238,136281
21239,769
21240,20708
21241,565
21242,13900
21243,442
21244,11389
21245,413
21246,11122
21247,455
21248,11584
21249,488
21250,11546
21251,484
21252,11120
21253,523
21254,14402
21255,657
21256,11397
21257,525
21258,10741
21259,409
21260,10255
21261,559
21262,11049
21263,524
21264,10874
21265,436
21266,11008
21267,457
21268,11155
21269,491
21270,12582
21271,591
21272,11478
21273,550
21274,12386
21275,558
21276,13276
21277,540
21278,12046
21279,642
21280,13135
21281,586
21282,12948
21283,587
21284,12812
21285,554
21286,37244
21287,673
21288,14391
21289,564
21290,13404
21291,563
21292,13311
21293,546
21294,13352
21295,579
21296,13124
21297,548
21298,13254
21299,610
21300,22957
21301,530
21302,12053
21303,509
21304,12047
21305,548
21306,12224
21307,516
21308,11215
21309,472
21310,12377
21311,558
21312,12213
21313,556
21314,12456
21315,527
21316,12628
21317,528
21318,15339
21319,561
21320,12804
21321,529
21322,14479
21323,562
21324,31003
21325,657
21326,14039
21327,533
21328,13230
21329,655
21330,13515
21331,596
21332,14000
21333,614
21334,12725
21335,488
21336,13083
21337,599
21338,13465
21339,553
21340,12987
21341,506
21342,12881
21343,571
21344,12509
21345,541
21346,11686
21347,472
21348,11978
21349,468
21350,15864
21351,543
21352,12988
21353,625
21354,13006
21355,753
21356,8056
21357,297
21358,6672
21359,277
21360,6142
21361,303
21362,6301
21363,275
21364,6073
21365,273
21366,6127
21367,275
21368,6024
21369,262
21370,6031
21371,271
21372,6131
21373,291
21374,6178
21375,272
21376,6185
21377,273
21378,6140
21379,272
21380,6108
21381,275
21382,7614
21383,275
21384,6285
21385,282
21386,6173
21387,332
21388,6150
21389,327
21390,6035
21391,275
21392,7180
21393,482
21394,7981
21395,292
21396,6280
21397,282
21398,6197
21399,315
21400,6193
21401,281
21402,6110
21403,276
21404,6177
21405,281
21406,6323
21407,275
21408,6301
21409,277
21410,86553
21411,750
21412,17922
21413,575
21414,16760
21415,596
21416,13323
21417,544
21418,12439
21419,593
21420,13586
21421,554
21422,13805
21423,540
21424,13217
21425,567
21426,15137
21427,568
21428,27357
21429,546
21430,13476
21431,537
21432,13680
21433,660
21434,13318
21435,535
21436,13078
21437,591
21438,12795
21439,630
21440,11784
21441,515
21442,10952
21443,520
21444,11418
21445,638
21446,16077
21447,543
21448,12415
21449,531
21450,13527
21451,516
21452,13363
21453,554
21454,12614
21455,543
21456,12255
21457,503
21458,12912
21459,499
21460,11518
21461,476
21462,11528
21463,579
21464,11645
21465,489
21466,49959
21467,378
21468,7556
21469,328
21470,6443
21471,284
21472,9158
21473,315
21474,8775
21475,322
21476,6681
21477,317
21478,8795
21479,322
21480,6608
21481,300
21482,6410
21483,280
21484,6233
21485,336
21486,6242
21487,280
21488,6148
21489,313
21490,6123
21491,286
21492,6163
21493,326
21494,6143
21495,312
21496,6227
21497,316
21498,6208
21499,277
21500,6228
21501,278
21502,6188
21503,281
21504,6167
21505,363
21506,7570
21507,290
21508,6544
21509,331
21510,7673
21511,289
21512,6454
21513,348
21514,6225
21515,362
21516,6137
21517,275
21518,49536
21519,1295
21520,18497
21521,687
21522,13286
21523,521
21524,11580
21525,550
21526,12329
21527,577
21528,11785
21529,493
21530,12629
21531,572
21532,13413
21533,593
21534,65054
21535,838
21536,19240
21537,738
21538,28593
21539,3175
21540,29728
21541,7042
21542,60618
21543,872
21544,17443
21545,550
21546,13223
21547,645
21548,11997
21549,525
21550,11652
21551,482
21552,11206
21553,483
21554,11379
21555,653
21556,22488
21557,625
21558,11327
21559,540
21560,11117
21561,574
21562,11071
21563,525
21564,10633
21565,459
21566,11540
21567,501
21568,11784
21569,510
21570,12599
21571,490
21572,11960
21573,514
21574,14277
21575,565
21576,12582
21577,529
21578,12584
21579,555
21580,11816
21581,454
21582,11098
21583,521
21584,11847
21585,691
21586,12479
21587,451
21588,12153
21589,561
21590,11931
21591,570
21592,11673
21593,571
21594,12514
21595,510
21596,12381
21597,586
21598,12160
21599,550
21600,13039
21601,556
21602,12516
21603,533
21604,12145
21605,530
21606,16056
21607,623
21608,13028
21609,520
21610,13348
21611,538
21612,13530
21613,606
21614,13617
21615,529
21616,12964
21617,576
21618,13368
21619,542
21620,12642
21621,844
21622,13618
21623,559
21624,12361
21625,529
21626,12210
21627,555
21628,11847
21629,506
21630,11300
21631,490
21632,12972
21633,549
21634,8438
21635,267
21636,6513
21637,274
21638,8204
21639,281
21640,6385
21641,270
21642,6064
21643,270
21644,6204
21645,262
21646,6038
21647,261
21648,6072
21649,275
21650,6077
21651,264
21652,6102
21653,278
21654,6044
21655,271
21656,6104
21657,281
21658,6066
21659,273
21660,6124
21661,277
21662,6000
21663,265
21664,6062
21665,271
21666,6044
21667,274
21668,6236
21669,302
21670,7574
21671,305
21672,6207
21673,280
21674,5962
21675,274
21676,6078
21677,279
21678,5927
21679,275
21680,5969
21681,271
21682,13190
21683,289
21684,6569
21685,280
21686,6136
21687,273
21688,5993
21689,293
21690,6047
21691,272
21692,5970
21693,302
21694,5954
21695,271
21696,6128
21697,272
21698,6018
21699,273
21700,6073
21701,279
21702,7322
21703,287
21704,6264
21705,281
21706,6092
21707,272
21708,6205
21709,282
21710,6100
21711,313
21712,6123
21713,277
21714,6190
21715,270
21716,6100
21717,275
21718,6095
21719,341
21720,6021
21721,302
21722,6112
21723,268
21724,6123
21725,275
21726,6087
21727,291
21728,6266
21729,278
21730,6013
21731,262
21732,5952
21733,259
21734,7318
21735,308
21736,6144
21737,259
21738,6589
21739,281
21740,6114
21741,279
21742,6124
21743,297
21744,6081
21745,319
21746,5987
21747,299
21748,5997
21749,323
21750,5979
21751,290
21752,6126
21753,277
21754,6078
21755,263
21756,6076
21757,301
21758,6358
21759,280
21760,6134
21761,305
21762,6267
21763,325
21764,6042
21765,261
21766,7460
21767,283
21768,6370
21769,280
21770,6159
21771,277
21772,6201
21773,261
21774,6157
21775,283
21776,6127
21777,296
21778,6052
21779,332
21780,6077
21781,280
21782,5918
21783,265
21784,6466
21785,277
21786,6085
21787,311
21788,6045
21789,285
21790,6280
21791,284
21792,5995
21793,270
21794,6095
21795,265
21796,6022
21797,272
21798,7151
21799,282
21800,6197
21801,316
21802,6264
21803,280
21804,5955
21805,280
21806,6112
21807,276
21808,6036
21809,285
21810,10520
21811,288
21812,6281
21813,286
21814,6229
21815,307
21816,6035
21817,281
21818,6124
21819,334
21820,6085
21821,303
21822,5990
21823,286
21824,6327
21825,310
21826,6198
21827,304
21828,5994
21829,283
21830,7621
21831,310
21832,6379
21833,312
21834,6142
21835,274
21836,5951
21837,307
21838,5894
21839,314
21840,6006
21841,277
21842,6070
21843,360
21844,6220
21845,261
21846,6137
21847,305
21848,5943
21849,306
21850,5906
21851,309
21852,6019
21853,275
21854,6110
21855,275
21856,6073
21857,336
21858,6021
21859,306
21860,6068
21861,277
21862,7133
21863,321
21864,6223
21865,265
21866,6145
21867,281
21868,6160
21869,358
21870,6101
21871,277
21872,5992
21873,273
21874,5988
21875,277
21876,6049
21877,273
21878,6079
21879,309
21880,6112
21881,285
21882,6076
21883,280
21884,6021
21885,282
21886,6156
21887,280
21888,6049
21889,282
21890,6039
21891,319
21892,6068
21893,276
21894,7159
21895,280
21896,6272
21897,292
21898,6038
21899,319
21900,6066
21901,309
21902,6319
21903,278
21904,6169
21905,278
21906,6348
21907,332
21908,5896
21909,320
21910,6064
21911,280
21912,6170
21913,340
21914,6240
21915,284
21916,6112
21917,315
21918,6361
21919,318
21920,6157
21921,314
21922,6102
21923,300
21924,6391
21925,271
21926,7236
21927,292
21928,6183
21929,264
21930,6109
21931,282
21932,6117
21933,313
21934,6098
21935,320
21936,6280
21937,276
21938,10125
21939,303
21940,6612
21941,297
21942,6205
21943,281
21944,6147
21945,330
21946,6210
21947,295
21948,6196
21949,274
21950,6235
21951,306
21952,6343
21953,307
21954,57346
21955,393
21956,9222
21957,322
21958,8575
21959,280
21960,6375
21961,345
21962,6240
21963,313
21964,6212
21965,278
21966,6077
21967,277
21968,6082
21969,283
21970,6093
21971,312
21972,6047
21973,279
21974,5966
21975,278
21976,80928
21977,1273
21978,21039
21979,417
21980,9714
21981,363
21982,7012
21983,297
21984,6528
21985,326
21986,40902
21987,953
21988,34213
21989,862
21990,21026
21991,588
21992,13776
21993,507
21994,12497
21995,530
21996,12648
21997,499
21998,11541
21999,511
22000,12112
22001,469
22002,12309
22003,522
22004,11703
22005,476
22006,11273
22007,467
22008,11750
22009,550
22010,11420
22011,508
22012,11528
22013,481
22014,11516
22015,504
22016,12196
22017,745
22018,13846
22019,588
22020,16859
22021,573
22022,13232
22023,534
22024,11948
22025,511
22026,11838
22027,498
22028,12683
22029,566
22030,13931
22031,597
22032,13223
22033,540
22034,13353
22035,610
22036,13434
22037,562
22038,13361
22039,580
22040,13226
22041,517
22042,11669
22043,507
22044,11146
22045,526
22046,11751
22047,553
22048,12551
22049,527
22050,12594
22051,596
22052,15802
22053,634
22054,14348
22055,586
22056,12919
22057,516
22058,12771
22059,572
22060,12481
22061,548
22062,11739
22063,516
22064,12481
22065,641
22066,22516
22067,563
22068,12578
22069,573
22070,12404
22071,537
22072,13293
22073,553
22074,13362
22075,521
22076,12902
22077,509
22078,12596
22079,541
22080,12282
22081,554
22082,11276
22083,530
22084,15088
22085,526
22086,13559
22087,595
22088,12952
22089,481
22090,12982
22091,598
22092,12693
22093,604
22094,12770
22095,569
22096,13204
22097,523
22098,12950
22099,630
22100,12512
22101,604
22102,13000
22103,12857
22104,22503
22105,562
22106,13279
22107,502
22108,12240
22109,684
22110,13174
22111,560
22112,12542
22113,547
22114,13368
22115,539
22116,15869
22117,589
22118,12681
22119,542
22120,12656
22121,569
22122,13849
22123,609
22124,13041
22125,653
22126,12452
22127,557
22128,13335
22129,534
22130,13482
22131,524
22132,12480
22133,553
22134,13279
22135,553
22136,12993
22137,600
22138,12334
22139,475
22140,11937
22141,443
22142,11469
22143,504
22144,12526
22145,554
22146,12397
22147,535
22148,14844
22149,537
22150,12738
22151,921
22152,12581
22153,616
22154,13237
22155,548
22156,13155
22157,566
22158,13149
22159,506
22160,12703
22161,606
22162,13519
22163,635
22164,11911
22165,541
22166,12754
22167,592
22168,13449
22169,591
22170,12921
22171,641
22172,13548
22173,554
22174,12857
22175,584
22176,12682
22177,523
22178,13230
22179,571
22180,15414
22181,602
22182,13530
22183,604
22184,13177
22185,580
22186,12975
22187,608
22188,13381
22189,523
22190,12882
22191,532
22192,21798
22193,546
22194,13004
22195,556
22196,12937
22197,519
22198,12742
22199,621
22200,13259
22201,602
22202,13712
22203,556
22204,13152
22205,571
22206,13163
22207,605
22208,13518
22209,603
22210,12968
22211,565
22212,15787
22213,556
22214,13387
22215,663
22216,12727
22217,569
22218,13112
22219,575
22220,13276
22221,558
22222,12550
22223,597
22224,13573
22225,611
22226,14642
22227,585
22228,13198
22229,571
22230,13202
22231,606
22232,13975
22233,607
22234,12422
22235,545
22236,13161
22237,560
22238,13587
22239,564
22240,13676
22241,612
22242,13646
22243,561
22244,15791
22245,634
22246,13268
22247,562
22248,12643
22249,577
22250,12748
22251,519
22252,12289
22253,588
22254,13080
22255,615
22256,12811
22257,644
22258,13004
22259,587
22260,12487
22261,517
22262,63284
22263,1182
22264,105328
22265,1039
22266,20064
22267,579
22268,13815
22269,580
22270,13402
22271,530
22272,12835
22273,537
22274,13922
22275,573
22276,16836
22277,555
22278,13440
22279,674
22280,13739
22281,554
22282,13253
22283,572
22284,13154
22285,631
22286,13003
22287,606
22288,12363
22289,576
22290,12512
22291,659
22292,12938
22293,485
22294,12975
22295,567
22296,13362
22297,563
22298,13327
22299,600
22300,12889
22301,560
22302,12733
22303,520
22304,11501
22305,536
22306,12778
22307,565
22308,16771
22309,581
22310,13165
22311,523
22312,12839
22313,520
22314,12648
22315,570
22316,13421
22317,592
22318,13964
22319,581
22320,23112
22321,499
22322,13037
22323,591
22324,12913
22325,585
22326,12561
22327,490
22328,12520
22329,498
22330,12885
22331,550
22332,12241
22333,544
22334,11415
22335,487
22336,12650
22337,595
22338,13280
22339,555
22340,16137
22341,543
22342,13363
22343,534
22344,12004
22345,500
22346,13114
22347,550
22348,12560
22349,487
22350,12174
22351,573
22352,12668
22353,521
22354,12514
22355,589
22356,13288
22357,563
22358,12887
22359,492
22360,12628
22361,542
22362,13752
22363,555
22364,13354
22365,528
22366,13157
22367,590
22368,13228
22369,503
22370,13069
22371,500
22372,17946
22373,597
22374,13681
22375,489
22376,12487
22377,536
22378,12315
22379,549
22380,11807
22381,529
22382,11377
22383,546
22384,13029
22385,551
22386,12785
22387,521
22388,12053
22389,534
22390,12203
22391,525
22392,12264
22393,561
22394,11971
22395,572
22396,12015
22397,468
22398,12202
22399,549
22400,12951
22401,566
22402,13297
22403,483
22404,15066
22405,563
22406,12667
22407,502
22408,12327
22409,579
22410,12286
22411,554
22412,12472
22413,513
22414,12857
22415,465
22416,11942
22417,465
22418,11344
22419,480
22420,11745
22421,574
22422,11673
22423,496
22424,10731
22425,515
22426,10804
22427,482
22428,12448
22429,538
22430,12918
22431,478
22432,13859
22433,569
22434,12629
22435,530
22436,15951
22437,608
22438,13560
22439,585
22440,12464
22441,590
22442,13332
22443,570
22444,13230
22445,615
22446,12976
22447,580
22448,22314
22449,572
22450,12666
22451,581
22452,11991
22453,500
22454,12665
22455,498
22456,13373
22457,549
22458,13371
22459,567
22460,12678
22461,560
22462,12586
22463,564
22464,12798
22465,569
22466,13667
22467,642
22468,16656
22469,573
22470,13722
22471,536
22472,13014
22473,543
22474,12988
22475,551
22476,12666
22477,519
22478,12573
22479,510
22480,12649
22481,565
22482,13003
22483,504
22484,12183
22485,519
22486,12626
22487,527
22488,11969
22489,501
22490,11381
22491,520
22492,11537
22493,539
22494,11603
22495,530
22496,11310
22497,524
22498,11119
22499,524
22500,13593
22501,550
22502,11480
22503,516
22504,11194
22505,528
22506,11213
22507,509
22508,11141
22509,487
22510,11157
22511,487
22512,11046
22513,506
22514,11205
22515,513
22516,11270
22517,534
22518,11046
22519,489
22520,11137
22521,459
22522,11216
22523,464
22524,11096
22525,521
22526,11220
22527,549
22528,11316
22529,662
22530,12355
22531,554
22532,13302
22533,538
22534,11597
22535,498
22536,11470
22537,457
22538,11074
22539,546
22540,10959
22541,513
22542,11116
22543,474
22544,11186
22545,502
22546,11273
22547,1662
22548,11275
22549,480
22550,10871
22551,501
22552,11243
22553,524
22554,11414
22555,485
22556,11379
22557,537
22558,11433
22559,493
22560,11273
22561,494
22562,11189
22563,531
22564,13238
22565,527
22566,11406
22567,554
22568,10887
22569,486
22570,11341
22571,474
22572,10683
22573,510
22574,10956
22575,639
22576,17079
22577,521
22578,11428
22579,500
22580,10848
22581,481
22582,10802
22583,474
22584,11107
22585,515
22586,11470
22587,501
22588,11172
22589,562
22590,11340
22591,546
22592,11548
22593,481
22594,11239
22595,517
22596,13414
22597,534
22598,11682
22599,481
22600,11273
22601,516
22602,11100
22603,457
22604,11396
22605,493
22606,11239
22607,493
22608,11163
22609,453
22610,11291
22611,580
22612,11288
22613,475
22614,11374
22615,496
22616,11616
22617,491
22618,11372
22619,483
22620,11514
22621,500
22622,11541
22623,540
22624,11439
22625,530
22626,11489
22627,543
22628,13283
22629,533
22630,11538
22631,500
22632,11595
22633,488
22634,11081
22635,505
22636,11217
22637,489
22638,11164
22639,529
22640,11524
22641,495
22642,11966
22643,531
22644,11374
22645,494
22646,11214
22647,478
22648,11233
22649,522
22650,12383
22651,516
22652,11837
22653,538
22654,11709
22655,599
22656,12316
22657,548
22658,12588
22659,627
22660,14221
22661,599
22662,12014
22663,460
22664,11331
22665,529
22666,11403
22667,500
22668,11378
22669,522
22670,11086
22671,524
22672,11954
22673,565
22674,11887
22675,519
22676,11571
22677,538
22678,12505
22679,590
22680,12395
22681,545
22682,12182
22683,589
22684,12366
22685,639
22686,11669
22687,534
22688,11620
22689,475
22690,11217
22691,488
22692,13150
22693,506
22694,11558
22695,537
22696,11066
22697,478
22698,11007
22699,527
22700,10728
22701,467
22702,18124
22703,521
22704,11524
22705,493
22706,11293
22707,498
22708,11279
22709,528
22710,11073
22711,515
22712,10785
22713,516
22714,11284
22715,557
22716,11203
22717,472
22718,10976
22719,542
22720,11163
22721,514
22722,10993
22723,487
22724,12567
22725,557
22726,11669
22727,501
22728,12740
22729,530
22730,11384
22731,494
22732,11306
22733,480
22734,10949
22735,507
22736,11218
22737,480
22738,11633
22739,510
22740,11206
22741,484
22742,11083
22743,515
22744,11248
22745,519
22746,10818
22747,469
22748,11280
22749,479
22750,11145
22751,513
22752,11179
22753,537
22754,11318
22755,531
22756,12991
22757,479
22758,11480
22759,519
22760,11207
22761,507
22762,11242
22763,503
22764,11136
22765,558
22766,11344
22767,514
22768,10954
22769,463
22770,11376
22771,521
22772,11042
22773,475
22774,11162
22775,503
22776,11310
22777,523
22778,11538
22779,491
22780,11203
22781,519
22782,11124
22783,521
22784,11238
22785,507
22786,11324
22787,518
22788,12688
22789,524
22790,11485
22791,501
22792,11277
22793,477
22794,11044
22795,525
22796,11119
22797,486
22798,10896
22799,507
22800,11059
22801,492
22802,10997
22803,469
22804,10828
22805,456
22806,10706
22807,493
22808,11246
22809,519
22810,11240
22811,528
22812,10989
22813,535
22814,11450
22815,552
22816,11165
22817,541
22818,11091
22819,512
22820,13016
22821,529
22822,11491
22823,495
22824,11215
22825,532
22826,11344
22827,517
22828,11104
22829,596
22830,17319
22831,546
22832,11476
22833,470
22834,11236
22835,492
22836,11165
22837,476
22838,10987
22839,487
22840,11040
22841,559
22842,11289
22843,507
22844,11077
22845,548
22846,11029
22847,490
22848,11279
22849,512
22850,11064
22851,447
22852,12800
22853,550
22854,11383
22855,496
22856,11027
22857,533
22858,11198
22859,503
22860,11172
22861,511
22862,11345
22863,576
22864,11156
22865,540
22866,11162
22867,509
22868,10992
22869,540
22870,11163
22871,481
22872,11119
22873,526
22874,11215
22875,533
22876,11153
22877,513
22878,11232
22879,436
22880,11152
22881,444
22882,11486
22883,544
22884,13106
22885,483
22886,11564
22887,523
22888,11515
22889,547
22890,11431
22891,479
22892,11436
22893,527
22894,11099
22895,515
22896,11104
22897,540
22898,11043
22899,504
22900,10988
22901,564
22902,11258
22903,522
22904,11075
22905,452
22906,11027
22907,521
22908,11362
22909,469
22910,11051
22911,465
22912,11298
22913,500
22914,10877
22915,512
22916,12907
22917,563
22918,11367
22919,507
22920,11490
22921,497
22922,11387
22923,494
22924,11348
22925,512
22926,11199
22927,490
22928,11090
22929,545
22930,11349
22931,515
22932,10962
22933,460
22934,11131
22935,572
22936,11126
22937,557
22938,10893
22939,457
22940,11556
22941,498
22942,11082
22943,480
22944,10753
22945,490
22946,11084
22947,584
22948,13175
22949,513
22950,11546
22951,477
22952,11331
22953,470
22954,11270
22955,484
22956,11232
22957,519
22958,16688
22959,549
22960,11234
22961,485
22962,11069
22963,494
22964,11247
22965,494
22966,11670
22967,476
22968,11275
22969,474
22970,11224
22971,532
22972,11493
22973,513
22974,10990
22975,517
22976,11205
22977,489
22978,11408
22979,501
22980,13275
22981,542
22982,11873
22983,498
22984,11574
22985,483
22986,11385
22987,493
22988,11357
22989,498
22990,11108
22991,499
22992,10906
22993,485
22994,10866
22995,524
22996,10902
22997,494
22998,11020
22999,514
23000,10998
23001,560
23002,11255
23003,515
23004,10980
23005,482
23006,11044
23007,506
23008,11153
23009,515
23010,11240
23011,518
23012,13435
23013,513
23014,11372
23015,552
23016,11417
23017,523
23018,11342
23019,479
23020,11300
23021,503
23022,11243
23023,524
23024,11490
23025,563
23026,11640
23027,541
23028,11005
23029,502
23030,10441
23031,496
23032,10363
23033,502
23034,10366
23035,502
23036,10343
23037,541
23038,10448
23039,496
23040,10709
23041,652
23042,12047
23043,551
23044,13052
23045,514
23046,11067
23047,502
23048,10615
23049,464
23050,11649
23051,551
23052,12115
23053,561
23054,11980
23055,487
23056,12471
23057,533
23058,12032
23059,593
23060,13122
23061,483
23062,12905
23063,641
23064,12406
23065,541
23066,11836
23067,527
23068,12229
23069,523
23070,13176
23071,555
23072,12255
23073,582
23074,13184
23075,533
23076,14242
23077,528
23078,12322
23079,532
23080,12626
23081,470
23082,12699
23083,554
23084,11858
23085,663
23086,19001
23087,615
23088,13207
23089,633
23090,12912
23091,556
23092,12141
23093,556
23094,11602
23095,519
23096,11615
23097,514
23098,11248
23099,514
23100,11236
23101,459
23102,11239
23103,507
23104,11186
23105,516
23106,12292
23107,484
23108,15038
23109,551
23110,12667
23111,523
23112,12709
23113,536
23114,12380
23115,549
23116,11643
23117,541
23118,11511
23119,543
23120,11663
23121,511
23122,11744
23123,539
23124,11702
23125,525
23126,16081
23127,605
23128,12792
23129,518
23130,12561
23131,519
23132,60428
23133,2092
23134,49511
23135,618
23136,14712
23137,573
23138,12152
23139,550
23140,15321
23141,521
23142,11885
23143,505
23144,11765
23145,510
23146,11585
23147,499
23148,11688
23149,522
23150,12426
23151,551
23152,12359
23153,516
23154,12107
23155,565
23156,12958
23157,600
23158,12507
23159,540
23160,11261
23161,539
23162,12788
23163,542
23164,12922
23165,468
23166,12851
23167,524
23168,12446
23169,509
23170,12640
23171,554
23172,15739
23173,570
23174,13615
23175,534
23176,12999
23177,535
23178,12929
23179,528
23180,152333
23181,1409
23182,37307
23183,833
23184,17772
23185,648
23186,43824
23187,874
23188,21554
23189,642
23190,14960
23191,588
23192,13059
23193,550
23194,46574
23195,693
23196,13713
23197,564
23198,13540
23199,344
23200,7945
23201,281
23202,6501
23203,314
23204,9371
23205,321
23206,6722
23207,333
23208,6437
23209,280
23210,6277
23211,310
23212,14871
23213,296
23214,10881
23215,521
23216,12875
23217,548
23218,12180
23219,346
23220,7199
23221,348
23222,6385
23223,280
23224,6286
23225,282
23226,6112
23227,326
23228,6088
23229,312
23230,6249
23231,280
23232,6149
23233,279
23234,6201
23235,281
23236,7872
23237,321
23238,6446
23239,283
23240,6246
23241,283
23242,6437
23243,279
23244,6176
23245,278
23246,6089
23247,281
23248,6164
23249,279
23250,6239
23251,279
23252,6188
23253,299
23254,6200
23255,319
23256,6149
23257,296
23258,6163
23259,317
23260,6165
23261,279
23262,6030
23263,309
23264,6110
23265,283
23266,6063
23267,285
23268,7362
23269,294
23270,6281
23271,289
23272,6241
23273,278
23274,6155
23275,282
23276,6165
23277,279
23278,6295
23279,279
23280,6112
23281,296
23282,6142
23283,267
23284,6031
23285,284
23286,6047
23287,310
23288,6252
23289,309
23290,6108
23291,290
23292,6068
23293,290
23294,6099
23295,280
23296,6108
23297,294
23298,6332
23299,305
23300,7140
23301,306
23302,6306
23303,286
23304,6129
23305,326
23306,6119
23307,281
23308,6178
23309,278
23310,6110
23311,294
23312,6279
23313,275
23314,6010
23315,284
23316,6225
23317,312
23318,6110
23319,312
23320,6248
23321,281
23322,6129
23323,267
23324,6125
23325,316
23326,6049
23327,278
23328,6133
23329,344
23330,6224
23331,295
23332,7191
23333,322
23334,6260
23335,285
23336,6194
23337,279
23338,6058
23339,278
23340,10130
23341,305
23342,6353
23343,282
23344,6060
23345,278
23346,6029
23347,283
23348,6201
23349,284
23350,6043
23351,316
23352,6123
23353,276
23354,5995
23355,264
23356,6220
23357,284
23358,6079
23359,296
23360,6191
23361,287
23362,6118
23363,281
23364,7245
23365,320
23366,6276
23367,287
23368,6077
23369,292
23370,6145
23371,314
23372,6071
23373,318
23374,6156
23375,279
23376,6210
23377,284
23378,6319
23379,296
23380,6047
23381,297
23382,6129
23383,280
23384,6068
23385,293
23386,6122
23387,276
23388,6042
23389,279
23390,6067
23391,318
23392,6160
23393,285
23394,6074
23395,328
23396,7334
23397,287
23398,6237
23399,277
23400,6138
23401,292
23402,6108
23403,301
23404,6049
23405,311
23406,6094
23407,282
23408,6156
23409,284
23410,6036
23411,357
23412,6074
23413,301
23414,6032
23415,303
23416,5964
23417,326
23418,6035
23419,285
23420,6063
23421,283
23422,6214
23423,272
23424,5989
23425,267
23426,5941
23427,271
23428,7048
23429,282
23430,6137
23431,281
23432,6055
23433,282
23434,6134
23435,283
23436,5978
23437,276
23438,6054
23439,280
23440,5994
23441,283
23442,6054
23443,314
23444,6089
23445,282
23446,6162
23447,286
23448,6156
23449,280
23450,6180
23451,284
23452,6085
23453,285
23454,6154
23455,281
23456,6100
23457,309
23458,6098
23459,270
23460,7204
23461,282
23462,6236
23463,277
23464,6046
23465,280
23466,6048
23467,285
23468,9530
23469,324
23470,6493
23471,282
23472,6076
23473,282
23474,6071
23475,284
23476,6133
23477,286
23478,6196
23479,295
23480,6070
23481,288
23482,6228
23483,287
23484,6046
23485,278
23486,6056
23487,294
23488,6102
23489,282
23490,5992
23491,315
23492,7332
23493,296
23494,6304
23495,301
23496,6023
23497,283
23498,6028
23499,320
23500,6043
23501,283
23502,5997
23503,281
23504,6060
23505,291
23506,6191
23507,293
23508,6082
23509,322
23510,6161
23511,280
23512,6068
23513,286
23514,6109
23515,296
23516,6181
23517,283
23518,5985
23519,313
23520,5917
23521,278
23522,5972
23523,276
23524,7179
23525,282
23526,6235
23527,278
23528,5985
23529,279
23530,6027
23531,299
23532,6013
23533,276
23534,6087
23535,280
23536,5996
23537,277
23538,6070
23539,278
23540,5974
23541,276
23542,6012
23543,278
23544,6086
23545,277
23546,6003
23547,264
23548,6109
23549,280
23550,6128
23551,283
23552,5980
23553,411
23554,7061
23555,291
23556,7799
23557,305
23558,6240
23559,318
23560,6224
23561,278
23562,6049
23563,277
23564,6070
23565,280
23566,6088
23567,281
23568,5952
23569,312
23570,6003
23571,309
23572,5993
23573,280
23574,6158
23575,311
23576,6092
23577,320
23578,6092
23579,277
23580,6077
23581,277
23582,6024
23583,281
23584,5949
23585,297
23586,6005
23587,284
23588,7160
23589,280
23590,6375
23591,316
23592,5977
23593,323
23594,5994
23595,433
23596,9906
23597,296
23598,6204
23599,270
23600,6068
23601,259
23602,6174
23603,261
23604,5910
23605,293
23606,5966
23607,271
23608,6037
23609,295
23610,6086
23611,269
23612,6004
23613,271
23614,6117
23615,269
23616,5996
23617,272
23618,6013
23619,273
23620,7236
23621,277
23622,6253
23623,282
23624,5938
23625,296
23626,6066
23627,283
23628,6255
23629,278
23630,5952
23631,308
23632,6092
23633,272
23634,5921
23635,257
23636,6036
23637,279
23638,5981
23639,305
23640,6004
23641,289
23642,6010
23643,277
23644,6072
23645,283
23646,6099
23647,316
23648,6351
23649,300
23650,6270
23651,279
23652,7195
23653,313
23654,6137
23655,280
23656,6113
23657,311
23658,6034
23659,274
23660,6232
23661,305
23662,6219
23663,299
23664,6031
23665,280
23666,6158
23667,287
23668,6098
23669,315
23670,6040
23671,300
23672,6009
23673,282
23674,6127
23675,312
23676,6170
23677,307
23678,6160
23679,277
23680,6056
23681,278
23682,6038
23683,308
23684,7191
23685,308
23686,6272
23687,284
23688,6027
23689,280
23690,6167
23691,276
23692,6055
23693,282
23694,6126
23695,277
23696,6020
23697,266
23698,6003
23699,273
23700,6107
23701,274
23702,5980
23703,277
23704,6084
23705,305
23706,5967
23707,273
23708,6036
23709,275
23710,5998
23711,279
23712,6077
23713,279
23714,6132
23715,277
23716,7358
23717,282
23718,6257
23719,278
23720,6065
23721,282
23722,9739
23723,277
23724,6237
23725,277
23726,6075
23727,307
23728,6026
23729,272
23730,5985
23731,306
23732,6185
23733,309
23734,6144
23735,275
23736,6054
23737,280
23738,6059
23739,278
23740,6115
23741,281
23742,6132
23743,281
23744,6016
23745,273
23746,6114
23747,276
23748,7291
23749,290
23750,6180
23751,276
23752,6106
23753,277
23754,6132
23755,272
23756,6043
23757,307
23758,6163
23759,279
23760,6178
23761,308
23762,6136
23763,277
23764,6140
23765,297
23766,6025
23767,321
23768,6031
23769,309
23770,6016
23771,330
23772,6037
23773,275
23774,6121
23775,272
23776,6137
23777,278
23778,49683
23779,1181
23780,29065
23781,658
23782,15774
23783,662
23784,13686
23785,566
23786,11937
23787,526
23788,11640
23789,542
23790,11152
23791,508
23792,11680
23793,464
23794,12187
23795,518
23796,12740
23797,545
23798,13190
23799,626
23800,13863
23801,544
23802,11759
23803,519
23804,11911
23805,577
23806,12672
23807,519
23808,44654
23809,965
23810,18320
23811,642
23812,75685
23813,957
23814,16973
23815,609
23816,12971
23817,514
23818,13432
23819,558
23820,13881
23821,563
23822,124711
23823,963
23824,21955
23825,562
23826,13393
23827,546
23828,11876
23829,568
23830,11814
23831,525
23832,11223
23833,483
23834,11255
23835,523
23836,11285
23837,516
23838,64041
23839,932
23840,22798
23841,636
23842,14475
23843,593
23844,16759
23845,587
23846,13600
23847,583
23848,13612
23849,627
23850,20361
23851,564
23852,12986
23853,558
23854,12161
23855,574
23856,14587
23857,515
23858,12475
23859,531
23860,12351
23861,468
23862,12411
23863,495
23864,12265
23865,539
23866,12078
23867,488
23868,12078
23869,482
23870,11705
23871,571
23872,11183
23873,482
23874,11468
23875,474
23876,14243
23877,525
23878,11525
23879,450
23880,10623
23881,476
23882,11486
23883,512
23884,12752
23885,580
23886,13720
23887,575
23888,13471
23889,527
23890,13504
23891,549
23892,12624
23893,560
23894,12312
23895,555
23896,12473
23897,558
23898,12387
23899,536
23900,13159
23901,553
23902,12674
23903,644
23904,11034
23905,465
23906,10647
23907,498
23908,12843
23909,453
23910,11703
23911,484
23912,12148
23913,441
23914,12118
23915,439
23916,12129
23917,483
23918,11877
23919,472
23920,11792
23921,398
23922,12720
23923,518
23924,13030
23925,542
23926,13296
23927,554
23928,13715
23929,542
23930,13132
23931,541
23932,13029
23933,554
23934,12255
23935,486
23936,12786
23937,502
23938,12364
23939,559
23940,15302
23941,579
23942,13673
23943,530
23944,13625
23945,584
23946,13199
23947,368
23948,7389
23949,303
23950,6467
23951,278
23952,6257
23953,267
23954,6148
23955,295
23956,6118
23957,274
23958,6064
23959,275
23960,6096
23961,280
23962,6143
23963,263
23964,6091
23965,282
23966,6055
23967,265
23968,6023
23969,260
23970,6089
23971,274
23972,7515
23973,285
23974,6347
23975,308
23976,6132
23977,305
23978,12146
23979,296
23980,6418
23981,340
23982,6270
23983,278
23984,6248
23985,307
23986,6237
23987,308
23988,6139
23989,280
23990,6141
23991,279
23992,6256
23993,324
23994,6172
23995,283
23996,6225
23997,297
23998,6196
23999,279
24000,6113
24001,283
24002,6108
24003,292
24004,7329
24005,341
24006,6204
24007,292
24008,6058
24009,277
24010,6047
24011,282
24012,6077
24013,283
24014,6003
24015,281
24016,6085
24017,314
24018,6046
24019,278
24020,6007
24021,269
24022,6063
24023,308
24024,5970
24025,283
24026,6231
24027,288
24028,6029
24029,281
24030,5963
24031,288
24032,5985
24033,279
24034,6060
24035,279
24036,6959
24037,284
24038,6139
24039,277
24040,6107
24041,316
24042,6023
24043,280
24044,6038
24045,281
24046,6039
24047,307
24048,6047
24049,284
24050,6056
24051,307
24052,6055
24053,279
24054,6041
24055,301
24056,6030
24057,276
24058,6189
24059,283
24060,6088
24061,278
24062,6110
24063,321
24064,6004
24065,376
24066,6708
24067,293
24068,7517
24069,342
24070,6337
24071,285
24072,6092
24073,282
24074,5999
24075,291
24076,6080
24077,300
24078,6545
24079,460
24080,11248
24081,445
24082,11694
24083,558
24084,59599
24085,810
24086,18283
24087,403
24088,8415
24089,295
24090,6788
24091,277
24092,6463
24093,280
24094,58160
24095,666
24096,35649
24097,591
24098,34398
24099,540
24100,94097
24101,493
24102,8655
24103,287
24104,6725
24105,429
24106,13832
24107,377
24108,6654
24109,301
24110,6266
24111,276
24112,6226
24113,272
24114,6178
24115,270
24116,6195
24117,272
24118,6168
24119,309
24120,6034
24121,275
24122,6080
24123,270
24124,6171
24125,292
24126,6144
24127,271
24128,6130
24129,271
24130,6302
24131,274
24132,7498
24133,269
24134,6458
24135,283
24136,6238
24137,280
24138,6183
24139,281
24140,6226
24141,301
24142,6190
24143,283
24144,6233
24145,280
24146,6172
24147,278
24148,6031
24149,271
24150,6228
24151,274
24152,6125
24153,298
24154,6154
24155,277
24156,6354
24157,266
24158,6104
24159,264
24160,6108
24161,310
24162,6240
24163,278
24164,7438
24165,307
24166,6421
24167,278
24168,6292
24169,278
24170,6216
24171,287
24172,6199
24173,298
24174,6202
24175,281
24176,6124
24177,277
24178,6081
24179,279
24180,6084
24181,277
24182,6010
24183,284
24184,6170
24185,276
24186,6311
24187,279
24188,6339
24189,319
24190,6210
24191,318
24192,6087
24193,273
24194,6131
24195,275
24196,7235
24197,300
24198,6308
24199,279
24200,6124
24201,272
24202,6180
24203,263
24204,6144
24205,280
24206,6116
24207,275
24208,6065
24209,275
24210,6045
24211,276
24212,6099
24213,261
24214,6204
24215,283
24216,6214
24217,308
24218,6224
24219,309
24220,6136
24221,297
24222,6185
24223,264
24224,6049
24225,277
24226,6098
24227,275
24228,7314
24229,279
24230,6414
24231,296
24232,9639
24233,281
24234,6419
24235,314
24236,6294
24237,278
24238,6160
24239,280
24240,6259
24241,262
24242,5995
24243,273
24244,6123
24245,276
24246,6202
24247,281
24248,6212
24249,284
24250,6117
24251,315
24252,6121
24253,259
24254,6153
24255,354
24256,6184
24257,271
24258,6092
24259,280
24260,7364
24261,279
24262,6530
24263,281
24264,6200
24265,280
24266,6273
24267,293
24268,6220
24269,317
24270,6228
24271,280
24272,6084
24273,277
24274,6062
24275,280
24276,6304
24277,279
24278,6038
24279,298
24280,6073
24281,283
24282,6160
24283,276
24284,6170
24285,282
24286,6191
24287,300
24288,6244
24289,284
24290,6165
24291,279
24292,7361
24293,301
24294,6156
24295,310
24296,6419
24297,280
24298,6192
24299,273
24300,6194
24301,281
24302,6179
24303,333
24304,6187
24305,311
24306,6133
24307,314
24308,6177
24309,308
24310,6116
24311,264
24312,6226
24313,278
24314,6163
24315,311
24316,6187
24317,282
24318,6177
24319,278
24320,6140
24321,279
24322,6242
24323,311
24324,7320
24325,319
24326,6390
24327,302
24328,6240
24329,383
24330,7511
24331,292
24332,6484
24333,307
24334,6143
24335,262
24336,6214
24337,274
24338,6130
24339,281
24340,6097
24341,271
24342,6096
24343,277
24344,6137
24345,271
24346,6178
24347,316
24348,6092
24349,280
24350,6163
24351,272
24352,6112
24353,271
24354,6088
24355,279
24356,7362
24357,278
24358,6468
24359,276
24360,9682
24361,284
24362,6437
24363,276
24364,6225
24365,272
24366,6180
24367,337
24368,6200
24369,278
24370,6235
24371,272
24372,6117
24373,278
24374,6020
24375,322
24376,6168
24377,279
24378,6108
24379,279
24380,6137
24381,266
24382,6033
24383,280
24384,6170
24385,308
24386,6130
24387,296
24388,7400
24389,292
24390,6296
24391,283
24392,6177
24393,285
24394,6217
24395,284
24396,6065
24397,284
24398,6133
24399,277
24400,6077
24401,311
24402,6142
24403,283
24404,5982
24405,300
24406,6087
24407,281
24408,6098
24409,274
24410,6112
24411,276
24412,6196
24413,280
24414,346672
24415,1057
24416,28534
24417,397
24418,8100
24419,429
24420,10198
24421,296
24422,6794
24423,421
24424,6523
24425,294
24426,6432
24427,349
24428,6442
24429,270
24430,6373
24431,279
24432,6241
24433,277
24434,6178
24435,302
24436,6318
24437,318
24438,6281
24439,279
24440,6302
24441,276
24442,6603
24443,324
24444,6341
24445,299
24446,6219
24447,277
24448,6252
24449,299
24450,6367
24451,275
24452,7436
24453,284
24454,6299
24455,324
24456,6243
24457,271
24458,6512
24459,274
24460,6156
24461,264
24462,6269
24463,304
24464,6275
24465,278
24466,6406
24467,272
24468,6098
24469,260
24470,6187
24471,269
24472,6416
24473,272
24474,6183
24475,274
24476,6420
24477,279
24478,6436
24479,324
24480,6261
24481,295
24482,6153
24483,264
24484,7210
24485,295
24486,6437
24487,322
24488,16879
24489,304
24490,6541
24491,274
24492,6282
24493,308
24494,6255
24495,307
24496,6376
24497,280
24498,6293
24499,280
24500,6219
24501,275
24502,6233
24503,282
24504,6106
24505,277
24506,6868
24507,295
24508,6414
24509,272
24510,6108
24511,275
24512,6148
24513,257
24514,6178
24515,271
24516,7422
24517,284
24518,6387
24519,279
24520,6123
24521,282
24522,6184
24523,268
24524,6288
24525,280
24526,6168
24527,280
24528,6218
24529,281
24530,6172
24531,283
24532,6233
24533,288
24534,6092
24535,286
24536,6261
24537,279
24538,6336
24539,313
24540,6157
24541,339
24542,6151
24543,276
24544,6272
24545,280
24546,10658
24547,278
24548,7628
24549,418
24550,6650
24551,282
24552,6311
24553,280
24554,6351
24555,284
24556,6058
24557,279
24558,6274
24559,279
24560,6250
24561,275
24562,6318
24563,274
24564,6165
24565,276
24566,6203
24567,275
24568,6203
24569,283
24570,6227
24571,310
24572,6197
24573,329
24574,6131
24575,280
24576,6182
24577,390
24578,6909
24579,294
24580,7608
24581,298
24582,6371
24583,284
24584,6123
24585,274
24586,6206
24587,272
24588,6280
24589,272
24590,6132
24591,271
24592,6206
24593,281
24594,6244
24595,278
24596,6211
24597,311
24598,6058
24599,278
24600,6213
24601,278
24602,6307
24603,281
24604,6157
24605,277
24606,6136
24607,266
24608,6201
24609,276
24610,6172
24611,306
24612,7228
24613,277
24614,6326
24615,378
24616,10580
24617,289
24618,6537
24619,298
24620,6161
24621,279
24622,6148
24623,278
24624,6179
24625,276
24626,6111
24627,277
24628,6099
24629,291
24630,6043
24631,306
24632,6203
24633,279
24634,6168
24635,278
24636,6111
24637,276
24638,6227
24639,279
24640,6210
24641,285
24642,6040
24643,274
24644,7323
24645,287
24646,6315
24647,272
24648,6089
24649,278
24650,6319
24651,277
24652,6295
24653,277
24654,6041
24655,277
24656,6174
24657,286
24658,6216
24659,273
24660,6113
24661,288
24662,6160
24663,275
24664,6225
24665,279
24666,6573
24667,277
24668,6361
24669,311
24670,6097
24671,309
24672,6119
24673,277
24674,6172
24675,276
24676,7558
24677,297
24678,6524
24679,308
24680,6195
24681,273
24682,6200
24683,275
24684,6174
24685,278
24686,6355
24687,272
24688,6104
24689,273
24690,6383
24691,272
24692,6053
24693,272
24694,6356
24695,279
24696,6143
24697,279
24698,6290
24699,273
24700,6109
24701,281
24702,6007
24703,281
24704,6234
24705,271
24706,6193
24707,274
24708,7496
24709,283
24710,6217
24711,282
24712,6239
24713,270
24714,6185
24715,276
24716,6482
24717,337
24718,6269
24719,282
24720,6230
24721,275
24722,6240
24723,296
24724,6253
24725,283
24726,5957
24727,270
24728,6280
24729,275
24730,6370
24731,279
24732,6790
24733,279
24734,6320
24735,262
24736,6150
24737,267
24738,6172
24739,275
24740,7535
24741,288
24742,10463
24743,300
24744,6460
24745,314
24746,6081
24747,309
24748,6144
24749,283
24750,6198
24751,274
24752,6115
24753,274
24754,6538
24755,280
24756,6082
24757,279
24758,6252
24759,349
24760,6242
24761,275
24762,6318
24763,271
24764,6342
24765,294
24766,6165
24767,307
24768,6142
24769,277
24770,6197
24771,278
24772,7729
24773,286
24774,6313
24775,310
24776,6383
24777,278
24778,6242
24779,278
24780,6067
24781,284
24782,6024
24783,277
24784,6308
24785,281
24786,6250
24787,279
24788,6177
24789,279
24790,6273
24791,437
24792,6240
24793,304
24794,6351
24795,314
24796,6230
24797,278
24798,6115
24799,316
24800,6293
24801,305
24802,6070
24803,264
24804,7479
24805,296
24806,6348
24807,288
24808,6040
24809,315
24810,6207
24811,276
24812,5984
24813,276
24814,6217
24815,275
24816,6065
24817,260
24818,6218
24819,319
24820,6166
24821,265
24822,6205
24823,273
24824,6146
24825,313
24826,6001
24827,279
24828,6172
24829,298
24830,6233
24831,281
24832,6133
24833,295
24834,6277
24835,276
24836,7101
24837,283
24838,6249
24839,266
24840,6151
24841,279
24842,6152
24843,282
24844,6038
24845,281
24846,5963
24847,264
24848,6076
24849,298
24850,6033
24851,294
24852,6091
24853,319
24854,6149
24855,274
24856,6069
24857,276
24858,6152
24859,301
24860,6161
24861,276
24862,6040
24863,277
24864,6064
24865,275
24866,6070
24867,276
24868,7129
24869,323
24870,10176
24871,297
24872,6482
24873,280
24874,6128
24875,276
24876,6071
24877,284
24878,6189
24879,332
24880,6198
24881,279
24882,6177
24883,279
24884,6029
24885,277
24886,6142
24887,276
24888,6236
24889,280
24890,6132
24891,296
24892,6245
24893,279
24894,6080
24895,313
24896,6213
24897,271
24898,6061
24899,279
24900,7454
24901,318
24902,6155
24903,280
24904,6020
24905,304
24906,6126
24907,303
24908,6393
24909,297
24910,6224
24911,309
24912,6163
24913,307
24914,6256
24915,275
24916,6207
24917,276
24918,6234
24919,351
24920,6264
24921,312
24922,6252
24923,275
24924,6039
24925,268
24926,6142
24927,278
24928,6285
24929,325
24930,6275
24931,280
24932,7479
24933,332
24934,6320
24935,314
24936,6468
24937,285
24938,6493
24939,276
24940,6050
24941,394
24942,6501
24943,279
24944,6294
24945,310
24946,6092
24947,298
24948,56209
24949,357
24950,8258
24951,273
24952,6093
24953,275
24954,6128
24955,264
24956,6024
24957,265
24958,6045
24959,275
24960,6104
24961,280
24962,6239
24963,269
24964,7991
24965,284
24966,6427
24967,282
24968,6164
24969,286
24970,80728
24971,1036
24972,19399
24973,431
24974,8967
24975,349
24976,6991
24977,337
24978,6599
24979,274
24980,27646
24981,822
24982,19150
24983,542
24984,74796
24985,539
24986,12497
24987,310
24988,7277
24989,358
24990,6339
24991,274
24992,6314
24993,319
24994,6094
24995,318
24996,8336
24997,306
24998,15978
24999,294
25000,6555
25001,281
25002,6341
25003,296
25004,6219
25005,277
25006,6104
25007,296
25008,6154
25009,296
25010,6089
25011,278
25012,6111
25013,277
25014,6160
25015,279
25016,6055
25017,280
25018,6154
25019,272
25020,6070
25021,271
25022,6099
25023,278
25024,6257
25025,299
25026,6147
25027,310
25028,7276
25029,317
25030,6404
25031,272
25032,6096
25033,296
25034,6136
25035,301
25036,6073
25037,274
25038,6436
25039,292
25040,6158
25041,275
25042,6343
25043,276
25044,6177
25045,279
25046,6339
25047,310
25048,6208
25049,272
25050,6197
25051,271
25052,6163
25053,277
25054,6338
25055,281
25056,6244
25057,281
25058,6164
25059,284
25060,7254
25061,288
25062,6222
25063,277
25064,6074
25065,348
25066,6565
25067,328
25068,6279
25069,277
25070,6282
25071,265
25072,6151
25073,306
25074,6152
25075,258
25076,6143
25077,280
25078,6122
25079,270
25080,6240
25081,270
25082,6062
25083,271
25084,6110
25085,272
25086,6059
25087,273
25088,6215
25089,358
25090,7091
25091,313
25092,7674
25093,308
25094,6396
25095,281
25096,6184
25097,279
25098,6124
25099,278
25100,6188
25101,271
25102,6208
25103,272
25104,6098
25105,293
25106,6198
25107,342
25108,6080
25109,272
25110,6154
25111,278
25112,6176
25113,298
25114,6161
25115,273
25116,6141
25117,297
25118,6129
25119,270
25120,6257
25121,269
25122,6113
25123,267
25124,7300
25125,396
25126,10680
25127,322
25128,6665
25129,312
25130,6255
25131,283
25132,6247
25133,325
25134,6224
25135,369
25136,6106
25137,312
25138,6152
25139,304
25140,6110
25141,278
25142,6119
25143,309
25144,6101
25145,293
25146,6050
25147,272
25148,6056
25149,272
25150,6188
25151,271
25152,6211
25153,274
25154,6178
25155,272
25156,7450
25157,308
25158,6500
25159,307
25160,6207
25161,319
25162,6224
25163,280
25164,6090
25165,320
25166,6051
25167,262
25168,6186
25169,262
25170,6303
25171,274
25172,6188
25173,271
25174,6173
25175,310
25176,6064
25177,266
25178,6208
25179,273
25180,6206
25181,338
25182,6103
25183,282
25184,6071
25185,267
25186,6120
25187,310
25188,7314
25189,289
25190,6392
25191,307
25192,6296
25193,279
25194,6207
25195,349
25196,6163
25197,315
25198,6150
25199,294
25200,6238
25201,314
25202,6255
25203,282
25204,6126
25205,309
25206,6246
25207,320
25208,6218
25209,276
25210,6213
25211,305
25212,6164
25213,280
25214,6287
25215,286
25216,6196
25217,314
25218,6302
25219,279
25220,7320
25221,314
25222,6275
25223,278
25224,6083
25225,276
25226,6172
25227,279
25228,6192
25229,280
25230,6159
25231,302
25232,6191
25233,289
25234,47597
25235,422
25236,8030
25237,290
25238,6384
25239,266
25240,6191
25241,264
25242,6191
25243,283
25244,6165
25245,277
25246,6148
25247,280
25248,6189
25249,280
25250,6058
25251,292
25252,12297
25253,305
25254,6545
25255,312
25256,6147
25257,265
25258,6097
25259,304
25260,6067
25261,333
25262,6147
25263,279
25264,6050
25265,312
25266,6179
25267,323
25268,6051
25269,273
25270,6157
25271,279
25272,6120
25273,290
25274,6240
25275,277
25276,6107
25277,275
25278,6059
25279,334
25280,6197
25281,274
25282,6145
25283,267
25284,7334
25285,289
25286,6295
25287,273
25288,6109
25289,281
25290,6172
25291,279
25292,6128
25293,279
25294,6213
25295,314
25296,6158
25297,308
25298,6123
25299,276
25300,6204
25301,280
25302,6164
25303,319
25304,6101
25305,322
25306,6192
25307,278
25308,6117
25309,308
25310,6145
25311,301
25312,6268
25313,277
25314,6144
25315,301
25316,7283
25317,319
25318,6404
25319,313
25320,6088
25321,286
25322,6179
25323,286
25324,6063
25325,286
25326,6195
25327,282
25328,6047
25329,280
25330,6100
25331,314
25332,6235
25333,355
25334,6140
25335,279
25336,6100
25337,279
25338,6207
25339,289
25340,6237
25341,294
25342,6137
25343,308
25344,6181
25345,280
25346,6194
25347,281
25348,7335
25349,330
25350,6306
25351,288
25352,6055
25353,278
25354,6169
25355,280
25356,6107
25357,279
25358,6314
25359,335
25360,6330
25361,369
25362,6280
25363,281
25364,6162
25365,296
25366,6279
25367,310
25368,6224
25369,281
25370,6237
25371,284
25372,6121
25373,318
25374,6225
25375,280
25376,6219
25377,277
25378,6209
25379,281
25380,11360
25381,315
25382,6438
25383,283
25384,6242
25385,318
25386,6008
25387,286
25388,6112
25389,278
25390,5991
25391,274
25392,6109
25393,280
25394,6105
25395,298
25396,6158
25397,308
25398,6233
25399,279
25400,6065
25401,312
25402,6066
25403,265
25404,6057
25405,277
25406,6055
25407,339
25408,6101
25409,323
25410,6178
25411,277
25412,7264
25413,329
25414,6267
25415,281
25416,6077
25417,278
25418,6243
25419,284
25420,6074
25421,333
25422,6003
25423,278
25424,6155
25425,278
25426,6095
25427,278
25428,6237
25429,310
25430,6097
25431,281
25432,6201
25433,286
25434,6084
25435,277
25436,6122
25437,271
25438,6085
25439,279
25440,6102
25441,276
25442,5981
25443,314
25444,7268
25445,283
25446,6294
25447,314
25448,6239
25449,277
25450,6036
25451,280
25452,6086
25453,312
25454,5961
25455,274
25456,6150
25457,285
25458,6100
25459,283
25460,6124
25461,279
25462,6101
25463,281
25464,6224
25465,280
25466,6080
25467,314
25468,6064
25469,274
25470,6052
25471,262
25472,6079
25473,261
25474,6092
25475,278
25476,7323
25477,281
25478,6254
25479,284
25480,6105
25481,277
25482,6114
25483,281
25484,5989
25485,275
25486,6169
25487,307
25488,6090
25489,313
25490,6188
25491,274
25492,6081
25493,277
25494,6230
25495,281
25496,6050
25497,279
25498,6147
25499,279
25500,6112
25501,279
25502,6155
25503,276
25504,6239
25505,298
25506,6219
25507,281
25508,10893
25509,318
25510,6570
25511,278
25512,6214
25513,282
25514,6092
25515,281
25516,6008
25517,276
25518,6077
25519,277
25520,6121
25521,278
25522,6162
25523,283
25524,6049
25525,281
25526,6235
25527,320
25528,6064
25529,277
25530,6220
25531,288
25532,6047
25533,312
25534,6036
25535,279
25536,6115
25537,281
25538,6072
25539,304
25540,7137
25541,286
25542,6190
25543,286
25544,6040
25545,289
25546,6077
25547,282
25548,6239
25549,280
25550,6194
25551,300
25552,6094
25553,290
25554,6022
25555,280
25556,6167
25557,341
25558,6133
25559,282
25560,6051
25561,279
25562,6100
25563,311
25564,6226
25565,282
25566,6059
25567,283
25568,6140
25569,284
25570,6112
25571,297
25572,7246
25573,304
25574,6269
25575,284
25576,6174
25577,302
25578,6112
25579,278
25580,6058
25581,276
25582,6008
25583,278
25584,5986
25585,276
25586,6067
25587,279
25588,6068
25589,275
25590,6130
25591,315
25592,6082
25593,277
25594,6106
25595,283
25596,6081
25597,293
25598,6190
25599,306
25600,6045
25601,351
25602,7143
25603,311
25604,7600
25605,298
25606,6450
25607,315
25608,6146
25609,275
25610,6134
25611,274
25612,6115
25613,281
25614,6066
25615,283
25616,6032
25617,283
25618,6007
25619,289
25620,6057
25621,311
25622,6080
25623,269
25624,6118
25625,280
25626,5996
25627,275
25628,6089
25629,315
25630,6013
25631,334
25632,6098
25633,283
25634,6227
25635,351
25636,10677
25637,327
25638,6674
25639,282
25640,6311
25641,275
25642,6108
25643,274
25644,6099
25645,261
25646,6104
25647,278
25648,6070
25649,302
25650,6209
25651,294
25652,6065
25653,279
25654,6126
25655,279
25656,5919
25657,269
25658,6096
25659,280
25660,6001
25661,269
25662,6141
25663,261
25664,6009
25665,268
25666,6058
25667,272
25668,7295
25669,306
25670,6276
25671,283
25672,6039
25673,274
25674,6164
25675,281
25676,6003
25677,272
25678,6057
25679,269
25680,6109
25681,279
25682,6240
25683,276
25684,6164
25685,265
25686,6145
25687,288
25688,6282
25689,282
25690,6071
25691,308
25692,80694
25693,957
25694,17212
25695,404
25696,8361
25697,299
25698,6747
25699,308
25700,24529
25701,452
25702,12341
25703,340
25704,6804
25705,279
25706,6512
25707,308
25708,6331
25709,277
25710,6217
25711,278
25712,6184
25713,283
25714,6170
25715,274
25716,6165
25717,291
25718,6197
25719,277
25720,6070
25721,279
25722,6302
25723,276
25724,6167
25725,270
25726,914084
25727,2314
25728,49054
25729,654
25730,20997
25731,612
25732,13826
25733,518
25734,12347
25735,563
25736,315106
25737,2162
25738,19485
25739,714
25740,14115
25741,583
25742,12515
25743,707
25744,12874
25745,566
25746,13442
25747,539
25748,13009
25749,455
25750,12405
25751,556
25752,12474
25753,478
25754,11887
25755,601
25756,12653
25757,603
25758,12528
25759,531
25760,12882
25761,491
25762,33893
25763,501
25764,12970
25765,476
25766,11834
25767,524
25768,13208
25769,523
25770,1115189
25771,4339
25772,52514
25773,856
25774,18394
25775,433
25776,9246
25777,321
25778,6963
25779,280
25780,6615
25781,276
25782,6317
25783,321
25784,6338
25785,304
25786,6348
25787,340
25788,6181
25789,263
25790,6318
25791,273
25792,6107
25793,273
25794,10316
25795,330
25796,6615
25797,280
25798,6354
25799,325
25800,6039
25801,280
25802,6070
25803,279
25804,6190
25805,304
25806,6126
25807,280
25808,6299
25809,282
25810,6122
25811,295
25812,6336
25813,276
25814,6307
25815,278
25816,6172
25817,270
25818,6107
25819,271
25820,6198
25821,278
25822,6157
25823,281
25824,6106
25825,326
25826,7457
25827,318
25828,6319
25829,262
25830,5965
25831,272
25832,6091
25833,279
25834,6148
25835,264
25836,6055
25837,295
25838,6099
25839,278
25840,6074
25841,280
25842,6192
25843,292
25844,6048
25845,269
25846,6374
25847,294
25848,6121
25849,277
25850,6110
25851,287
25852,5996
25853,277
25854,6203
25855,284
25856,6183
25857,292
25858,7289
25859,281
25860,6297
25861,280
25862,6232
25863,279
25864,6071
25865,285
25866,6157
25867,296
25868,6074
25869,309
25870,6105
25871,280
25872,6074
25873,307
25874,6138
25875,309
25876,6070
25877,304
25878,6100
25879,290
25880,6229
25881,283
25882,6127
25883,310
25884,6149
25885,291
25886,6176
25887,284
25888,6206
25889,308
25890,19088
25891,304
25892,6905
25893,285
25894,6430
25895,285
25896,6260
25897,284
25898,6332
25899,289
25900,6195
25901,280
25902,6163
25903,277
25904,6123
25905,327
25906,6240
25907,279
25908,6133
25909,279
25910,6152
25911,304
25912,6155
25913,283
25914,6161
25915,296
25916,6128
25917,302
25918,6330
25919,296
25920,6092
25921,284
25922,7307
25923,292
25924,6212
25925,280
25926,6268
25927,297
25928,6180
25929,276
25930,6126
25931,277
25932,6197
25933,276
25934,6089
25935,265
25936,6153
25937,268
25938,6170
25939,287
25940,6181
25941,284
25942,6167
25943,359
25944,6188
25945,313
25946,6241
25947,283
25948,6093
25949,282
25950,6156
25951,287
25952,6134
25953,308
25954,7368
25955,324
25956,6372
25957,307
25958,6170
25959,296
25960,6111
25961,294
25962,6179
25963,283
25964,6148
25965,284
25966,6378
25967,282
25968,6073
25969,312
25970,6100
25971,283
25972,6190
25973,318
25974,6121
25975,282
25976,6168
25977,299
25978,6170
25979,284
25980,6096
25981,284
25982,6044
25983,281
25984,6062
25985,267
25986,7014
25987,305
25988,6287
25989,283
25990,6283
25991,287
25992,6242
25993,329
25994,6151
25995,285
25996,6120
25997,284
25998,6159
25999,329
26000,6096
26001,309
26002,6224
26003,288
26004,6135
26005,282
26006,6273
26007,288
26008,6207
26009,285
26010,6214
26011,279
26012,6276
26013,282
26014,6224
26015,284
26016,6282
26017,283
26018,10948
26019,316
26020,6716
26021,284
26022,6305
26023,303
26024,6361
26025,285
26026,6262
26027,320
26028,6209
26029,278
26030,6243
26031,283
26032,6284
26033,333
26034,6228
26035,283
26036,6140
26037,282
26038,6085
26039,315
26040,6261
26041,301
26042,6284
26043,311
26044,6136
26045,280
26046,6272
26047,310
26048,6335
26049,281
26050,7437
26051,297
26052,6406
26053,362
26054,6238
26055,285
26056,6191
26057,296
26058,5975
26059,281
26060,6083
26061,284
26062,6264
26063,312
26064,6061
26065,295
26066,6396
26067,279
26068,6104
26069,287
26070,6168
26071,304
26072,6257
26073,291
26074,6242
26075,283
26076,6129
26077,282
26078,6319
26079,310
26080,6176
26081,299
26082,7320
26083,320
26084,6777
26085,294
26086,6175
26087,325
26088,6240
26089,295
26090,6306
26091,354
26092,6987
26093,350
26094,6386
26095,329
26096,6101
26097,311
26098,6146
26099,310
26100,6163
26101,286
26102,6032
26103,300
26104,6202
26105,290
26106,6281
26107,285
26108,6117
26109,296
26110,6122
26111,285
26112,6038
26113,400
26114,8393
26115,313
26116,6582
26117,322
26118,6173
26119,278
26120,6195
26121,303
26122,6042
26123,278
26124,6016
26125,293
26126,6136
26127,306
26128,6104
26129,285
26130,6033
26131,289
26132,6072
26133,308
26134,6104
26135,299
26136,6114
26137,320
26138,6105
26139,314
26140,6048
26141,288
26142,6240
26143,293
26144,6181
26145,402
26146,11570
26147,341
26148,6771
26149,327
26150,6207
26151,287
26152,6098
26153,279
26154,6036
26155,306
26156,6114
26157,315
26158,6227
26159,323
26160,6048
26161,281
26162,6069
26163,280
26164,6222
26165,302
26166,6241
26167,277
26168,6082
26169,300
26170,6253
26171,298
26172,6002
26173,297
26174,6151
26175,278
26176,6219
26177,301
26178,7514
26179,293
26180,6257
26181,281
26182,6078
26183,296
26184,6111
26185,284
26186,6087
26187,273
26188,6193
26189,294
26190,6168
26191,285
26192,6152
26193,284
26194,6159
26195,294
26196,6155
26197,312
26198,6151
26199,316
26200,6044
26201,285
26202,5968
26203,283
26204,6109
26205,282
26206,6068
26207,334
26208,6069
26209,272
26210,7310
26211,294
26212,6294
26213,286
26214,6045
26215,332
26216,6939
26217,335
26218,6254
26219,279
26220,6135
26221,276
26222,6186
26223,280
26224,6019
26225,300
26226,6212
26227,276
26228,6203
26229,276
26230,6044
26231,275
26232,6384
26233,281
26234,6046
26235,272
26236,6200
26237,293
26238,6193
26239,279
26240,6116
26241,275
26242,7485
26243,300
26244,6517
26245,288
26246,6263
26247,286
26248,6105
26249,283
26250,6157
26251,301
26252,6202
26253,290
26254,6197
26255,307
26256,6251
26257,278
26258,6348
26259,326
26260,6121
26261,299
26262,6128
26263,284
26264,6062
26265,284
26266,6124
26267,298
26268,6209
26269,283
26270,6180
26271,277
26272,9753
26273,284
26274,7667
26275,304
26276,6367
26277,296
26278,6219
26279,284
26280,6163
26281,283
26282,6132
26283,277
26284,6139
26285,280
26286,6062
26287,333
26288,6095
26289,301
26290,6215
26291,313
26292,6229
26293,279
26294,6039
26295,315
26296,6187
26297,278
26298,6164
26299,279
26300,6114
26301,307
26302,6077
26303,315
26304,6248
26305,275
26306,7180
26307,287
26308,6298
26309,279
26310,6205
26311,285
26312,6150
26313,307
26314,6267
26315,275
26316,6127
26317,279
26318,6083
26319,278
26320,6154
26321,281
26322,6247
26323,277
26324,6235
26325,295
26326,6178
26327,311
26328,6164
26329,313
26330,6264
26331,295
26332,6278
26333,274
26334,6155
26335,283
26336,6220
26337,280
26338,7291
26339,299
26340,6371
26341,301
26342,6188
26343,314
26344,6109
26345,285
26346,6055
26347,279
26348,6170
26349,289
26350,6164
26351,285
26352,6040
26353,303
26354,6122
26355,281
26356,6227
26357,292
26358,6335
26359,282
26360,6205
26361,327
26362,6159
26363,279
26364,6004
26365,281
26366,6168
26367,300
26368,6208
26369,318
26370,7390
26371,302
26372,6558
26373,313
26374,6193
26375,289
26376,6171
26377,290
26378,6083
26379,279
26380,6023
26381,279
26382,6177
26383,280
26384,6065
26385,277
26386,6108
26387,304
26388,6210
26389,275
26390,6157
26391,317
26392,6178
26393,316
26394,6328
26395,309
26396,6050
26397,291
26398,6057
26399,283
26400,9222
26401,290
26402,7648
26403,319
26404,6465
26405,292
26406,6135
26407,282
26408,6086
26409,338
26410,6097
26411,277
26412,6010
26413,301
26414,6098
26415,280
26416,6171
26417,277
26418,6116
26419,275
26420,6271
26421,282
26422,6025
26423,326
26424,6185
26425,314
26426,6086
26427,279
26428,6162
26429,284
26430,6118
26431,280
26432,6147
26433,305
26434,7335
26435,295
26436,6326
26437,290
26438,6056
26439,282
26440,6053
26441,291
26442,6241
26443,282
26444,6093
26445,286
26446,6062
26447,284
26448,6110
26449,288
26450,6056
26451,269
26452,6079
26453,295
26454,6170
26455,283
26456,6085
26457,284
26458,6077
26459,282
26460,6150
26461,324
26462,6087
26463,280
26464,6155
26465,288
26466,7196
26467,315
26468,6210
26469,288
26470,6080
26471,282
26472,6016
26473,328
26474,6163
26475,278
26476,6089
26477,285
26478,6080
26479,290
26480,6074
26481,298
26482,6154
26483,302
26484,6119
26485,296
26486,6052
26487,279
26488,6007
26489,287
26490,6125
26491,280
26492,6158
26493,278
26494,6064
26495,275
26496,6087
26497,309
26498,7285
26499,284
26500,6385
26501,296
26502,6094
26503,282
26504,6145
26505,301
26506,6192
26507,311
26508,6027
26509,287
26510,6119
26511,292
26512,6135
26513,290
26514,6113
26515,285
26516,6140
26517,284
26518,6120
26519,273
26520,6180
26521,291
26522,6186
26523,279
26524,6209
26525,285
26526,6135
26527,308
26528,9455
26529,291
26530,7581
26531,316
26532,6322
26533,284
26534,6199
26535,302
26536,6156
26537,286
26538,6106
26539,296
26540,6198
26541,315
26542,6370
26543,296
26544,6193
26545,284
26546,6158
26547,285
26548,6047
26549,287
26550,158646
26551,524
26552,11630
26553,297
26554,6762
26555,278
26556,6128
26557,319
26558,6115
26559,265
26560,6001
26561,294
26562,7967
26563,318
26564,6358
26565,317
26566,6082
26567,281
26568,6102
26569,288
26570,6127
26571,288
26572,5926
26573,271
26574,6053
26575,281
26576,6073
26577,264
26578,6047
26579,272
26580,6037
26581,302
26582,6117
26583,262
26584,6204
26585,269
26586,6063
26587,259
26588,6086
26589,270
26590,6109
26591,278
26592,5924
26593,311
26594,7259
26595,288
26596,6350
26597,295
26598,6151
26599,282
26600,6063
26601,308
26602,6125
26603,278
26604,6152
26605,310
26606,6087
26607,276
26608,6127
26609,283
26610,6159
26611,277
26612,6180
26613,296
26614,6168
26615,279
26616,6018
26617,274
26618,6100
26619,329
26620,6277
26621,266
26622,6073
26623,276
26624,6140
26625,379
26626,8465
26627,297
26628,6816
26629,279
26630,6233
26631,272
26632,6161
26633,261
26634,6062
26635,272
26636,6180
26637,293
26638,6119
26639,276
26640,5986
26641,283
26642,6231
26643,277
26644,6304
26645,332
26646,6127
26647,309
26648,6081
26649,298
26650,6143
26651,342
26652,6188
26653,277
26654,6113
26655,380
26656,9849
26657,294
26658,7652
26659,351
26660,6325
26661,343
26662,6158
26663,276
26664,6173
26665,275
26666,6108
26667,277
26668,6027
26669,299
26670,6215
26671,275
26672,6131
26673,300
26674,6054
26675,283
26676,6125
26677,300
26678,6012
26679,304
26680,6124
26681,306
26682,6043
26683,282
26684,6164
26685,297
26686,6249
26687,314
26688,6036
26689,295
26690,7338
26691,298
26692,6205
26693,286
26694,5989
26695,276
26696,6062
26697,277
26698,5950
26699,281
26700,6007
26701,315
26702,6181
26703,310
26704,6049
26705,304
26706,6286
26707,274
26708,6123
26709,281
26710,6106
26711,284
26712,6191
26713,298
26714,6152
26715,285
26716,6096
26717,282
26718,6210
26719,304
26720,6013
26721,276
26722,7182
26723,288
26724,6278
26725,296
26726,6211
26727,277
26728,6047
26729,285
26730,6197
26731,277
26732,6074
26733,278
26734,6136
26735,276
26736,6061
26737,296
26738,6047
26739,283
26740,6138
26741,278
26742,6124
26743,276
26744,6137
26745,282
26746,6159
26747,260
26748,6116
26749,281
26750,6103
26751,272
26752,6118
26753,272
26754,7186
26755,286
26756,6390
26757,280
26758,6219
26759,286
26760,6084
26761,313
26762,6085
26763,282
26764,6061
26765,275
26766,6029
26767,318
26768,6090
26769,274
26770,5968
26771,282
26772,5997
26773,276
26774,6203
26775,270
26776,6082
26777,261
26778,6290
26779,270
26780,6065
26781,294
26782,9806
26783,307
26784,6265
26785,321
26786,7318
26787,293
26788,6196
26789,274
26790,6087
26791,315
26792,6080
26793,277
26794,5997
26795,272
26796,6062
26797,272
26798,6036
26799,271
26800,5957
26801,276
26802,6022
26803,262
26804,6102
26805,304
26806,6145
26807,282
26808,6116
26809,279
26810,5995
26811,283
26812,6094
26813,281
26814,6070
26815,282
26816,6051
26817,271
26818,7281
26819,297
26820,6164
26821,285
26822,6082
26823,271
26824,6025
26825,264
26826,5964
26827,279
26828,6009
26829,283
26830,6021
26831,305
26832,6032
26833,301
26834,6095
26835,264
26836,5959
26837,307
26838,6119
26839,282
26840,6156
26841,261
26842,6078
26843,268
26844,6073
26845,287
26846,6022
26847,263
26848,6010
26849,262
26850,7169
26851,284
26852,6242
26853,309
26854,6207
26855,316
26856,6223
26857,299
26858,6080
26859,304
26860,5999
26861,308
26862,6104
26863,279
26864,6104
26865,302
26866,6057
26867,311
26868,5988
26869,279
26870,6123
26871,274
26872,6063
26873,311
26874,6132
26875,264
26876,6006
26877,279
26878,6117
26879,282
26880,6026
26881,289
26882,7299
26883,306
26884,6190
26885,286
26886,6016
26887,299
26888,6169
26889,278
26890,6104
26891,280
26892,6036
26893,277
26894,6035
26895,277
26896,6070
26897,279
26898,5973
26899,277
26900,6042
26901,303
26902,6120
26903,275
26904,6230
26905,346
26906,6186
26907,303
26908,6088
26909,284
26910,9929
26911,294
26912,6428
26913,301
26914,7271
26915,288
26916,6311
26917,284
26918,6080
26919,283
26920,5964
26921,308
26922,6075
26923,278
26924,5992
26925,280
26926,6068
26927,279
26928,6083
26929,280
26930,6133
26931,312
26932,6188
26933,283
26934,6033
26935,280
26936,6171
26937,272
26938,6231
26939,277
26940,6044
26941,278
26942,6133
26943,283
26944,5974
26945,275
26946,7129
26947,286
26948,6119
26949,279
26950,6105
26951,276
26952,6259
26953,278
26954,6109
26955,310
26956,6066
26957,277
26958,6024
26959,292
26960,6082
26961,259
26962,6140
26963,280
26964,6134
26965,287
26966,6069
26967,291
26968,6099
26969,293
26970,6167
26971,279
26972,6039
26973,276
26974,5957
26975,275
26976,6183
26977,303
26978,7242
26979,284
26980,6161
26981,321
26982,6109
26983,276
26984,6146
26985,274
26986,6099
26987,309
26988,6223
26989,296
26990,6081
26991,271
26992,6198
26993,258
26994,6062
26995,273
26996,5910
26997,284
26998,5947
26999,270
27000,6045
27001,296
27002,6196
27003,275
27004,6122
27005,315
27006,6027
27007,272
27008,6113
27009,313
27010,7289
27011,285
27012,6314
27013,285
27014,6109
27015,277
27016,6125
27017,310
27018,6035
27019,308
27020,6115
27021,270
27022,6023
27023,280
27024,6039
27025,273
27026,6066
27027,257
27028,6010
27029,272
27030,6090
27031,283
27032,6065
27033,276
27034,6048
27035,276
27036,6009
27037,313
27038,9753
27039,294
27040,6333
27041,281
27042,7477
27043,285
27044,6317
27045,276
27046,6090
27047,273
27048,6127
27049,315
27050,6179
27051,309
27052,6143
27053,285
27054,6117
27055,285
27056,5939
27057,295
27058,5952
27059,310
27060,6110
27061,295
27062,6063
27063,285
27064,6151
27065,261
27066,6062
27067,274
27068,5962
27069,273
27070,6068
27071,306
27072,6073
27073,260
27074,7191
27075,277
27076,6214
27077,315
27078,5995
27079,296
27080,6104
27081,301
27082,6206
27083,273
27084,6108
27085,275
27086,6166
27087,272
27088,6030
27089,282
27090,6270
27091,282
27092,6227
27093,317
27094,6147
27095,279
27096,6127
27097,273
27098,6076
27099,280
27100,6143
27101,303
27102,6054
27103,275
27104,6180
27105,296
27106,7333
27107,290
27108,6295
27109,277
27110,5993
27111,285
27112,6114
27113,279
27114,6052
27115,280
27116,6121
27117,279
27118,6091
27119,312
27120,6075
27121,274
27122,6134
27123,281
27124,6068
27125,286
27126,6018
27127,319
27128,6066
27129,300
27130,6172
27131,282
27132,6129
27133,279
27134,6102
27135,306
27136,6127
27137,417
27138,7824
27139,334
27140,6424
27141,311
27142,6154
27143,273
27144,6092
27145,280
27146,6084
27147,272
27148,6040
27149,278
27150,6076
27151,288
27152,6082
27153,277
27154,5979
27155,307
27156,6105
27157,284
27158,6121
27159,284
27160,6256
27161,326
27162,6122
27163,271
27164,5996
27165,329
27166,9565
27167,296
27168,6446
27169,266
27170,7346
27171,298
27172,6270
27173,287
27174,6192
27175,312
27176,6124
27177,328
27178,6087
27179,276
27180,6024
27181,283
27182,6059
27183,277
27184,6072
27185,280
27186,5945
27187,280
27188,6062
27189,260
27190,5974
27191,273
27192,6025
27193,275
27194,5974
27195,273
27196,6079
27197,276
27198,6039
27199,273
27200,6073
27201,270
27202,7235
27203,298
27204,6283
27205,284
27206,6294
27207,269
27208,6200
27209,281
27210,6162
27211,284
27212,6214
27213,272
27214,6162
27215,298
27216,6147
27217,291
27218,6308
27219,280
27220,6098
27221,284
27222,6104
27223,321
27224,6149
27225,313
27226,6191
27227,279
27228,6098
27229,289
27230,6222
27231,300
27232,6126
27233,312
27234,7426
27235,306
27236,6329
27237,314
27238,6103
27239,289
27240,6229
27241,289
27242,6290
27243,304
27244,6171
27245,311
27246,6173
27247,311
27248,6152
27249,283
27250,6103
27251,282
27252,6127
27253,281
27254,6005
27255,265
27256,59743
27257,1917
27258,19383
27259,639
27260,13847
27261,550
27262,13242
27263,522
27264,12868
27265,490
27266,15386
27267,524
27268,12536
27269,600
27270,12262
27271,566
27272,14035
27273,518
27274,12190
27275,529
27276,12610
27277,520
27278,13603
27279,591
27280,13029
27281,547
27282,12691
27283,489
27284,12502
27285,484
27286,12918
27287,493
27288,13023
27289,595
27290,13826
27291,567
27292,24483
27293,598
27294,13817
27295,562
27296,13680
27297,643
27298,16352
27299,597
27300,13019
27301,533
27302,11316
27303,493
27304,11227
27305,426
27306,11273
27307,547
27308,12569
27309,546
27310,13522
27311,621
27312,12995
27313,535
27314,11569
27315,505
27316,10982
27317,509
27318,10979
27319,530
27320,11051
27321,557
27322,10950
27323,445
27324,11228
27325,462
27326,11557
27327,437
27328,11641
27329,474
27330,14514
27331,577
27332,12918
27333,627
27334,12324
27335,545
27336,11984
27337,526
27338,12200
27339,542
27340,13109
27341,606
27342,13243
27343,550
27344,12466
27345,488
27346,13124
27347,531
27348,14003
27349,575
27350,13515
27351,562
27352,13273
27353,494
27354,11650
27355,502
27356,12572
27357,559
27358,12776
27359,556
27360,12198
27361,559
27362,15224
27363,560
27364,12956
27365,547
27366,12530
27367,588
27368,12924
27369,553
27370,12313
27371,466
27372,11627
27373,535
27374,12289
27375,481
27376,12361
27377,801
27378,14359
27379,477
27380,12910
27381,529
27382,12700
27383,514
27384,12286
27385,485
27386,12724
27387,481
27388,11871
27389,557
27390,12082
27391,540
27392,12689
27393,560
27394,15703
27395,560
27396,12659
27397,561
27398,11955
27399,526
27400,12513
27401,637
27402,14209
27403,562
27404,14424
27405,535
27406,14947
27407,491
27408,13254
27409,527
27410,14279
27411,566
27412,13961
27413,577
27414,14424
27415,592
27416,13353
27417,508
27418,12458
27419,482
27420,24503
27421,603
27422,13247
27423,542
27424,11075
27425,489
27426,14704
27427,440
27428,11926
27429,450
27430,11886
27431,612
27432,12040
27433,510
27434,11292
27435,537
27436,11718
27437,493
27438,20225
27439,604
27440,17498
27441,549
27442,12435
27443,490
27444,12004
27445,531
27446,12187
27447,532
27448,12814
27449,519
27450,11459
27451,459
27452,11126
27453,523
27454,12218
27455,497
27456,13315
27457,564
27458,16697
27459,555
27460,13711
27461,516
27462,12560
27463,533
27464,13479
27465,583
27466,14076
27467,481
27468,13036
27469,627
27470,12833
27471,495
27472,12668
27473,544
27474,15784
27475,569
27476,12714
27477,524
27478,11803
27479,513
27480,12157
27481,549
27482,12683
27483,504
27484,11560
27485,437
27486,11323
27487,472
27488,11968
27489,462
27490,13558
27491,517
27492,11631
27493,524
27494,11820
27495,495
27496,11478
27497,482
27498,11940
27499,593
27500,13349
27501,479
27502,3671250
27503,2360
27504,25871
27505,680
27506,15057
27507,524
27508,13159
27509,577
27510,12542
27511,529
27512,11803
27513,473
27514,11221
27515,536
27516,11752
27517,487
27518,11291
27519,510
27520,16823
27521,567
27522,12560
27523,324
27524,7254
27525,285
27526,6340
27527,307
27528,6188
27529,324
27530,6359
27531,269
27532,6250
27533,280
27534,6260
27535,277
27536,6158
27537,280
27538,6106
27539,287
27540,6163
27541,283
27542,6258
27543,284
27544,6091
27545,308
27546,6197
27547,289
27548,18964
27549,351
27550,6671
27551,301
27552,7992
27553,344
27554,6440
27555,311
27556,6251
27557,287
27558,6193
27559,321
27560,6233
27561,328
27562,6671
27563,291
27564,6261
27565,295
27566,6210
27567,302
27568,6176
27569,304
27570,6219
27571,305
27572,6183
27573,296
27574,6109
27575,303
27576,6243
27577,320
27578,6193
27579,292
27580,6195
27581,304
27582,6019
27583,307
27584,7253
27585,313
27586,6432
27587,292
27588,6184
27589,289
27590,6137
27591,315
27592,6157
27593,296
27594,6753
27595,305
27596,6317
27597,296
27598,6245
27599,301
27600,6337
27601,312
27602,6138
27603,307
27604,6231
27605,295
27606,6111
27607,294
27608,6042
27609,296
27610,6190
27611,313
27612,6332
27613,332
27614,6202
27615,301
27616,7276
27617,307
27618,6344
27619,321
27620,6331
27621,306
27622,6099
27623,321
27624,6116
27625,293
27626,6330
27627,307
27628,6159
27629,317
27630,6199
27631,318
27632,6085
27633,320
27634,6126
27635,337
27636,6145
27637,322
27638,6193
27639,296
27640,6151
27641,329
27642,6357
27643,300
27644,6151
27645,292
27646,6159
27647,303
27648,7422
27649,337
27650,7094
27651,301
27652,6405
27653,306
27654,6246
27655,324
27656,6214
27657,294
27658,6126
27659,300
27660,6131
27661,287
27662,6190
27663,297
27664,5987
27665,288
27666,6548
27667,309
27668,6303
27669,304
27670,5998
27671,338
27672,6200
27673,303
27674,6091
27675,415
27676,11080
27677,352
27678,6567
27679,330
27680,7762
27681,307
27682,6398
27683,286
27684,6246
27685,284
27686,6226
27687,286
27688,6160
27689,321
27690,6136
27691,305
27692,6191
27693,279
27694,6575
27695,310
27696,6288
27697,279
27698,6016
27699,308
27700,6239
27701,268
27702,6147
27703,277
27704,6252
27705,302
27706,6046
27707,278
27708,6052
27709,275
27710,6002
27711,279
27712,7216
27713,304
27714,6443
27715,287
27716,6245
27717,286
27718,6115
27719,286
27720,6226
27721,277
27722,6009
27723,276
27724,6007
27725,274
27726,5970
27727,275
27728,6081
27729,308
27730,6191
27731,274
27732,6106
27733,275
27734,6172
27735,324
27736,6191
27737,276
27738,6210
27739,278
27740,6135
27741,279
27742,6102
27743,308
27744,7192
27745,306
27746,6378
27747,285
27748,6252
27749,293
27750,6103
27751,278
27752,6190
27753,278
27754,6125
27755,298
27756,6218
27757,284
27758,6194
27759,325
27760,6095
27761,291
27762,6118
27763,288
27764,6118
27765,275
27766,6184
27767,276
27768,6130
27769,279
27770,6100
27771,310
27772,6200
27773,282
27774,6156
27775,283
27776,7241
27777,301
27778,6282
27779,288
27780,6068
27781,277
27782,6035
27783,339
27784,6402
27785,316
27786,6300
27787,317
27788,6197
27789,293
27790,6174
27791,302
27792,6120
27793,317
27794,6053
27795,284
27796,6040
27797,280
27798,6204
27799,279
27800,6092
27801,309
27802,9972
27803,286
27804,6427
27805,309
27806,6319
27807,280
27808,7302
27809,321
27810,6420
27811,320
27812,6073
27813,295
27814,6122
27815,316
27816,6149
27817,321
27818,6299
27819,319
27820,6189
27821,293
27822,6198
27823,280
27824,6025
27825,280
27826,6209
27827,283
27828,6187
27829,281
27830,6072
27831,281
27832,6120
27833,276
27834,6017
27835,316
27836,6196
27837,275
27838,5991
27839,317
27840,7289
27841,313
27842,6350
27843,282
27844,6025
27845,341
27846,6029
27847,284
27848,6231
27849,323
27850,6099
27851,283
27852,6128
27853,279
27854,6197
27855,275
27856,6141
27857,301
27858,6191
27859,277
27860,6141
27861,335
27862,6080
27863,281
27864,6099
27865,290
27866,6282
27867,286
27868,6161
27869,301
27870,6023
27871,279
27872,7138
27873,296
27874,6369
27875,302
27876,6119
27877,289
27878,6099
27879,282
27880,6204
27881,295
27882,6118
27883,284
27884,6081
27885,350
27886,6078
27887,320
27888,6239
27889,314
27890,6099
27891,282
27892,6149
27893,295
27894,6107
27895,278
27896,6143
27897,278
27898,6095
27899,274
27900,6051
27901,283
27902,5944
27903,265
27904,7322
27905,281
27906,6156
27907,279
27908,6150
27909,275
27910,6105
27911,276
27912,6156
27913,279
27914,6020
27915,275
27916,6027
27917,277
27918,6138
27919,275
27920,6144
27921,280
27922,6142
27923,280
27924,6133
27925,284
27926,6020
27927,282
27928,6116
27929,290
27930,10115
27931,294
27932,6392
27933,288
27934,6270
27935,287
27936,7476
27937,297
27938,6442
27939,281
27940,6182
27941,312
27942,6118
27943,297
27944,6169
27945,283
27946,6034
27947,294
27948,6058
27949,281
27950,6069
27951,283
27952,6299
27953,305
27954,6181
27955,319
27956,6115
27957,294
27958,6059
27959,280
27960,6231
27961,279
27962,6130
27963,279
27964,6084
27965,278
27966,6157
27967,281
27968,7194
27969,318
27970,6359
27971,281
27972,6253
27973,277
27974,6249
27975,280
27976,6125
27977,306
27978,6078
27979,285
27980,6142
27981,277
27982,6121
27983,296
27984,6068
27985,279
27986,6053
27987,294
27988,6171
27989,285
27990,6122
27991,288
27992,6034
27993,283
27994,6170
27995,300
27996,6163
27997,310
27998,6160
27999,282
28000,7193
28001,305
28002,6265
28003,272
28004,6120
28005,297
28006,6142
28007,310
28008,6193
28009,315
28010,6165
28011,284
28012,6089
28013,281
28014,6117
28015,309
28016,6159
28017,283
28018,6285
28019,309
28020,6145
28021,276
28022,6102
28023,295
28024,6085
28025,268
28026,6119
28027,305
28028,6215
28029,313
28030,6284
28031,280
28032,7290
28033,289
28034,6284
28035,278
28036,6211
28037,299
28038,6153
28039,281
28040,6119
28041,318
28042,6074
28043,289
28044,6184
28045,268
28046,6141
28047,324
28048,6043
28049,311
28050,5994
28051,362
28052,6330
28053,287
28054,6123
28055,315
28056,6201
28057,339
28058,9469
28059,321
28060,6337
28061,281
28062,6203
28063,312
28064,7590
28065,323
28066,6241
28067,287
28068,6210
28069,288
28070,6274
28071,300
28072,6029
28073,288
28074,6137
28075,282
28076,5960
28077,310
28078,6065
28079,280
28080,6032
28081,321
28082,6077
28083,283
28084,6132
28085,297
28086,6110
28087,316
28088,6160
28089,317
28090,6134
28091,280
28092,5932
28093,280
28094,6149
28095,279
28096,7253
28097,297
28098,6420
28099,280
28100,6248
28101,281
28102,6140
28103,282
28104,6056
28105,278
28106,6089
28107,294
28108,6092
28109,296
28110,6265
28111,287
28112,6147
28113,301
28114,6138
28115,307
28116,6019
28117,279
28118,6093
28119,280
28120,6142
28121,285
28122,5997
28123,299
28124,6024
28125,279
28126,6192
28127,282
28128,7298
28129,318
28130,6287
28131,281
28132,5998
28133,289
28134,6226
28135,310
28136,6323
28137,301
28138,6100
28139,301
28140,6149
28141,299
28142,6234
28143,310
28144,6089
28145,321
28146,6201
28147,283
28148,6151
28149,303
28150,6089
28151,317
28152,6094
28153,312
28154,6124
28155,285
28156,5998
28157,296
28158,6044
28159,284
28160,7134
28161,381
28162,6896
28163,302
28164,6480
28165,331
28166,6206
28167,316
28168,6185
28169,282
28170,6141
28171,301
28172,6102
28173,279
28174,6162
28175,283
28176,6118
28177,290
28178,6143
28179,315
28180,6079
28181,281
28182,6024
28183,283
28184,6112
28185,321
28186,12112
28187,416
28188,6578
28189,328
28190,6373
28191,347
28192,7380
28193,319
28194,6474
28195,281
28196,6230
28197,300
28198,6121
28199,323
28200,6118
28201,280
28202,6131
28203,274
28204,6128
28205,284
28206,6386
28207,283
28208,6523
28209,285
28210,6395
28211,298
28212,6345
28213,275
28214,6303
28215,324
28216,6407
28217,311
28218,6183
28219,278
28220,6179
28221,280
28222,6167
28223,278
28224,7304
28225,282
28226,6393
28227,281
28228,6226
28229,309
28230,6119
28231,298
28232,6292
28233,317
28234,6238
28235,277
28236,6053
28237,288
28238,6288
28239,279
28240,6065
28241,281
28242,6161
28243,282
28244,6120
28245,266
28246,6061
28247,280
28248,6300
28249,278
28250,6076
28251,324
28252,6090
28253,287
28254,6056
28255,307
28256,7210
28257,301
28258,8757
28259,522
28260,11524
28261,603
28262,80289
28263,500
28264,7872
28265,322
28266,6486
28267,272
28268,6159
28269,277
28270,6125
28271,310
28272,6093
28273,293
28274,5944
28275,269
28276,31420
28277,641
28278,11231
28279,370
28280,7928
28281,364
28282,7156
28283,320
28284,6810
28285,282
28286,6443
28287,274
28288,9377
28289,302
28290,7038
28291,283
28292,6418
28293,295
28294,6308
28295,283
28296,6211
28297,326
28298,6319
28299,310
28300,6285
28301,287
28302,6431
28303,287
28304,6210
28305,284
28306,6214
28307,292
28308,6205
28309,283
28310,6325
28311,282
28312,15985
28313,335
28314,6676
28315,278
28316,6366
28317,280
28318,6405
28319,277
28320,7753
28321,294
28322,6650
28323,318
28324,6209
28325,284
28326,6262
28327,277
28328,6224
28329,277
28330,6147
28331,300
28332,6191
28333,304
28334,6182
28335,285
28336,6275
28337,277
28338,6285
28339,279
28340,6152
28341,281
28342,6121
28343,281
28344,6144
28345,278
28346,6205
28347,309
28348,6195
28349,279
28350,6162
28351,312
28352,7357
28353,286
28354,6428
28355,297
28356,6198
28357,277
28358,6198
28359,278
28360,6134
28361,293
28362,6279
28363,310
28364,6095
28365,277
28366,6155
28367,275
28368,6164
28369,279
28370,6121
28371,305
28372,6126
28373,265
28374,6129
28375,279
28376,6167
28377,296
28378,6200
28379,310
28380,6198
28381,275
28382,6213
28383,273
28384,7419
28385,282
28386,6287
28387,331
28388,6288
28389,307
28390,6181
28391,277
28392,6115
28393,276
28394,6182
28395,275
28396,6243
28397,281
28398,6204
28399,275
28400,6101
28401,281
28402,6287
28403,308
28404,6153
28405,304
28406,6220
28407,298
28408,6110
28409,275
28410,6064
28411,280
28412,6184
28413,296
28414,6199
28415,304
28416,7377
28417,284
28418,6352
28419,279
28420,6142
28421,278
28422,6111
28423,281
28424,6170
28425,281
28426,6034
28427,306
28428,6222
28429,281
28430,6061
28431,310
28432,6203
28433,308
28434,6163
28435,266
28436,6265
28437,314
28438,6264
28439,309
28440,10205
28441,288
28442,6559
28443,276
28444,6276
28445,269
28446,6146
28447,275
28448,7315
28449,289
28450,6525
28451,362
28452,6266
28453,308
28454,6182
28455,277
28456,6171
28457,280
28458,6236
28459,305
28460,6160
28461,316
28462,6283
28463,283
28464,6188
28465,279
28466,6089
28467,276
28468,6158
28469,298
28470,6127
28471,275
28472,6028
28473,275
28474,6255
28475,282
28476,6135
28477,306
28478,6121
28479,312
28480,7395
28481,284
28482,6450
28483,280
28484,6198
28485,279
28486,6119
28487,282
28488,6220
28489,279
28490,6160
28491,280
28492,6256
28493,282
28494,6163
28495,280
28496,6204
28497,281
28498,6191
28499,280
28500,6169
28501,287
28502,6053
28503,303
28504,6157
28505,266
28506,6145
28507,277
28508,6270
28509,282
28510,6128
28511,277
28512,7242
28513,294
28514,6334
28515,272
28516,6125
28517,271
28518,6238
28519,275
28520,6180
28521,271
28522,6142
28523,278
28524,6200
28525,278
28526,6161
28527,273
28528,6269
28529,275
28530,6135
28531,276
28532,6240
28533,273
28534,6263
28535,265
28536,6275
28537,276
28538,6190
28539,279
28540,6135
28541,279
28542,6102
28543,309
28544,7317
28545,319
28546,6424
28547,310
28548,6096
28549,276
28550,6241
28551,266
28552,6148
28553,280
28554,6164
28555,278
28556,6089
28557,271
28558,6123
28559,273
28560,6194
28561,272
28562,6081
28563,270
28564,6217
28565,268
28566,6263
28567,276
28568,9334
28569,312
28570,6474
28571,282
28572,6174
28573,310
28574,6196
28575,274
28576,7394
28577,304
28578,6419
28579,343
28580,6232
28581,284
28582,6199
28583,280
28584,6077
28585,341
28586,6230
28587,278
28588,6150
28589,285
28590,6173
28591,292
28592,6198
28593,295
28594,6173
28595,320
28596,6186
28597,279
28598,6281
28599,281
28600,6210
28601,283
28602,6288
28603,310
28604,6203
28605,277
28606,6326
28607,274
28608,7544
28609,280
28610,6383
28611,308
28612,6222
28613,279
28614,6303
28615,304
28616,6307
28617,268
28618,6268
28619,313
28620,6157
28621,305
28622,6162
28623,279
28624,6107
28625,297
28626,6197
28627,298
28628,6172
28629,279
28630,6176
28631,277
28632,6181
28633,263
28634,6273
28635,279
28636,6225
28637,276
28638,6087
28639,342
28640,7354
28641,302
28642,6334
28643,280
28644,6201
28645,260
28646,6140
28647,270
28648,6115
28649,277
28650,6149
28651,274
28652,6083
28653,278
28654,6158
28655,279
28656,6201
28657,278
28658,6179
28659,278
28660,5990
28661,310
28662,6371
28663,303
28664,6158
28665,284
28666,6221
28667,277
28668,6124
28669,291
28670,6363
28671,273
28672,7438
28673,350
28674,7374
28675,294
28676,6579
28677,278
28678,6323
28679,274
28680,6134
28681,278
28682,6133
28683,278
28684,6313
28685,306
28686,6190
28687,260
28688,6121
28689,258
28690,6125
28691,290
28692,6139
28693,259
28694,6133
28695,435
28696,9703
28697,323
28698,6311
28699,319
28700,6343
28701,269
28702,6103
28703,261
28704,7320
28705,276
28706,6310
28707,277
28708,6084
28709,273
28710,6139
28711,273
28712,6041
28713,269
28714,6153
28715,259
28716,6194
28717,271
28718,6143
28719,269
28720,6087
28721,263
28722,6114
28723,259
28724,6028
28725,273
28726,5957
28727,270
28728,6042
28729,258
28730,6155
28731,298
28732,6037
28733,309
28734,6253
28735,277
28736,7400
28737,278
28738,6518
28739,290
28740,6071
28741,271
28742,6050
28743,268
28744,6064
28745,278
28746,6249
28747,304
28748,6068
28749,273
28750,6113
28751,292
28752,6120
28753,310
28754,6018
28755,278
28756,6004
28757,298
28758,6160
28759,277
28760,6047
28761,304
28762,6040
28763,302
28764,5995
28765,276
28766,6098
28767,273
28768,7271
28769,264
28770,6314
28771,277
28772,6234
28773,283
28774,6095
28775,329
28776,6084
28777,277
28778,6118
28779,271
28780,6071
28781,277
28782,6010
28783,308
28784,5961
28785,273
28786,6029
28787,261
28788,6162
28789,275
28790,6110
28791,276
28792,5990
28793,264
28794,6121
28795,273
28796,6073
28797,274
28798,6037
28799,274
28800,7295
28801,302
28802,6286
28803,279
28804,6138
28805,279
28806,6007
28807,278
28808,6021
28809,260
28810,6017
28811,274
28812,6126
28813,261
28814,6064
28815,270
28816,6005
28817,270
28818,6033
28819,270
28820,6168
28821,291
28822,9517
28823,277
28824,6288
28825,279
28826,6248
28827,260
28828,6117
28829,273
28830,6161
28831,269
28832,7434
28833,278
28834,6376
28835,280
28836,6073
28837,317
28838,6143
28839,295
28840,6084
28841,274
28842,6159
28843,275
28844,6070
28845,281
28846,6151
28847,272
28848,5998
28849,304
28850,6052
28851,314
28852,6116
28853,272
28854,6068
28855,277
28856,6192
28857,326
28858,6082
28859,276
28860,6036
28861,273
28862,6239
28863,282
28864,7393
28865,306
28866,6373
28867,282
28868,6108
28869,293
28870,6033
28871,275
28872,6043
28873,309
28874,6099
28875,275
28876,6127
28877,273
28878,6015
28879,264
28880,6195
28881,297
28882,6010
28883,303
28884,6102
28885,277
28886,6058
28887,343
28888,6014
28889,264
28890,6049
28891,282
28892,6143
28893,264
28894,6052
28895,298
28896,7260
28897,276
28898,6261
28899,265
28900,5966
28901,257
28902,6032
28903,256
28904,6009
28905,272
28906,6101
28907,270
28908,6109
28909,274
28910,5935
28911,270
28912,6122
28913,270
28914,6097
28915,285
28916,5967
28917,276
28918,5995
28919,260
28920,6055
28921,274
28922,5974
28923,268
28924,6094
28925,269
28926,6107
28927,270
28928,7301
28929,273
28930,6152
28931,265
28932,6030
28933,298
28934,6105
28935,277
28936,6121
28937,271
28938,6138
28939,259
28940,6080
28941,273
28942,6171
28943,269
28944,5968
28945,309
28946,6037
28947,272
28948,6027
28949,267
28950,6006
28951,3080
28952,6581
28953,319
28954,6245
28955,276
28956,6525
28957,270
28958,6088
28959,300
28960,7424
28961,292
28962,6330
28963,272
28964,9294
28965,313
28966,6330
28967,261
28968,6184
28969,273
28970,6226
28971,273
28972,6140
28973,279
28974,6203
28975,265
28976,6206
28977,271
28978,6226
28979,275
28980,6114
28981,305
28982,6215
28983,300
28984,6112
28985,274
28986,6227
28987,276
28988,6165
28989,271
28990,6195
28991,275
28992,7443
28993,286
28994,6385
28995,262
28996,6169
28997,273
28998,6175
28999,269
29000,6179
29001,312
29002,6219
29003,279
29004,6133
29005,285
29006,6273
29007,278
29008,6150
29009,277
29010,6184
29011,270
29012,6218
29013,316
29014,6133
29015,261
29016,6110
29017,276
29018,6143
29019,271
29020,6239
29021,276
29022,6176
29023,255
29024,7348
29025,300
29026,6379
29027,278
29028,6133
29029,273
29030,6199
29031,278
29032,6200
29033,299
29034,6272
29035,265
29036,6131
29037,322
29038,6157
29039,262
29040,7295
29041,265
29042,6124
29043,303
29044,6218
29045,275
29046,6119
29047,277
29048,6109
29049,294
29050,6194
29051,270
29052,6225
29053,272
29054,6135
29055,273
29056,7391
29057,272
29058,6335
29059,261
29060,6200
29061,273
29062,6178
29063,293
29064,6129
29065,310
29066,6190
29067,271
29068,6250
29069,295
29070,6125
29071,269
29072,6132
29073,270
29074,6355
29075,294
29076,6220
29077,275
29078,6139
29079,298
29080,9916
29081,276
29082,6466
29083,262
29084,6236
29085,276
29086,6106
29087,304
29088,7375
29089,277
29090,6487
29091,271
29092,6178
29093,273
29094,6174
29095,282
29096,6123
29097,285
29098,6158
29099,277
29100,6144
29101,298
29102,6201
29103,278
29104,6134
29105,274
29106,6229
29107,271
29108,6285
29109,276
29110,6194
29111,257
29112,6018
29113,262
29114,6289
29115,270
29116,6179
29117,258
29118,6203
29119,270
29120,7449
29121,257
29122,6323
29123,313
29124,6088
29125,272
29126,6115
29127,265
29128,6051
29129,272
29130,6197
29131,264
29132,6068
29133,271
29134,6058
29135,269
29136,6114
29137,281
29138,6104
29139,297
29140,6118
29141,279
29142,6188
29143,304
29144,6115
29145,296
29146,6145
29147,274
29148,6005
29149,272
29150,6106
29151,278
29152,7389
29153,281
29154,6360
29155,278
29156,6053
29157,300
29158,6161
29159,260
29160,6094
29161,270
29162,6025
29163,264
29164,6004
29165,294
29166,6035
29167,269
29168,6147
29169,258
29170,6138
29171,275
29172,6174
29173,306
29174,6186
29175,306
29176,6183
29177,274
29178,6100
29179,316
29180,6097
29181,271
29182,6036
29183,263
29184,7338
29185,356
29186,7080
29187,260
29188,6510
29189,262
29190,6189
29191,280
29192,6038
29193,278
29194,6135
29195,271
29196,6050
29197,308
29198,6093
29199,268
29200,6103
29201,260
29202,6150
29203,257
29204,6170
29205,328
29206,6124
29207,363
29208,38296
29209,477
29210,7039
29211,280
29212,6376
29213,284
29214,6124
29215,309
29216,7788
29217,310
29218,6522
29219,287
29220,6155
29221,285
29222,6384
29223,275
29224,6140
29225,271
29226,6232
29227,281
29228,6082
29229,280
29230,6296
29231,317
29232,6226
29233,262
29234,6249
29235,283
29236,6153
29237,294
29238,6189
29239,271
29240,6205
29241,275
29242,6200
29243,290
29244,6212
29245,274
29246,6204
29247,272
29248,7259
29249,277
29250,6284
29251,264
29252,6145
29253,274
29254,6412
29255,278
29256,6303
29257,297
29258,6262
29259,280
29260,6116
29261,262
29262,6127
29263,268
29264,6083
29265,290
29266,6088
29267,274
29268,6223
29269,274
29270,6051
29271,274
29272,6037
29273,263
29274,6143
29275,314
29276,6217
29277,310
29278,6191
29279,278
29280,7421
29281,282
29282,6494
29283,282
29284,6070
29285,285
29286,6168
29287,278
29288,6193
29289,283
29290,6198
29291,274
29292,6178
29293,278
29294,6170
29295,303
29296,6000
29297,290
29298,6173
29299,272
29300,6098
29301,271
29302,6156
29303,273
29304,6205
29305,281
29306,6095
29307,265
29308,6027
29309,294
29310,6073
29311,273
29312,7296
29313,296
29314,6267
29315,276
29316,6143
29317,306
29318,6188
29319,279
29320,6053
29321,276
29322,6156
29323,291
29324,6080
29325,271
29326,6123
29327,294
29328,6042
29329,262
29330,6393
29331,300
29332,6173
29333,276
29334,10177
29335,283
29336,6526
29337,287
29338,6267
29339,282
29340,6151
29341,276
29342,6100
29343,292
29344,7561
29345,295
29346,6519
29347,273
29348,6245
29349,282
29350,6254
29351,302
29352,6169
29353,278
29354,6335
29355,278
29356,6147
29357,272
29358,6250
29359,276
29360,6192
29361,273
29362,6222
29363,279
29364,6194
29365,301
29366,6168
29367,260
29368,6159
29369,258
29370,6164
29371,272
29372,6152
29373,269
29374,6177
29375,260
29376,7588
29377,310
29378,6518
29379,279
29380,6295
29381,284
29382,6254
29383,276
29384,6100
29385,276
29386,6091
29387,273
29388,6249
29389,276
29390,6129
29391,279
29392,6276
29393,271
29394,6188
29395,277
29396,6174
29397,261
29398,6141
29399,306
29400,6056
29401,277
29402,6226
29403,269
29404,6112
29405,277
29406,6114
29407,268
29408,7388
29409,286
29410,6307
29411,281
29412,6126
29413,280
29414,6230
29415,277
29416,6049
29417,295
29418,6050
29419,265
29420,6105
29421,284
29422,6160
29423,310
29424,6178
29425,329
29426,6119
29427,264
29428,6187
29429,260
29430,6138
29431,270
29432,6236
29433,271
29434,6062
29435,259
29436,6111
29437,268
29438,6071
29439,306
29440,7325
29441,278
29442,6359
29443,294
29444,6141
29445,287
29446,6133
29447,310
29448,6174
29449,303
29450,6087
29451,304
29452,6262
29453,275
29454,6134
29455,314
29456,6096
29457,283
29458,6242
29459,306
29460,6124
29461,280
29462,8926
29463,287
29464,6280
29465,279
29466,6219
29467,266
29468,6193
29469,276
29470,6156
29471,269
29472,7338
29473,283
29474,6522
29475,299
29476,6141
29477,302
29478,6150
29479,309
29480,6109
29481,278
29482,6048
29483,281
29484,6076
29485,276
29486,6161
29487,300
29488,6155
29489,279
29490,6106
29491,272
29492,6101
29493,273
29494,6003
29495,302
29496,6206
29497,284
29498,6087
29499,280
29500,6124
29501,277
29502,6166
29503,313
29504,7180
29505,297
29506,6420
29507,282
29508,6115
29509,277
29510,6199
29511,280
29512,6230
29513,294
29514,6160
29515,318
29516,6155
29517,278
29518,6049
29519,268
29520,6205
29521,272
29522,6027
29523,281
29524,6255
29525,281
29526,6148
29527,284
29528,6051
29529,277
29530,6147
29531,275
29532,6071
29533,270
29534,5965
29535,272
29536,7346
29537,281
29538,6484
29539,277
29540,6030
29541,275
29542,6196
29543,272
29544,6127
29545,269
29546,6138
29547,272
29548,6137
29549,260
29550,6079
29551,270
29552,6040
29553,275
29554,6240
29555,286
29556,6234
29557,284
29558,6185
29559,297
29560,6088
29561,283
29562,6066
29563,324
29564,6012
29565,261
29566,6080
29567,262
29568,7303
29569,285
29570,6382
29571,278
29572,6126
29573,281
29574,6196
29575,309
29576,6031
29577,277
29578,6283
29579,269
29580,6072
29581,265
29582,6141
29583,327
29584,6196
29585,272
29586,6170
29587,265
29588,6206
29589,269
29590,9242
29591,301
29592,6218
29593,310
29594,6184
29595,277
29596,6154
29597,275
29598,6229
29599,277
29600,7192
29601,286
29602,6452
29603,275
29604,6313
29605,326
29606,6206
29607,284
29608,6219
29609,272
29610,6059
29611,283
29612,6064
29613,298
29614,6145
29615,283
29616,6198
29617,278
29618,6129
29619,276
29620,6159
29621,279
29622,6163
29623,302
29624,6182
29625,307
29626,6105
29627,301
29628,6111
29629,284
29630,6132
29631,303
29632,7284
29633,285
29634,6439
29635,282
29636,6183
29637,316
29638,6257
29639,287
29640,6187
29641,299
29642,6324
29643,281
29644,6157
29645,277
29646,6069
29647,317
29648,6201
29649,313
29650,6090
29651,275
29652,6127
29653,274
29654,6092
29655,284
29656,6081
29657,259
29658,6211
29659,282
29660,6014
29661,275
29662,6080
29663,321
29664,7259
29665,313
29666,6421
29667,317
29668,6210
29669,283
29670,6272
29671,278
29672,6066
29673,319
29674,6127
29675,297
29676,6001
29677,279
29678,6132
29679,277
29680,6127
29681,280
29682,6105
29683,278
29684,6106
29685,279
29686,6242
29687,278
29688,6063
29689,288
29690,6117
29691,279
29692,6318
29693,281
29694,6170
29695,289
29696,7293
29697,369
29698,7134
29699,310
29700,6300
29701,317
29702,6154
29703,289
29704,6266
29705,286
29706,6186
29707,286
29708,6173
29709,320
29710,6291
29711,304
29712,6052
29713,2816
29714,20558
29715,473
29716,9303
29717,428
29718,13578
29719,355
29720,6836
29721,347
29722,6403
29723,289
29724,6192
29725,277
29726,6173
29727,325
29728,8822
29729,305
29730,6566
29731,274
29732,6145
29733,272
29734,6096
29735,275
29736,6125
29737,281
29738,6063
29739,279
29740,6129
29741,318
29742,6150
29743,280
29744,6100
29745,298
29746,6345
29747,279
29748,6362
29749,292
29750,6070
29751,280
29752,6109
29753,276
29754,6153
29755,283
29756,6144
29757,278
29758,6142
29759,286
29760,7335
29761,285
29762,6323
29763,283
29764,6162
29765,278
29766,6080
29767,277
29768,6232
29769,283
29770,6149
29771,274
29772,6310
29773,281
29774,6188
29775,276
29776,6278
29777,283
29778,6284
29779,291
29780,6163
29781,278
29782,6065
29783,279
29784,6152
29785,283
29786,6297
29787,292
29788,6193
29789,283
29790,6168
29791,312
29792,7176
29793,308
29794,6232
29795,280
29796,6048
29797,276
29798,6080
29799,281
29800,6096
29801,313
29802,6087
29803,287
29804,6084
29805,289
29806,6013
29807,260
29808,6118
29809,297
29810,6040
29811,278
29812,6106
29813,284
29814,6192
29815,309
29816,6115
29817,289
29818,6160
29819,280
29820,6246
29821,300
29822,6101
29823,318
29824,7158
29825,310
29826,6350
29827,275
29828,6256
29829,279
29830,6186
29831,303
29832,6196
29833,321
29834,6113
29835,313
29836,6112
29837,310
29838,6038
29839,281
29840,6089
29841,301
29842,6239
29843,284
29844,9860
29845,328
29846,6357
29847,300
29848,6157
29849,276
29850,6217
29851,301
29852,6232
29853,278
29854,6160
29855,276
29856,7237
29857,290
29858,6315
29859,280
29860,6180
29861,298
29862,6089
29863,297
29864,5969
29865,310
29866,6093
29867,290
29868,6194
29869,297
29870,6261
29871,345
29872,6135
29873,287
29874,6167
29875,278
29876,6389
29877,292
29878,6246
29879,280
29880,6255
29881,309
29882,6128
29883,280
29884,6050
29885,297
29886,6021
29887,312
29888,7218
29889,288
29890,6320
29891,315
29892,6272
29893,312
29894,6159
29895,280
29896,6115
29897,281
29898,6117
29899,274
29900,6121
29901,296
29902,6260
29903,304
29904,6014
29905,337
29906,6542
29907,314
29908,6351
29909,281
29910,6164
29911,311
29912,6115
29913,279
29914,6109
29915,325
29916,6131
29917,313
29918,6164
29919,311
29920,7278
29921,288
29922,6568
29923,309
29924,6106
29925,302
29926,6208
29927,312
29928,6251
29929,290
29930,6319
29931,299
29932,6123
29933,320
29934,6125
29935,268
29936,6030
29937,321
29938,6093
29939,314
29940,6196
29941,293
29942,6202
29943,281
29944,6245
29945,298
29946,6052
29947,314
29948,6011
29949,275
29950,6522
29951,296
29952,7398
29953,291
29954,6525
29955,278
29956,6081
29957,299
29958,6232
29959,310
29960,39263
29961,353
29962,7013
29963,293
29964,6245
29965,298
29966,6322
29967,289
29968,6173
29969,300
29970,6221
29971,287
29972,10601
29973,300
29974,6372
29975,273
29976,164126
29977,856
29978,15310
29979,526
29980,8535
29981,390
29982,6897
29983,316
29984,9948
29985,291
29986,6807
29987,281
29988,6322
29989,278
29990,6303
29991,282
29992,6251
29993,284
29994,6361
29995,280
29996,6181
29997,310
29998,6168
29999,322
30000,6177
30001,276
30002,6190
30003,284
30004,6340
30005,277
30006,6172
30007,314
30008,6255
30009,277
30010,6086
30011,279
30012,6085
30013,284
30014,6150
30015,325
30016,7477
30017,287
30018,6398
30019,303
30020,6425
30021,283
30022,6257
30023,309
30024,6147
30025,280
30026,6029
30027,275
30028,6183
30029,277
30030,6301
30031,281
30032,6278
30033,275
30034,6196
30035,280
30036,6240
30037,299
30038,14849
30039,259
30040,5757
30041,283
30042,5761
30043,286
30044,5800
30045,260
30046,5763
30047,253
30048,6970
30049,284
30050,5887
30051,256
30052,5718
30053,261
30054,5569
30055,281
30056,5589
30057,256
30058,6290
30059,264
30060,5736
30061,263
30062,5642
30063,282
30064,5623
30065,309
30066,5706
30067,266
30068,5733
30069,252
30070,5830
30071,264
30072,5579
30073,288
30074,5729
30075,267
30076,5675
30077,253
30078,5821
30079,284
30080,6901
30081,304
30082,5783
30083,285
30084,5674
30085,260
30086,5790
30087,289
30088,5679
30089,256
30090,5810
30091,264
30092,5717
30093,288
30094,5788
30095,252
30096,5687
30097,301
30098,5818
30099,257
30100,5665
30101,256
30102,5695
30103,257
30104,5677
30105,286
30106,5867
30107,308
30108,13555
30109,281
30110,6051
30111,271
30112,7130
30113,268
30114,5916
30115,268
30116,5842
30117,259
30118,5845
30119,285
30120,5770
30121,278
30122,5820
30123,303
30124,5770
30125,288
30126,5745
30127,287
30128,5817
30129,269
30130,5764
30131,276
30132,5717
30133,292
30134,5752
30135,309
30136,5966
30137,271
30138,5887
30139,264
30140,5777
30141,287
30142,5748
30143,305
30144,7043
30145,274
30146,6001
30147,275
30148,5684
30149,323
30150,5686
30151,289
30152,5825
30153,268
30154,5739
30155,283
30156,5644
30157,278
30158,5695
30159,318
30160,5720
30161,274
30162,5911
30163,277
30164,5886
30165,287
30166,5847
30167,288
30168,5823
30169,295
30170,5760
30171,315
30172,5754
30173,268
30174,5741
30175,268
30176,6832
30177,299
30178,5990
30179,271
30180,6155
30181,271
30182,5764
30183,299
30184,5770
30185,277
30186,5863
30187,292
30188,5704
30189,261
30190,5786
30191,259
30192,5812
30193,263
30194,5761
30195,286
30196,5786
30197,275
30198,5897
30199,276
30200,5771
30201,260
30202,5747
30203,261
30204,5791
30205,274
30206,5759
30207,301
30208,7051
30209,358
30210,6577
30211,273
30212,5927
30213,274
30214,5919
30215,278
30216,5828
30217,275
30218,5924
30219,270
30220,5813
30221,270
30222,5806
30223,269
30224,5819
30225,293
30226,5816
30227,260
30228,5836
30229,269
30230,5933
30231,271
30232,5953
30233,270
30234,5992
30235,460
30236,9325
30237,303
30238,5937
30239,261
30240,6997
30241,284
30242,6054
30243,258
30244,5747
30245,259
30246,5759
30247,272
30248,5798
30249,276
30250,5761
30251,307
30252,5702
30253,285
30254,5883
30255,278
30256,5586
30257,287
30258,5600
30259,291
30260,5653
30261,266
30262,5734
30263,265
30264,5744
30265,265
30266,5848
30267,260
30268,5781
30269,253
30270,5728
30271,256
30272,6984
30273,291
30274,5934
30275,270
30276,5796
30277,266
30278,16470
30279,315
30280,6331
30281,285
30282,6182
30283,277
30284,6404
30285,276
30286,70608
30287,635
30288,13533
30289,326
30290,7073
30291,306
30292,6373
30293,281
30294,6351
30295,280
30296,6176
30297,297
30298,6154
30299,278
30300,6135
30301,283
30302,6247
30303,282
30304,37076
30305,1070
30306,20306
30307,377
30308,9628
30309,329
30310,15690
30311,271
30312,6115
30313,254
30314,5805
30315,263
30316,5823
30317,251
30318,5922
30319,249
30320,5753
30321,254
30322,5802
30323,242
30324,5660
30325,250
30326,5745
30327,249
30328,5843
30329,261
30330,5729
30331,281
30332,5911
30333,262
30334,5585
30335,250
30336,8069
30337,269
30338,6249
30339,249
30340,5744
30341,276
30342,5717
30343,256
30344,5724
30345,250
30346,5683
30347,255
30348,5784
30349,278
30350,5760
30351,262
30352,5771
30353,289
30354,5822
30355,271
30356,5762
30357,272
30358,5685
30359,284
30360,5756
30361,275
30362,5745
30363,283
30364,5741
30365,299
30366,5706
30367,296
30368,6781
30369,296
30370,6154
30371,284
30372,5715
30373,262
30374,5734
30375,295
30376,12927
30377,280
30378,6019
30379,271
30380,6296
30381,427
30382,20331
30383,620
30384,43248
30385,1043
30386,16569
30387,460
30388,8753
30389,341
30390,6842
30391,317
30392,6440
30393,262
30394,6168
30395,265
30396,6209
30397,277
30398,6283
30399,298
30400,8912
30401,284
30402,6460
30403,278
30404,6279
30405,276
30406,6207
30407,278
30408,6156
30409,274
30410,6210
30411,264
30412,6035
30413,308
30414,6063
30415,305
30416,6116
30417,284
30418,6124
30419,321
30420,6160
30421,277
30422,6053
30423,285
30424,6157
30425,298
30426,6148
30427,321
30428,6147
30429,278
30430,6389
30431,283
30432,7484
30433,300
30434,6268
30435,308
30436,6016
30437,278
30438,6051
30439,263
30440,6042
30441,275
30442,6120
30443,279
30444,6160
30445,273
30446,6132
30447,285
30448,6139
30449,279
30450,6067
30451,278
30452,6074
30453,286
30454,6020
30455,282
30456,6088
30457,275
30458,7097
30459,281
30460,5988
30461,276
30462,6156
30463,356
30464,7419
30465,278
30466,6234
30467,279
30468,6047
30469,279
30470,6309
30471,274
30472,6176
30473,272
30474,6487
30475,277
30476,6397
30477,281
30478,6376
30479,275
30480,6126
30481,298
30482,6052
30483,279
30484,6217
30485,274
30486,6189
30487,262
30488,6226
30489,264
30490,6002
30491,276
30492,6074
30493,276
30494,6214
30495,322
30496,7281
30497,312
30498,6455
30499,332
30500,6188
30501,278
30502,6056
30503,274
30504,15522
30505,310
30506,8435
30507,279
30508,6488
30509,313
30510,7751
30511,297
30512,6113
30513,298
30514,6095
30515,279
30516,6123
30517,279
30518,6755
30519,281
30520,6230
30521,280
30522,6093
30523,277
30524,6128
30525,296
30526,6117
30527,283
30528,7809
30529,312
30530,6451
30531,280
30532,6149
30533,283
30534,6190
30535,313
30536,6202
30537,278
30538,6189
30539,265
30540,6259
30541,299
30542,6121
30543,284
30544,6032
30545,274
30546,6153
30547,264
30548,6511
30549,277
30550,6310
30551,276
30552,6116
30553,279
30554,6146
30555,342
30556,6219
30557,276
30558,6107
30559,278
30560,7366
30561,281
30562,6328
30563,296
30564,6213
30565,283
30566,6276
30567,283
30568,6175
30569,284
30570,6208
30571,295
30572,6126
30573,281
30574,6539
30575,285
30576,6168
30577,292
30578,6531
30579,277
30580,6358
30581,329
30582,6158
30583,4588
30584,36110
30585,801
30586,18278
30587,630
30588,14949
30589,693
30590,13852
30591,613
30592,16700
30593,648
30594,14498
30595,831
30596,25724
30597,652
30598,46963
30599,642
30600,17286
30601,1400
30602,7646
30603,309
30604,6751
30605,333
30606,6275
30607,294
30608,6126
30609,266
30610,6166
30611,278
30612,6037
30613,282
30614,6016
30615,275
30616,6205
30617,316
30618,6152
30619,303
30620,6179
30621,282
30622,6057
30623,280
30624,8931
30625,299
30626,6574
30627,316
30628,6157
30629,314
30630,6274
30631,282
30632,15520
30633,386
30634,6633
30635,279
30636,6125
30637,283
30638,6137
30639,271
30640,6186
30641,272
30642,6461
30643,295
30644,6097
30645,272
30646,6079
30647,304
30648,6224
30649,316
30650,6052
30651,279
30652,7089
30653,478
30654,11882
30655,542
30656,64322
30657,950
30658,51911
30659,747
30660,16740
30661,625
30662,88097
30663,655
30664,10581
30665,333
30666,7251
30667,304
30668,6879
30669,277
30670,6569
30671,262
30672,6464
30673,285
30674,6423
30675,310
30676,6393
30677,278
30678,6467
30679,277
30680,6397
30681,283
30682,6732
30683,281
30684,6438
30685,307
30686,6269
30687,280
30688,9337
30689,306
30690,6833
30691,282
30692,6319
30693,279
30694,6236
30695,276
30696,6217
30697,280
30698,6224
30699,273
30700,6292
30701,277
30702,6125
30703,344
30704,6275
30705,277
30706,6314
30707,276
30708,6165
30709,313
30710,6204
30711,285
30712,6120
30713,279
30714,37450
30715,964
30716,19997
30717,684
30718,15439
30719,576
30720,17630
30721,803
30722,14965
30723,529
30724,13276
30725,554
30726,12422
30727,488
30728,11829
30729,485
30730,11028
30731,508
30732,10741
30733,445
30734,10875
30735,529
30736,11320
30737,1462
30738,12342
30739,516
30740,10979
30741,543
30742,11598
30743,475
30744,11977
30745,519
30746,12041
30747,560
30748,218770
30749,4377
30750,3954045
30751,2339
30752,26102
30753,606
30754,15376
30755,611
30756,12598
30757,561
30758,11649
30759,641
30760,24390
30761,527
30762,11943
30763,599
30764,13474
30765,627
30766,12912
30767,528
30768,10390
30769,307
30770,6964
30771,281
30772,6360
30773,336
30774,6953
30775,503
30776,12009
30777,556
30778,8863
30779,319
30780,6516
30781,283
30782,6164
30783,276
30784,8134
30785,294
30786,7029
30787,284
30788,6260
30789,276
30790,6139
30791,306
30792,6140
30793,305
30794,6353
30795,295
30796,6167
30797,283
30798,6205
30799,277
30800,6615
30801,283
30802,6338
30803,286
30804,6080
30805,860
30806,9887
30807,289
30808,6715
30809,275
30810,6291
30811,286
30812,6196
30813,314
30814,6204
30815,277
30816,7776
30817,288
30818,6308
30819,287
30820,6194
30821,275
30822,6173
30823,280
30824,6159
30825,310
30826,6109
30827,275
30828,6155
30829,280
30830,6195
30831,283
30832,6181
30833,280
30834,6105
30835,284
30836,6127
30837,283
30838,5972
30839,279
30840,6156
30841,281
30842,6024
30843,277
30844,6058
30845,283
30846,6011
30847,318
30848,7413
30849,288
30850,6325
30851,278
30852,6210
30853,302
30854,6126
30855,282
30856,6045
30857,283
30858,6060
30859,278
30860,6045
30861,281
30862,6139
30863,317
30864,6114
30865,281
30866,6176
30867,287
30868,6196
30869,282
30870,6240
30871,267
30872,6361
30873,277
30874,5997
30875,277
30876,6095
30877,314
30878,6115
30879,278
30880,7290
30881,310
30882,6328
30883,296
30884,6007
30885,310
30886,11220
30887,298
30888,6522
30889,278
30890,6326
30891,278
30892,6100
30893,329
30894,6105
30895,265
30896,6128
30897,305
30898,6069
30899,277
30900,6206
30901,322
30902,6108
30903,307
30904,6178
30905,282
30906,6256
30907,272
30908,6113
30909,273
30910,6120
30911,268
30912,7501
30913,305
30914,6467
30915,283
30916,6131
30917,280
30918,6229
30919,306
30920,6163
30921,281
30922,6242
30923,280
30924,6193
30925,277
30926,6075
30927,278
30928,6079
30929,274
30930,6103
30931,335
30932,248668
30933,2762
30934,32658
30935,511
30936,10769
30937,380
30938,7791
30939,363
30940,6572
30941,284
30942,22662
30943,1889
30944,21076
30945,574
30946,71046
30947,2724
30948,20372
30949,400
30950,8708
30951,340
30952,6713
30953,348
30954,6472
30955,312
30956,6353
30957,271
30958,6330
30959,305
30960,6221
30961,305
30962,6116
30963,281
30964,6292
30965,280
30966,6335
30967,321
30968,6217
30969,282
30970,6133
30971,273
30972,6077
30973,296
30974,9045
30975,305
30976,6629
30977,280
30978,6369
30979,278
30980,6199
30981,325
30982,6540
30983,325
30984,6204
30985,280
30986,6180
30987,282
30988,6174
30989,295
30990,6144
30991,287
30992,6281
30993,305
30994,6469
30995,283
30996,6140
30997,280
30998,6294
30999,288
31000,6200
31001,314
31002,6346
31003,293
31004,6174
31005,277
31006,7427
31007,283
31008,6423
31009,324
31010,6226
31011,280
31012,6154
31013,314
31014,18602
31015,320
31016,6835
31017,287
31018,6276
31019,297
31020,6249
31021,273
31022,6324
31023,271
31024,6145
31025,262
31026,6214
31027,274
31028,6289
31029,315
31030,6147
31031,259
31032,6221
31033,260
31034,6221
31035,258
31036,6124
31037,268
31038,7673
31039,282
31040,6444
31041,291
31042,6280
31043,263
31044,6186
31045,274
31046,6259
31047,307
31048,6107
31049,308
31050,6414
31051,280
31052,6264
31053,311
31054,6211
31055,276
31056,6196
31057,292
31058,6207
31059,282
31060,6097
31061,280
31062,6210
31063,273
31064,6085
31065,282
31066,6174
31067,279
31068,6117
31069,272
31070,7493
31071,310
31072,6840
31073,284
31074,6115
31075,279
31076,6193
31077,276
31078,6246
31079,278
31080,6203
31081,285
31082,6149
31083,282
31084,6150
31085,302
31086,6241
31087,281
31088,6275
31089,317
31090,6459
31091,300
31092,6294
31093,285
31094,6321
31095,281
31096,6530
31097,310
31098,6408
31099,277
31100,6231
31101,274
31102,7202
31103,306
31104,6446
31105,277
31106,6240
31107,277
31108,6226
31109,313
31110,6269
31111,305
31112,6361
31113,276
31114,6222
31115,399
31116,6267
31117,275
31118,6345
31119,304
31120,6363
31121,283
31122,6333
31123,275
31124,6152
31125,275
31126,6211
31127,289
31128,6256
31129,281
31130,6325
31131,308
31132,6230
31133,302
31134,7412
31135,298
31136,6526
31137,310
31138,6242
31139,274
31140,6233
31141,278
31142,12362
31143,302
31144,6594
31145,277
31146,6589
31147,305
31148,6240
31149,273
31150,6326
31151,280
31152,6409
31153,277
31154,6237
31155,276
31156,6205
31157,320
31158,6153
31159,260
31160,6237
31161,301
31162,6268
31163,307
31164,6163
31165,266
31166,7698
31167,281
31168,6524
31169,320
31170,6387
31171,264
31172,6275
31173,279
31174,6196
31175,297
31176,6121
31177,264
31178,6330
31179,279
31180,6397
31181,275
31182,6267
31183,277
31184,6461
31185,298
31186,6202
31187,298
31188,6207
31189,278
31190,6407
31191,282
31192,6203
31193,271
31194,6254
31195,270
31196,6109
31197,261
31198,7466
31199,297
31200,6542
31201,286
31202,6357
31203,300
31204,6284
31205,284
31206,6323
31207,276
31208,6244
31209,283
31210,6279
31211,293
31212,6176
31213,289
31214,6330
31215,277
31216,6111
31217,280
31218,6253
31219,306
31220,6163
31221,274
31222,6183
31223,317
31224,6159
31225,281
31226,6227
31227,282
31228,6264
31229,298
31230,7514
31231,314
31232,6328
31233,398
31234,6888
31235,294
31236,6321
31237,276
31238,6236
31239,309
31240,6082
31241,275
31242,6184
31243,273
31244,6095
31245,314
31246,6161
31247,295
31248,6169
31249,278
31250,6295
31251,266
31252,6317
31253,295
31254,6100
31255,315
31256,6457
31257,277
31258,6294
31259,275
31260,6146
31261,304
31262,7603
31263,304
31264,6405
31265,290
31266,6159
31267,300
31268,6174
31269,426
31270,10710
31271,293
31272,6422
31273,292
31274,6216
31275,276
31276,6158
31277,292
31278,6123
31279,282
31280,6185
31281,280
31282,6198
31283,284
31284,6083
31285,279
31286,6187
31287,300
31288,6087
31289,296
31290,6108
31291,313
31292,6076
31293,311
31294,7399
31295,279
31296,6497
31297,284
31298,6214
31299,270
31300,6118
31301,278
31302,6140
31303,280
31304,6135
31305,297
31306,6281
31307,277
31308,6247
31309,276
31310,6090
31311,314
31312,6125
31313,279
31314,6229
31315,314
31316,6243
31317,275
31318,6127
31319,283
31320,6209
31321,321
31322,6199
31323,309
31324,6253
31325,299
31326,7318
31327,312
31328,6190
31329,262
31330,6051
31331,280
31332,6204
31333,274
31334,6152
31335,273
31336,6083
31337,297
31338,6110
31339,279
31340,6044
31341,264
31342,6141
31343,283
31344,6131
31345,280
31346,6110
31347,275
31348,6122
31349,292
31350,6099
31351,282
31352,6131
31353,280
31354,6236
31355,284
31356,6168
31357,286
31358,7402
31359,294
31360,104483
31361,887
31362,12814
31363,389
31364,8281
31365,310
31366,6738
31367,280
31368,25250
31369,494
31370,9876
31371,302
31372,6442
31373,304
31374,6245
31375,281
31376,6161
31377,275
31378,6241
31379,315
31380,6167
31381,274
31382,6169
31383,275
31384,6055
31385,272
31386,6081
31387,278
31388,6152
31389,277
31390,8071
31391,307
31392,6486
31393,306
31394,6198
31395,284
31396,13154
31397,324
31398,6526
31399,299
31400,6349
31401,298
31402,6231
31403,282
31404,6152
31405,280
31406,6172
31407,320
31408,6078
31409,283
31410,6345
31411,284
31412,6084
31413,276
31414,6069
31415,281
31416,6181
31417,285
31418,6081
31419,314
31420,6112
31421,297
31422,7444
31423,307
31424,6368
31425,284
31426,6108
31427,293
31428,6117
31429,286
31430,6140
31431,278
31432,6211
31433,288
31434,6049
31435,281
31436,6051
31437,325
31438,6145
31439,301
31440,6149
31441,290
31442,6138
31443,308
31444,6149
31445,282
31446,6164
31447,284
31448,6213
31449,281
31450,6005
31451,297
31452,6124
31453,277
31454,7337
31455,299
31456,6461
31457,283
31458,6220
31459,294
31460,6228
31461,287
31462,6173
31463,283
31464,6070
31465,294
31466,6076
31467,302
31468,6034
31469,279
31470,5944
31471,296
31472,6032
31473,284
31474,6126
31475,297
31476,6096
31477,276
31478,6114
31479,283
31480,6163
31481,311
31482,6099
31483,277
31484,6047
31485,281
31486,7218
31487,289
31488,6383
31489,301
31490,6156
31491,279
31492,6029
31493,323
31494,6188
31495,341
31496,6251
31497,288
31498,6090
31499,285
31500,6008
31501,280
31502,6159
31503,290
31504,6179
31505,306
31506,6140
31507,280
31508,6156
31509,279
31510,6139
31511,276
31512,6037
31513,309
31514,6287
31515,269
31516,6194
31517,287
31518,7408
31519,292
31520,6467
31521,294
31522,6252
31523,286
31524,10179
31525,290
31526,6366
31527,284
31528,6287
31529,284
31530,6111
31531,298
31532,6186
31533,313
31534,6217
31535,319
31536,6090
31537,286
31538,6161
31539,282
31540,6160
31541,283
31542,6290
31543,313
31544,6180
31545,282
31546,6161
31547,310
31548,6113
31549,294
31550,7381
31551,315
31552,6404
31553,292
31554,6201
31555,285
31556,6178
31557,288
31558,6093
31559,295
31560,6115
31561,283
31562,6122
31563,317
31564,6107
31565,286
31566,6205
31567,284
31568,6125
31569,285
31570,6268
31571,327
31572,6113
31573,277
31574,6158
31575,292
31576,6124
31577,281
31578,6219
31579,283
31580,6180
31581,290
31582,7225
31583,299
31584,6236
31585,302
31586,6032
31587,281
31588,6116
31589,272
31590,6112
31591,265
31592,5980
31593,282
31594,6247
31595,291
31596,6159
31597,288
31598,6075
31599,316
31600,6062
31601,292
31602,6114
31603,280
31604,6160
31605,300
31606,6275
31607,293
31608,6175
31609,282
31610,6119
31611,322
31612,6109
31613,280
31614,7428
31615,291
31616,6364
31617,304
31618,6171
31619,339
31620,6176
31621,283
31622,6159
31623,314
31624,6082
31625,304
31626,6224
31627,319
31628,6192
31629,313
31630,6133
31631,289
31632,6191
31633,294
31634,6256
31635,296
31636,6127
31637,280
31638,6089
31639,280
31640,6205
31641,301
31642,6192
31643,287
31644,6190
31645,310
31646,7425
31647,322
31648,6477
31649,283
31650,6205
31651,310
31652,10221
31653,322
31654,6507
31655,291
31656,6248
31657,319
31658,6112
31659,286
31660,6227
31661,283
31662,6132
31663,284
31664,6044
31665,285
31666,5990
31667,280
31668,6105
31669,295
31670,6161
31671,282
31672,6061
31673,284
31674,6322
31675,287
31676,6117
31677,363
31678,7340
31679,290
31680,6288
31681,290
31682,6133
31683,319
31684,5933
31685,290
31686,6516
31687,319
31688,6208
31689,286
31690,6082
31691,297
31692,5997
31693,286
31694,6035
31695,283
31696,6106
31697,295
31698,6272
31699,287
31700,6042
31701,278
31702,6065
31703,282
31704,6086
31705,313
31706,6162
31707,305
31708,6145
31709,286
31710,7363
31711,312
31712,6457
31713,306
31714,6232
31715,304
31716,6087
31717,282
31718,6178
31719,296
31720,6130
31721,282
31722,6190
31723,280
31724,6069
31725,288
31726,6094
31727,303
31728,6109
31729,282
31730,6027
31731,285
31732,6050
31733,286
31734,6098
31735,300
31736,6134
31737,319
31738,6237
31739,288
31740,6118
31741,298
31742,7167
31743,297
31744,6251
31745,363
31746,6921
31747,307
31748,6211
31749,291
31750,6036
31751,289
31752,6090
31753,287
31754,6072
31755,285
31756,6136
31757,315
31758,6156
31759,293
31760,6138
31761,296
31762,6141
31763,297
31764,6018
31765,329
31766,6159
31767,294
31768,6150
31769,291
31770,6083
31771,313
31772,6151
31773,318
31774,7383
31775,311
31776,6405
31777,290
31778,6139
31779,415
31780,9602
31781,297
31782,6393
31783,278
31784,6232
31785,283
31786,6237
31787,282
31788,6160
31789,280
31790,6158
31791,272
31792,6148
31793,284
31794,6123
31795,296
31796,6131
31797,285
31798,6021
31799,341
31800,6122
31801,280
31802,6143
31803,285
31804,6166
31805,279
31806,7357
31807,314
31808,6405
31809,299
31810,6154
31811,281
31812,6038
31813,271
31814,6032
31815,302
31816,6122
31817,296
31818,6044
31819,303
31820,6220
31821,291
31822,6201
31823,280
31824,6148
31825,283
31826,6331
31827,284
31828,6359
31829,333
31830,6142
31831,329
31832,6102
31833,292
31834,6190
31835,285
31836,6084
31837,276
31838,7356
31839,288
31840,6265
31841,290
31842,6142
31843,274
31844,5978
31845,280
31846,6156
31847,283
31848,6078
31849,280
31850,6039
31851,278
31852,6193
31853,287
31854,6146
31855,284
31856,6164
31857,302
31858,6089
31859,284
31860,6114
31861,284
31862,6209
31863,279
31864,6193
31865,285
31866,6277
31867,319
31868,6115
31869,277
31870,7413
31871,302
31872,6432
31873,289
31874,6127
31875,276
31876,6128
31877,279
31878,6214
31879,316
31880,6166
31881,271
31882,6077
31883,299
31884,6109
31885,279
31886,6149
31887,283
31888,6035
31889,294
31890,6082
31891,278
31892,6038
31893,279
31894,6047
31895,292
31896,6132
31897,278
31898,6194
31899,287
31900,6130
31901,303
31902,7279
31903,300
31904,6278
31905,314
31906,9763
31907,298
31908,6347
31909,312
31910,6189
31911,282
31912,6084
31913,280
31914,6042
31915,280
31916,6229
31917,286
31918,6186
31919,314
31920,6063
31921,294
31922,6016
31923,310
31924,6048
31925,280
31926,6143
31927,282
31928,6087
31929,276
31930,6203
31931,291
31932,6166
31933,312
31934,7458
31935,282
31936,6424
31937,288
31938,6194
31939,281
31940,6064
31941,278
31942,6169
31943,311
31944,6243
31945,283
31946,6311
31947,302
31948,6157
31949,306
31950,6081
31951,285
31952,6038
31953,306
31954,6038
31955,280
31956,6024
31957,309
31958,6098
31959,282
31960,6047
31961,316
31962,6051
31963,280
31964,6206
31965,283
31966,7529
31967,321
31968,6451
31969,312
31970,6245
31971,278
31972,6117
31973,313
31974,6164
31975,286
31976,6107
31977,360
31978,6070
31979,283
31980,6039
31981,310
31982,6035
31983,301
31984,6081
31985,315
31986,6107
31987,279
31988,6152
31989,278
31990,6153
31991,284
31992,6138
31993,322
31994,6235
31995,268
31996,6216
31997,282
31998,7347
31999,300
32000,6419
32001,317
32002,6220
32003,281
32004,6257
32005,299
32006,6052
32007,281
32008,6112
32009,286
32010,6054
32011,288
32012,6066
32013,280
32014,6081
32015,310
32016,6079
32017,287
32018,6075
32019,274
32020,6180
32021,311
32022,6174
32023,315
32024,6074
32025,283
32026,6079
32027,312
32028,6129
32029,285
32030,7427
32031,295
32032,6546
32033,283
32034,9674
32035,288
32036,6368
32037,312
32038,6263
32039,279
32040,6040
32041,279
32042,6324
32043,280
32044,6245
32045,279
32046,6097
32047,277
32048,6042
32049,334
32050,6180
32051,312
32052,6100
32053,323
32054,6191
32055,281
32056,6076
32057,281
32058,6100
32059,279
32060,6194
32061,279
32062,7461
32063,303
32064,6379
32065,284
32066,6064
32067,295
32068,6092
32069,277
32070,6043
32071,277
32072,6207
32073,289
32074,6034
32075,281
32076,6117
32077,303
32078,6160
32079,292
32080,6170
32081,309
32082,6124
32083,278
32084,6020
32085,314
32086,6216
32087,287
32088,6210
32089,317
32090,6321
32091,288
32092,6213
32093,311
32094,7389
32095,283
32096,6542
32097,284
32098,6156
32099,279
32100,9724
32101,320
32102,6525
32103,333
32104,6221
32105,276
32106,6027
32107,280
32108,6161
32109,306
32110,6091
32111,264
32112,5969
32113,312
32114,5996
32115,318
32116,6289
32117,319
32118,6063
32119,278
32120,6108
32121,283
32122,6003
32123,282
32124,6035
32125,325
32126,7431
32127,283
32128,6658
32129,300
32130,6210
32131,280
32132,6022
32133,280
32134,6100
32135,278
32136,6052
32137,279
32138,6197
32139,283
32140,6187
32141,340
32142,6116
32143,301
32144,6071
32145,280
32146,6095
32147,286
32148,6106
32149,304
32150,6150
32151,282
32152,6080
32153,308
32154,6307
32155,284
32156,6281
32157,285
32158,7381
32159,319
32160,6287
32161,284
32162,10122
32163,290
32164,6312
32165,277
32166,6064
32167,280
32168,6184
32169,295
32170,6059
32171,276
32172,6233
32173,278
32174,6161
32175,282
32176,6218
32177,280
32178,6166
32179,295
32180,6142
32181,295
32182,6180
32183,317
32184,6182
32185,285
32186,6050
32187,281
32188,6276
32189,280
32190,7308
32191,293
32192,6354
32193,292
32194,6159
32195,279
32196,6071
32197,280
32198,6106
32199,280
32200,6081
32201,304
32202,6039
32203,292
32204,6046
32205,286
32206,6102
32207,288
32208,6003
32209,264
32210,6011
32211,285
32212,6007
32213,317
32214,6148
32215,289
32216,6157
32217,285
32218,6020
32219,280
32220,5989
32221,277
32222,7170
32223,285
32224,6296
32225,295
32226,6068
32227,313
32228,6034
32229,279
32230,6043
32231,285
32232,6041
32233,300
32234,6118
32235,279
32236,5987
32237,294
32238,6144
32239,282
32240,6127
32241,298
32242,6089
32243,296
32244,6153
32245,289
32246,6038
32247,307
32248,5995
32249,300
32250,6062
32251,279
32252,6111
32253,279
32254,7450
32255,323
32256,6414
32257,392
32258,6701
32259,314
32260,6276
32261,284
32262,6154
32263,315
32264,6107
32265,281
32266,6063
32267,281
32268,6079
32269,285
32270,6084
32271,295
32272,6258
32273,280
32274,6039
32275,314
32276,6045
32277,273
32278,6124
32279,309
32280,6206
32281,299
32282,6023
32283,287
32284,6194
32285,307
32286,7544
32287,304
32288,6245
32289,395
32290,9807
32291,299
32292,6357
32293,284
32294,6059
32295,313
32296,6047
32297,280
32298,6092
32299,304
32300,6136
32301,305
32302,6158
32303,326
32304,6339
32305,281
32306,6198
32307,285
32308,6207
32309,285
32310,6194
32311,284
32312,6069
32313,280
32314,6125
32315,282
32316,6151
32317,300
32318,7475
32319,309
32320,6299
32321,299
32322,6115
32323,275
32324,6032
32325,264
32326,5971
32327,293
32328,6053
32329,313
32330,6100
32331,331
32332,5912
32333,264
32334,5996
32335,295
32336,6119
32337,278
32338,6183
32339,275
32340,5991
32341,274
32342,6138
32343,273
32344,6103
32345,281
32346,6141
32347,317
32348,5974
32349,265
32350,7177
32351,280
32352,6212
32353,279
32354,6068
32355,280
32356,6089
32357,282
32358,6084
32359,278
32360,6114
32361,308
32362,6174
32363,313
32364,6122
32365,278
32366,6070
32367,302
32368,6026
32369,288
32370,6236
32371,283
32372,6198
32373,290
32374,6164
32375,291
32376,6175
32377,312
32378,6167
32379,304
32380,6237
32381,315
32382,7443
32383,298
32384,6306
32385,293
32386,6116
32387,278
32388,6046
32389,316
32390,6074
32391,280
32392,6049
32393,300
32394,6106
32395,304
32396,6095
32397,313
32398,6198
32399,291
32400,6157
32401,288
32402,6053
32403,327
32404,6193
32405,310
32406,6312
32407,300
32408,6191
32409,307
32410,6109
32411,293
32412,6079
32413,280
32414,7326
32415,296
32416,10354
32417,306
32418,6427
32419,277
32420,6156
32421,285
32422,6140
32423,305
32424,6120
32425,300
32426,6176
32427,279
32428,6099
32429,315
32430,6174
32431,316
32432,6125
32433,306
32434,6078
32435,310
32436,6248
32437,282
32438,6156
32439,325
32440,6043
32441,302
32442,6079
32443,280
32444,6108
32445,307
32446,7550
32447,303
32448,6402
32449,314
32450,6178
32451,302
32452,6073
32453,279
32454,6287
32455,313
32456,6206
32457,281
32458,6170
32459,286
32460,5959
32461,292
32462,6106
32463,287
32464,6164
32465,280
32466,6080
32467,282
32468,6104
32469,280
32470,6103
32471,309
32472,6148
32473,285
32474,6160
32475,315
32476,6122
32477,268
32478,7363
32479,282
32480,6280
32481,312
32482,6113
32483,279
32484,6065
32485,283
32486,6175
32487,280
32488,6079
32489,284
32490,6120
32491,277
32492,6212
32493,279
32494,6132
32495,283
32496,6118
32497,302
32498,6136
32499,283
32500,6113
32501,278
32502,6206
32503,280
32504,6201
32505,282
32506,6254
32507,309
32508,6079
32509,278
32510,7332
32511,299
32512,6508
32513,306
32514,6230
32515,295
32516,6199
32517,285
32518,6030
32519,287
32520,6079
32521,295
32522,6129
32523,294
32524,6280
32525,285
32526,6266
32527,285
32528,6190
32529,280
32530,6066
32531,286
32532,6119
32533,278
32534,6185
32535,279
32536,6218
32537,285
32538,6053
32539,278
32540,5985
32541,283
32542,7285
32543,315
32544,9953
32545,317
32546,6283
32547,280
32548,6158
32549,286
32550,6085
32551,316
32552,6091
32553,283
32554,6240
32555,297
32556,6133
32557,289
32558,6111
32559,303
32560,6138
32561,279
32562,6186
32563,286
32564,6093
32565,297
32566,6215
32567,290
32568,6218
32569,266
32570,6207
32571,275
32572,6056
32573,291
32574,7439
32575,289
32576,6333
32577,289
32578,6070
32579,286
32580,6111
32581,295
32582,6025
32583,278
32584,6092
32585,281
32586,6148
32587,278
32588,6105
32589,298
32590,6090
32591,294
32592,6132
32593,279
32594,6156
32595,295
32596,6157
32597,310
32598,6261
32599,290
32600,6011
32601,284
32602,6037
32603,285
32604,6063
32605,315
32606,7231
32607,287
32608,6460
32609,299
32610,6033
32611,316
32612,6050
32613,300
32614,6107
32615,286
32616,6192
32617,287
32618,6106
32619,287
32620,6086
32621,278
32622,6178
32623,289
32624,6121
32625,310
32626,6126
32627,290
32628,6054
32629,308
32630,6214
32631,286
32632,6116
32633,329
32634,6133
32635,281
32636,6124
32637,338
32638,7196
32639,295
32640,6202
32641,359
32642,6092
32643,279
32644,6072
32645,303
32646,6239
32647,277
32648,6169
32649,286
32650,6081
32651,276
32652,6159
32653,306
32654,6123
32655,317
32656,6075
32657,277
32658,6081
32659,275
32660,6065
32661,278
32662,6040
32663,272
32664,5973
32665,304
32666,6193
32667,276
32668,6083
32669,308
32670,7321
32671,319
32672,9782
32673,318
32674,6446
32675,298
32676,6133
32677,283
32678,6230
32679,283
32680,6245
32681,348
32682,6152
32683,286
32684,6181
32685,279
32686,6118
32687,282
32688,6159
32689,279
32690,6202
32691,278
32692,6117
32693,293
32694,6199
32695,281
32696,6161
32697,312
32698,6279
32699,278
32700,6171
32701,299
32702,7462
32703,300
32704,6416
32705,296
32706,6300
32707,311
32708,6117
32709,281
32710,6248
32711,301
32712,6056
32713,276
32714,6117
32715,281
32716,6092
32717,280
32718,6085
32719,284
32720,6147
32721,281
32722,6070
32723,283
32724,6191
32725,284
32726,6221
32727,302
32728,6195
32729,284
32730,6096
32731,309
32732,6054
32733,286
32734,7395
32735,314
32736,10753
32737,296
32738,6659
32739,302
32740,6121
32741,280
32742,6054
32743,307
32744,5987
32745,281
32746,6016
32747,309
32748,6175
32749,271
32750,6078
32751,277
32752,5958
32753,279
32754,6054
32755,283
32756,5919
32757,276
32758,6096
32759,292
32760,6006
32761,281
32762,6123
32763,272
32764,5957
32765,273
32766,7214
32767,288
32768,6365
32769,400
32770,6777
32771,313
32772,6327
32773,287
32774,6332
32775,278
32776,6096
32777,279
32778,6209
32779,310
32780,6231
32781,274
32782,6201
32783,272
32784,6104
32785,274
32786,6156
32787,309
32788,6092
32789,315
32790,6235
32791,281
32792,6138
32793,297
32794,6128
32795,285
32796,6017
32797,275
32798,7259
32799,369
32800,10051
32801,324
32802,6330
32803,300
32804,6258
32805,277
32806,6179
32807,284
32808,6108
32809,284
32810,6255
32811,280
32812,6141
32813,283
32814,6172
32815,303
32816,6214
32817,275
32818,6279
32819,322
32820,6053
32821,281
32822,6031
32823,275
32824,6078
32825,276
32826,6086
32827,280
32828,6120
32829,285
32830,7481
32831,295
32832,6244
32833,284
32834,6165
32835,277
32836,6194
32837,273
32838,6075
32839,275
32840,6189
32841,273
32842,6179
32843,283
32844,6047
32845,329
32846,6046
32847,283
32848,6049
32849,277
32850,6083
32851,284
32852,6060
32853,285
32854,6114
32855,268
32856,6127
32857,285
32858,6164
32859,267
32860,6107
32861,280
32862,7399
32863,294
32864,6282
32865,281
32866,6280
32867,290
32868,6026
32869,303
32870,6171
32871,279
32872,6087
32873,280
32874,6087
32875,289
32876,6140
32877,298
32878,6201
32879,289
32880,6198
32881,311
32882,6143
32883,281
32884,6019
32885,274
32886,6005
32887,279
32888,6070
32889,288
32890,6263
32891,286
32892,6112
32893,284
32894,7273
32895,301
32896,6437
32897,304
32898,6135
32899,284
32900,6079
32901,283
32902,6029
32903,280
32904,6092
32905,306
32906,6203
32907,283
32908,6038
32909,274
32910,6183
32911,279
32912,6127
32913,281
32914,6041
32915,312
32916,6077
32917,317
32918,6152
32919,284
32920,6176
32921,293
32922,6049
32923,284
32924,6133
32925,289
32926,11122
32927,302
32928,6571
32929,289
32930,6114
32931,288
32932,6183
32933,304
32934,6079
32935,299
32936,6030
32937,307
32938,6123
32939,275
32940,6288
32941,288
32942,5969
32943,281
32944,6046
32945,303
32946,6237
32947,288
32948,6105
32949,284
32950,6218
32951,288
32952,6095
32953,344
32954,6074
32955,278
32956,6050
32957,303
32958,7370
32959,297
32960,6262
32961,287
32962,6045
32963,283
32964,6213
32965,277
32966,6241
32967,281
32968,6073
32969,288
32970,6180
32971,279
32972,6162
32973,313
32974,6114
32975,304
32976,6052
32977,279
32978,6122
32979,281
32980,5997
32981,307
32982,6164
32983,277
32984,6000
32985,300
32986,5989
32987,279
32988,6147
32989,296
32990,7326
32991,295
32992,6373
32993,282
32994,6082
32995,285
32996,6149
32997,296
32998,6015
32999,290
33000,6117
33001,285
33002,6129
33003,283
33004,6099
33005,300
33006,6164
33007,328
33008,6032
33009,279
33010,6107
33011,310
33012,6109
33013,276
33014,6092
33015,275
33016,6043
33017,280
33018,6155
33019,309
33020,6033
33021,284
33022,7302
33023,289
33024,6373
33025,301
33026,6063
33027,316
33028,6117
33029,287
33030,6112
33031,284
33032,6035
33033,312
33034,6070
33035,293
33036,6179
33037,280
33038,6097
33039,295
33040,6132
33041,310
33042,6080
33043,283
33044,6146
33045,286
33046,6094
33047,285
33048,6105
33049,284
33050,6012
33051,283
33052,6145
33053,283
33054,10879
33055,316
33056,6535
33057,311
33058,6280
33059,311
33060,6038
33061,296
33062,6052
33063,279
33064,6095
33065,280
33066,6144
33067,284
33068,6053
33069,281
33070,6250
33071,287
33072,6216
33073,290
33074,6304
33075,313
33076,6252
33077,313
33078,6115
33079,310
33080,6096
33081,299
33082,6136
33083,286
33084,6103
33085,314
33086,7268
33087,284
33088,6359
33089,283
33090,6064
33091,283
33092,5993
33093,280
33094,6316
33095,281
33096,6036
33097,298
33098,6217
33099,286
33100,6115
33101,306
33102,6083
33103,282
33104,6010
33105,328
33106,6079
33107,300
33108,6146
33109,306
33110,6104
33111,307
33112,6008
33113,295
33114,6099
33115,283
33116,6200
33117,278
33118,7264
33119,286
33120,6282
33121,280
33122,6077
33123,288
33124,6139
33125,281
33126,6156
33127,3130
33128,46683
33129,9602
33130,27538
33131,486
33132,9179
33133,287
33134,6495
33135,275
33136,6380
33137,265
33138,6401
33139,278
33140,6199
33141,274
33142,6119
33143,264
33144,6098
33145,259
33146,6095
33147,270
33148,6105
33149,268
33150,8643
33151,286
33152,6442
33153,315
33154,6177
33155,263
33156,6128
33157,313
33158,6200
33159,274
33160,6064
33161,261
33162,6152
33163,267
33164,6142
33165,273
33166,6178
33167,269
33168,6083
33169,281
33170,6111
33171,275
33172,6236
33173,273
33174,6039
33175,261
33176,6166
33177,268
33178,6403
33179,261
33180,6040
33181,272
33182,17369
33183,287
33184,6790
33185,286
33186,6217
33187,281
33188,6032
33189,278
33190,6100
33191,280
33192,6050
33193,277
33194,5979
33195,276
33196,6117
33197,282
33198,6185
33199,310
33200,6319
33201,274
33202,6147
33203,282
33204,6079
33205,279
33206,6015
33207,276
33208,5965
33209,307
33210,6220
33211,274
33212,6079
33213,260
33214,7371
33215,284
33216,6418
33217,319
33218,6268
33219,279
33220,6190
33221,275
33222,6062
33223,274
33224,6177
33225,278
33226,6086
33227,277
33228,6213
33229,275
33230,6165
33231,277
33232,6197
33233,298
33234,6109
33235,278
33236,6067
33237,277
33238,6086
33239,272
33240,44405
33241,694
33242,18125
33243,546
33244,12876
33245,502
33246,14824
33247,526
33248,11816
33249,515
33250,11332
33251,459
33252,11998
33253,521
33254,12966
33255,473
33256,48305
33257,794
33258,16244
33259,397
33260,8232
33261,353
33262,6723
33263,277
33264,6436
33265,319
33266,6251
33267,260
33268,6366
33269,327
33270,6250
33271,272
33272,6341
33273,309
33274,6374
33275,292
33276,6122
33277,308
33278,8706
33279,287
33280,6527
33281,425
33282,7607
33283,316
33284,6301
33285,276
33286,6037
33287,279
33288,6201
33289,282
33290,6195
33291,306
33292,6271
33293,300
33294,6224
33295,265
33296,6158
33297,284
33298,6119
33299,276
33300,6119
33301,272
33302,6136
33303,274
33304,6240
33305,281
33306,6236
33307,281
33308,6195
33309,440
33310,13377
33311,329
33312,6703
33313,284
33314,6173
33315,274
33316,6070
33317,274
33318,5976
33319,302
33320,6080
33321,283
33322,6075
33323,308
33324,6094
33325,307
33326,7408
33327,273
33328,6112
33329,296
33330,6138
33331,276
33332,6170
33333,272
33334,6258
33335,443
33336,10928
33337,596
33338,13827
33339,514
33340,11764
33341,480
33342,13966
33343,483
33344,12663
33345,529
33346,11238
33347,458
33348,11054
33349,489
33350,11164
33351,511
33352,12080
33353,647
33354,13506
33355,486
33356,11711
33357,493
33358,11779
33359,569
33360,12195
33361,603
33362,12594
33363,576
33364,12374
33365,588
33366,11979
33367,476
33368,11980
33369,560
33370,13517
33371,563
33372,13781
33373,548
33374,15642
33375,603
33376,14025
33377,501
33378,13577
33379,547
33380,12351
33381,602
33382,13153
33383,578
33384,13920
33385,583
33386,12277
33387,563
33388,10969
33389,517
33390,10846
33391,480
33392,11393
33393,526
33394,12393
33395,549
33396,12732
33397,540
33398,13007
33399,594
33400,12413
33401,564
33402,11115
33403,562
33404,11137
33405,492
33406,13912
33407,484
33408,11337
33409,707
33410,11114
33411,538
33412,11468
33413,513
33414,12045
33415,497
33416,11249
33417,524
33418,11863
33419,551
33420,12642
33421,572
33422,12561
33423,601
33424,12261
33425,582
33426,12283
33427,496
33428,12227
33429,563
33430,12719
33431,499
33432,12648
33433,552
33434,12615
33435,539
33436,30519
33437,604
33438,17022
33439,571
33440,13437
33441,465
33442,10792
33443,488
33444,12162
33445,482
33446,12828
33447,472
33448,12000
33449,479
33450,12139
33451,500
33452,12539
33453,460
33454,11873
33455,435
33456,11871
33457,563
33458,12091
33459,459
33460,12329
33461,573
33462,51597
33463,904
33464,11792
33465,427
33466,8081
33467,285
33468,6826
33469,320
33470,9042
33471,350
33472,6676
33473,341
33474,6785
33475,288
33476,6292
33477,302
33478,6033
33479,285
33480,6173
33481,290
33482,6165
33483,319
33484,6027
33485,317
33486,6219
33487,331
33488,6120
33489,302
33490,6569
33491,280
33492,6158
33493,280
33494,6026
33495,280
33496,6169
33497,283
33498,6142
33499,283
33500,6093
33501,313
33502,7400
33503,338
33504,6369
33505,281
33506,6100
33507,282
33508,6133
33509,289
33510,6152
33511,286
33512,6247
33513,280
33514,6078
33515,313
33516,6088
33517,285
33518,6172
33519,297
33520,6271
33521,304
33522,6075
33523,282
33524,6137
33525,275
33526,6251
33527,286
33528,6867
33529,287
33530,6050
33531,274
33532,6180
33533,281
33534,7273
33535,292
33536,6226
33537,281
33538,6093
33539,277
33540,6096
33541,290
33542,6166
33543,310
33544,6212
33545,280
33546,6075
33547,280
33548,6159
33549,276
33550,6097
33551,287
33552,6051
33553,283
33554,6088
33555,284
33556,6053
33557,315
33558,6092
33559,292
33560,6136
33561,264
33562,6002
33563,273
33564,17667
33565,295
33566,12219
33567,321
33568,9280
33569,315
33570,6702
33571,282
33572,6285
33573,285
33574,6044
33575,284
33576,6115
33577,270
33578,6094
33579,288
33580,6051
33581,285
33582,6130
33583,329
33584,6164
33585,282
33586,6249
33587,284
33588,6126
33589,294
33590,6068
33591,283
33592,6158
33593,282
33594,6282
33595,295
33596,6186
33597,281
33598,7578
33599,289
33600,6318
33601,289
33602,6116
33603,287
33604,6158
33605,289
33606,6080
33607,284
33608,6149
33609,281
33610,6116
33611,283
33612,6218
33613,301
33614,6145
33615,295
33616,6035
33617,282
33618,6225
33619,303
33620,6215
33621,299
33622,35864
33623,767
33624,16278
33625,521
33626,13003
33627,549
33628,12236
33629,514
33630,14142
33631,324
33632,7592
33633,320
33634,6351
33635,335
33636,8232
33637,491
33638,11063
33639,417
33640,93522
33641,1302
33642,49078
33643,1072
33644,24797
33645,613
33646,18841
33647,558
33648,13323
33649,472
33650,1118518
33651,2247
33652,52450
33653,833
33654,17494
33655,662
33656,61833
33657,710
33658,16154
33659,497
33660,12795
33661,640
33662,17954
33663,585
33664,12676
33665,474
33666,11799
33667,479
33668,11920
33669,558
33670,12282
33671,526
33672,112597
33673,1592
33674,34027
33675,762
33676,15462
33677,525
33678,13550
33679,567
33680,12875
33681,674
33682,12942
33683,487
33684,12538
33685,487
33686,11671
33687,457
33688,11467
33689,517
33690,11840
33691,556
33692,26689
33693,604
33694,17366
33695,614
33696,12277
33697,495
33698,12422
33699,513
33700,12286
33701,562
33702,12074
33703,443
33704,11488
33705,513
33706,11633
33707,510
33708,11892
33709,508
33710,10877
33711,472
33712,11084
33713,509
33714,11155
33715,478
33716,11963
33717,466
33718,12123
33719,530
33720,13198
33721,663
33722,13264
33723,547
33724,12983
33725,512
33726,16088
33727,553
33728,12363
33729,501
33730,12340
33731,505
33732,13213
33733,504
33734,12273
33735,510
33736,12974
33737,524
33738,12958
33739,590
33740,13516
33741,492
33742,12570
33743,473
33744,11712
33745,509
33746,11928
33747,523
33748,12221
33749,501
33750,12425
33751,513
33752,1558042
33753,26337
33754,33846
33755,521
33756,15175
33757,386
33758,8079
33759,329
33760,7256
33761,319
33762,6674
33763,286
33764,6251
33765,283
33766,6272
33767,283
33768,6319
33769,351
33770,6179
33771,280
33772,6261
33773,289
33774,6331
33775,285
33776,6185
33777,284
33778,6221
33779,353
33780,6232
33781,292
33782,6172
33783,278
33784,6173
33785,297
33786,6217
33787,302
33788,7635
33789,299
33790,6347
33791,289
33792,6064
33793,451
33794,7708
33795,302
33796,6557
33797,294
33798,6305
33799,281
33800,6406
33801,276
33802,6576
33803,279
33804,6280
33805,276
33806,6257
33807,280
33808,6212
33809,274
33810,6122
33811,277
33812,6236
33813,286
33814,6206
33815,317
33816,6217
33817,323
33818,6570
33819,463
33820,14262
33821,337
33822,6691
33823,359
33824,6267
33825,298
33826,6282
33827,298
33828,6183
33829,316
33830,6139
33831,275
33832,6026
33833,288
33834,6133
33835,315
33836,6290
33837,285
33838,6139
33839,276
33840,6318
33841,286
33842,6241
33843,279
33844,6051
33845,279
33846,6115
33847,280
33848,6304
33849,280
33850,6045
33851,275
33852,7516
33853,298
33854,6130
33855,285
33856,6164
33857,289
33858,6239
33859,285
33860,6194
33861,288
33862,6199
33863,286
33864,6142
33865,318
33866,6006
33867,277
33868,6067
33869,273
33870,6193
33871,274
33872,6017
33873,279
33874,6294
33875,276
33876,6138
33877,310
33878,6067
33879,289
33880,6321
33881,273
33882,6081
33883,275
33884,7206
33885,288
33886,6243
33887,267
33888,6160
33889,293
33890,6386
33891,282
33892,6391
33893,285
33894,6122
33895,283
33896,6264
33897,283
33898,6413
33899,297
33900,6404
33901,281
33902,6343
33903,283
33904,6139
33905,294
33906,6352
33907,281
33908,6245
33909,280
33910,6093
33911,281
33912,6016
33913,279
33914,6199
33915,282
33916,7322
33917,290
33918,6422
33919,279
33920,6193
33921,288
33922,6302
33923,298
33924,6472
33925,264
33926,6320
33927,282
33928,6106
33929,279
33930,6117
33931,275
33932,6160
33933,275
33934,6196
33935,282
33936,6023
33937,276
33938,6038
33939,276
33940,6014
33941,282
33942,6159
33943,277
33944,6053
33945,275
33946,11673
33947,299
33948,7903
33949,289
33950,6631
33951,262
33952,6168
33953,310
33954,6231
33955,304
33956,6072
33957,280
33958,6086
33959,282
33960,5991
33961,322
33962,6140
33963,280
33964,6069
33965,307
33966,6172
33967,312
33968,6099
33969,286
33970,6160
33971,260
33972,5970
33973,282
33974,6073
33975,279
33976,6093
33977,274
33978,6037
33979,273
33980,7304
33981,283
33982,6463
33983,286
33984,6182
33985,287
33986,6207
33987,277
33988,6184
33989,317
33990,6118
33991,278
33992,6048
33993,283
33994,6128
33995,287
33996,6168
33997,283
33998,6214
33999,312
34000,6191
34001,280
34002,5993
34003,289
34004,6174
34005,284
34006,6264
34007,288
34008,6161
34009,277
34010,6250
34011,350
34012,7314
34013,288
34014,6331
34015,285
34016,6205
34017,285
34018,6356
34019,329
34020,6061
34021,282
34022,6188
34023,281
34024,6073
34025,280
34026,6125
34027,279
34028,6176
34029,298
34030,6159
34031,280
34032,6040
34033,278
34034,6116
34035,275
34036,6041
34037,265
34038,6044
34039,274
34040,6062
34041,265
34042,6047
34043,272
34044,7107
34045,276
34046,6173
34047,296
34048,6271
34049,286
34050,6207
34051,326
34052,6111
34053,283
34054,6037
34055,283
34056,6172
34057,285
34058,6122
34059,283
34060,6030
34061,268
34062,6179
34063,308
34064,6187
34065,309
34066,6196
34067,285
34068,6198
34069,317
34070,6159
34071,287
34072,6322
34073,321
34074,10096
34075,301
34076,7799
34077,305
34078,6521
34079,284
34080,6188
34081,282
34082,6106
34083,281
34084,6219
34085,286
34086,6110
34087,302
34088,6100
34089,310
34090,5990
34091,278
34092,6184
34093,312
34094,6142
34095,280
34096,6096
34097,273
34098,5983
34099,270
34100,6047
34101,298
34102,6883
34103,287
34104,6368
34105,285
34106,6143
34107,281
34108,7531
34109,282
34110,6423
34111,278
34112,6082
34113,278
34114,6160
34115,278
34116,6168
34117,282
34118,6040
34119,280
34120,6174
34121,278
34122,6091
34123,300
34124,6122
34125,308
34126,6112
34127,282
34128,6150
34129,294
34130,6064
34131,279
34132,6085
34133,280
34134,6142
34135,264
34136,6142
34137,281
34138,6093
34139,269
34140,7306
34141,284
34142,6276
34143,285
34144,6119
34145,266
34146,6275
34147,330
34148,6167
34149,298
34150,6105
34151,305
34152,6127
34153,278
34154,6066
34155,285
34156,6300
34157,316
34158,6121
34159,303
34160,6047
34161,259
34162,6124
34163,268
34164,5942
34165,269
34166,6134
34167,271
34168,5965
34169,268
34170,6068
34171,272
34172,7244
34173,293
34174,6113
34175,276
34176,5997
34177,271
34178,5997
34179,300
34180,6072
34181,262
34182,6089
34183,283
34184,6101
34185,276
34186,6129
34187,271
34188,6141
34189,274
34190,6059
34191,279
34192,6154
34193,285
34194,6078
34195,300
34196,6267
34197,282
34198,6118
34199,277
34200,6100
34201,313
34202,10209
34203,304
34204,7668
34205,297
34206,6521
34207,275
34208,6014
34209,277
34210,6053
34211,292
34212,6048
34213,280
34214,6027
34215,277
34216,6010
34217,315
34218,6111
34219,279
34220,6123
34221,299
34222,5919
34223,282
34224,6165
34225,286
34226,6062
34227,296
34228,6125
34229,318
34230,6207
34231,309
34232,6174
34233,286
34234,6172
34235,339
34236,7324
34237,310
34238,6405
34239,282
34240,6042
34241,280
34242,6035
34243,278
34244,6226
34245,284
34246,6120
34247,280
34248,6125
34249,314
34250,6069
34251,296
34252,6087
34253,330
34254,6165
34255,280
34256,6101
34257,342
34258,6020
34259,282
34260,6057
34261,297
34262,6101
34263,279
34264,6034
34265,279
34266,6168
34267,284
34268,7103
34269,319
34270,6250
34271,284
34272,6116
34273,276
34274,6086
34275,266
34276,6171
34277,282
34278,6075
34279,307
34280,6164
34281,282
34282,6158
34283,284
34284,6251
34285,311
34286,6269
34287,304
34288,6255
34289,317
34290,6135
34291,276
34292,6099
34293,325
34294,6144
34295,276
34296,6292
34297,314
34298,6156
34299,307
34300,7248
34301,289
34302,6434
34303,278
34304,6121
34305,445
34306,7119
34307,289
34308,6466
34309,282
34310,6197
34311,278
34312,6102
34313,272
34314,6001
34315,281
34316,6028
34317,279
34318,6117
34319,294
34320,6032
34321,312
34322,6115
34323,280
34324,6250
34325,286
34326,6226
34327,282
34328,6093
34329,360
34330,9513
34331,344
34332,7640
34333,302
34334,6440
34335,339
34336,6238
34337,285
34338,6151
34339,311
34340,6115
34341,281
34342,6238
34343,276
34344,6112
34345,279
34346,6095
34347,293
34348,6158
34349,310
34350,6162
34351,285
34352,6082
34353,296
34354,6086
34355,312
34356,6155
34357,319
34358,5993
34359,280
34360,6128
34361,295
34362,6291
34363,283
34364,7191
34365,317
34366,6319
34367,314
34368,6167
34369,285
34370,6133
34371,281
34372,6128
34373,316
34374,6154
34375,280
34376,6193
34377,286
34378,6185
34379,299
34380,6183
34381,308
34382,6248
34383,280
34384,6233
34385,283
34386,6180
34387,311
34388,6230
34389,286
34390,6199
34391,300
34392,6143
34393,306
34394,6183
34395,332
34396,7248
34397,327
34398,6507
34399,283
34400,6204
34401,300
34402,6078
34403,281
34404,6157
34405,303
34406,6105
34407,298
34408,6151
34409,288
34410,6018
34411,281
34412,6066
34413,285
34414,6168
34415,291
34416,6140
34417,285
34418,6152
34419,279
34420,6174
34421,283
34422,6112
34423,284
34424,6056
34425,280
34426,6124
34427,281
34428,7208
34429,282
34430,6331
34431,281
34432,6033
34433,312
34434,6156
34435,289
34436,6239
34437,278
34438,6238
34439,283
34440,6004
34441,279
34442,6198
34443,339
34444,6084
34445,339
34446,6220
34447,320
34448,6004
34449,287
34450,6154
34451,289
34452,6046
34453,279
34454,6024
34455,288
34456,9702
34457,286
34458,6325
34459,309
34460,7235
34461,286
34462,6425
34463,284
34464,6103
34465,278
34466,6010
34467,279
34468,5950
34469,275
34470,5943
34471,296
34472,6039
34473,280
34474,6022
34475,269
34476,6030
34477,273
34478,6094
34479,277
34480,6073
34481,276
34482,6133
34483,276
34484,6162
34485,310
34486,6207
34487,280
34488,6361
34489,318
34490,6128
34491,267
34492,7475
34493,298
34494,6452
34495,286
34496,6143
34497,272
34498,6150
34499,278
34500,6241
34501,289
34502,6167
34503,286
34504,6114
34505,276
34506,6268
34507,278
34508,6080
34509,285
34510,6236
34511,297
34512,6111
34513,292
34514,6153
34515,322
34516,6062
34517,319
34518,6133
34519,278
34520,6156
34521,280
34522,6288
34523,280
34524,7418
34525,314
34526,6471
34527,297
34528,6088
34529,279
34530,6179
34531,312
34532,6184
34533,320
34534,6118
34535,276
34536,6154
34537,316
34538,6172
34539,279
34540,6189
34541,278
34542,6127
34543,284
34544,6186
34545,276
34546,6068
34547,283
34548,6168
34549,287
34550,6238
34551,286
34552,6170
34553,319
34554,6215
34555,275
34556,7235
34557,284
34558,6283
34559,272
34560,6054
34561,325
34562,6157
34563,265
34564,6060
34565,318
34566,6143
34567,309
34568,6279
34569,279
34570,6095
34571,335
34572,6084
34573,320
34574,6215
34575,284
34576,6123
34577,271
34578,6254
34579,334
34580,6093
34581,279
34582,6119
34583,267
34584,9603
34585,287
34586,6453
34587,300
34588,7323
34589,286
34590,6417
34591,287
34592,6329
34593,281
34594,6079
34595,285
34596,5993
34597,280
34598,6077
34599,278
34600,6067
34601,271
34602,6067
34603,273
34604,6105
34605,262
34606,5984
34607,280
34608,6038
34609,280
34610,6164
34611,265
34612,6000
34613,272
34614,6233
34615,275
34616,6026
34617,306
34618,5995
34619,279
34620,7103
34621,316
34622,6387
34623,297
34624,6153
34625,283
34626,6015
34627,284
34628,6187
34629,297
34630,6235
34631,302
34632,6317
34633,287
34634,6325
34635,274
34636,6128
34637,277
34638,6177
34639,279
34640,6122
34641,277
34642,6103
34643,277
34644,6019
34645,278
34646,6189
34647,282
34648,6077
34649,311
34650,6281
34651,283
34652,7205
34653,296
34654,6374
34655,284
34656,6137
34657,287
34658,6140
34659,275
34660,6087
34661,437
34662,7601
34663,285
34664,6415
34665,296
34666,6229
34667,287
34668,6604
34669,298
34670,6141
34671,260
34672,6081
34673,278
34674,6088
34675,276
34676,6069
34677,308
34678,6078
34679,288
34680,5995
34681,302
34682,6177
34683,288
34684,7606
34685,284
34686,6280
34687,303
34688,6006
34689,276
34690,6036
34691,276
34692,6037
34693,263
34694,6119
34695,310
34696,6059
34697,276
34698,6063
34699,342
34700,6095
34701,284
34702,6102
34703,283
34704,6103
34705,274
34706,6069
34707,280
34708,6100
34709,279
34710,6072
34711,280
34712,9963
34713,302
34714,6626
34715,302
34716,7561
34717,282
34718,6430
34719,274
34720,6019
34721,283
34722,6038
34723,273
34724,6069
34725,280
34726,6061
34727,274
34728,6162
34729,283
34730,6062
34731,298
34732,6154
34733,287
34734,6109
34735,307
34736,6231
34737,300
34738,6300
34739,301
34740,6140
34741,288
34742,6131
34743,280
34744,6001
34745,276
34746,6088
34747,265
34748,7317
34749,316
34750,6314
34751,286
34752,6161
34753,278
34754,6043
34755,275
34756,6005
34757,313
34758,6065
34759,275
34760,5950
34761,265
34762,6022
34763,275
34764,6247
34765,299
34766,6078
34767,280
34768,6215
34769,313
34770,6376
34771,294
34772,6119
34773,326
34774,6093
34775,280
34776,6151
34777,274
34778,6197
34779,297
34780,7438
34781,284
34782,6306
34783,283
34784,6127
34785,283
34786,6071
34787,264
34788,6125
34789,293
34790,6096
34791,281
34792,6118
34793,283
34794,6125
34795,299
34796,6076
34797,297
34798,6022
34799,277
34800,6008
34801,263
34802,6086
34803,298
34804,6196
34805,295
34806,5990
34807,280
34808,6154
34809,264
34810,5959
34811,277
34812,7400
34813,290
34814,6274
34815,303
34816,6173
34817,386
34818,6739
34819,285
34820,6212
34821,283
34822,6203
34823,280
34824,6095
34825,280
34826,6041
34827,279
34828,5951
34829,279
34830,6051
34831,262
34832,6041
34833,290
34834,6051
34835,278
34836,6057
34837,278
34838,6074
34839,367
34840,9779
34841,287
34842,6378
34843,279
34844,7194
34845,308
34846,6356
34847,286
34848,6160
34849,279
34850,6066
34851,278
34852,6035
34853,288
34854,6006
34855,284
34856,6159
34857,287
34858,6140
34859,301
34860,6088
34861,282
34862,6116
34863,303
34864,6097
34865,291
34866,6073
34867,283
34868,6120
34869,281
34870,6120
34871,310
34872,6111
34873,281
34874,6256
34875,280
34876,7422
34877,298
34878,6460
34879,297
34880,6167
34881,285
34882,6205
34883,313
34884,6066
34885,313
34886,5957
34887,298
34888,6179
34889,287
34890,6080
34891,303
34892,6048
34893,281
34894,5967
34895,297
34896,6108
34897,314
34898,6073
34899,281
34900,6014
34901,280
34902,6080
34903,277
34904,6185
34905,303
34906,6105
34907,308
34908,7324
34909,285
34910,6349
34911,309
34912,6106
34913,287
34914,6131
34915,307
34916,6124
34917,313
34918,6113
34919,275
34920,6045
34921,280
34922,6146
34923,309
34924,6076
34925,319
34926,6221
34927,290
34928,6122
34929,279
34930,6185
34931,292
34932,6296
34933,321
34934,6311
34935,281
34936,6181
34937,282
34938,6088
34939,308
34940,7278
34941,309
34942,6281
34943,302
34944,6111
34945,281
34946,6223
34947,319
34948,6283
34949,312
34950,6243
34951,278
34952,6064
34953,331
34954,6119
34955,304
34956,6150
34957,302
34958,6052
34959,278
34960,6094
34961,278
34962,6089
34963,274
34964,6122
34965,298
34966,9479
34967,264
34968,6380
34969,280
34970,6050
34971,329
34972,7134
34973,296
34974,6247
34975,280
34976,6146
34977,309
34978,6055
34979,300
34980,6001
34981,301
34982,6042
34983,273
34984,6022
34985,313
34986,5987
34987,276
34988,6009
34989,276
34990,6023
34991,275
34992,6084
34993,272
34994,6039
34995,283
34996,6033
34997,285
34998,6110
34999,287
35000,6052
35001,276
35002,6013
35003,268
35004,7121
35005,283
35006,6392
35007,285
35008,6085
35009,285
35010,6152
35011,284
35012,6073
35013,288
35014,6042
35015,308
35016,6032
35017,278
35018,6220
35019,317
35020,6105
35021,286
35022,6046
35023,300
35024,6127
35025,276
35026,6058
35027,310
35028,6057
35029,313
35030,6200
35031,277
35032,6085
35033,284
35034,6162
35035,275
35036,7308
35037,314
35038,6399
35039,320
35040,6137
35041,309
35042,6120
35043,279
35044,6130
35045,281
35046,6175
35047,282
35048,64687
35049,515
35050,12652
35051,321
35052,7178
35053,279
35054,6381
35055,280
35056,6324
35057,332
35058,6305
35059,284
35060,6164
35061,271
35062,6174
35063,280
35064,23594
35065,1023
35066,17823
35067,502
35068,11867
35069,376
35070,7901
35071,311
35072,6787
35073,275
35074,6490
35075,301
35076,6385
35077,260
35078,6490
35079,277
35080,6291
35081,275
35082,6341
35083,276
35084,6296
35085,326
35086,6182
35087,307
35088,6123
35089,274
35090,6205
35091,276
35092,6314
35093,294
35094,15328
35095,307
35096,6677
35097,280
35098,6350
35099,257
35100,7583
35101,296
35102,6323
35103,260
35104,6306
35105,292
35106,6293
35107,277
35108,6233
35109,275
35110,6154
35111,276
35112,6225
35113,292
35114,6202
35115,277
35116,6383
35117,276
35118,6324
35119,276
35120,6322
35121,279
35122,6419
35123,278
35124,6267
35125,294
35126,6230
35127,314
35128,6224
35129,277
35130,6243
35131,271
35132,7353
35133,285
35134,6433
35135,329
35136,6126
35137,283
35138,6326
35139,308
35140,6248
35141,299
35142,6250
35143,286
35144,6262
35145,279
35146,6307
35147,273
35148,6392
35149,308
35150,6183
35151,315
35152,6245
35153,278
35154,6546
35155,276
35156,6195
35157,307
35158,6245
35159,276
35160,6125
35161,264
35162,6136
35163,270
35164,7321
35165,260
35166,6376
35167,283
35168,6225
35169,293
35170,6259
35171,280
35172,6161
35173,309
35174,6191
35175,309
35176,6247
35177,293
35178,6114
35179,279
35180,6330
35181,316
35182,6099
35183,313
35184,6086
35185,278
35186,6116
35187,281
35188,6313
35189,314
35190,6359
35191,287
35192,6176
35193,274
35194,6267
35195,282
35196,7342
35197,300
35198,6424
35199,296
35200,6284
35201,312
35202,6275
35203,275
35204,6155
35205,284
35206,6176
35207,275
35208,6151
35209,276
35210,6084
35211,318
35212,6156
35213,276
35214,6202
35215,310
35216,6223
35217,297
35218,6146
35219,271
35220,6223
35221,274
35222,10335
35223,322
35224,6529
35225,271
35226,6178
35227,261
35228,7442
35229,283
35230,6446
35231,274
35232,6276
35233,281
35234,6298
35235,304
35236,6216
35237,322
35238,6281
35239,282
35240,6265
35241,310
35242,6234
35243,273
35244,6244
35245,297
35246,6196
35247,307
35248,6195
35249,260
35250,6192
35251,261
35252,6129
35253,271
35254,6121
35255,259
35256,6092
35257,260
35258,6295
35259,310
35260,7236
35261,279
35262,6199
35263,260
35264,6028
35265,263
35266,6220
35267,302
35268,6166
35269,270
35270,6034
35271,260
35272,6232
35273,258
35274,6067
35275,270
35276,6191
35277,259
35278,6151
35279,271
35280,6174
35281,262
35282,6175
35283,274
35284,6125
35285,271
35286,6098
35287,274
35288,6217
35289,274
35290,6177
35291,316
35292,7277
35293,318
35294,6696
35295,277
35296,6050
35297,308
35298,6347
35299,311
35300,6270
35301,273
35302,6222
35303,307
35304,6150
35305,275
35306,6185
35307,297
35308,6238
35309,284
35310,6215
35311,308
35312,6150
35313,278
35314,6185
35315,280
35316,6317
35317,311
35318,6242
35319,264
35320,6217
35321,306
35322,6190
35323,278
35324,7279
35325,283
35326,6304
35327,277
35328,6189
35329,355
35330,6843
35331,296
35332,6335
35333,282
35334,6158
35335,310
35336,6194
35337,273
35338,6123
35339,305
35340,6076
35341,296
35342,6124
35343,273
35344,6079
35345,303
35346,6040
35347,275
35348,6026
35349,470
35350,10236
35351,337
35352,6404
35353,277
35354,6201
35355,308
35356,7456
35357,288
35358,6408
35359,315
35360,6227
35361,285
35362,6290
35363,320
35364,6209
35365,283
35366,6312
35367,287
35368,23193
35369,335
35370,8238
35371,285
35372,6556
35373,320
35374,6122
35375,275
35376,6278
35377,312
35378,6229
35379,272
35380,6115
35381,278
35382,6250
35383,306
35384,6174
35385,279
35386,6215
35387,280
35388,7605
35389,285
35390,6351
35391,280
35392,6145
35393,309
35394,6151
35395,302
35396,6158
35397,275
35398,6229
35399,275
35400,6220
35401,274
35402,6239
35403,281
35404,6124
35405,278
35406,6195
35407,278
35408,6200
35409,272
35410,6161
35411,281
35412,6135
35413,308
35414,6275
35415,273
35416,6291
35417,281
35418,6106
35419,276
35420,7252
35421,283
35422,6442
35423,281
35424,6155
35425,272
35426,6292
35427,276
35428,6196
35429,272
35430,6051
35431,313
35432,6186
35433,261
35434,6147
35435,275
35436,6285
35437,274
35438,6096
35439,275
35440,6197
35441,271
35442,6261
35443,273
35444,6315
35445,275
35446,6191
35447,274
35448,6159
35449,264
35450,6154
35451,273
35452,7462
35453,280
35454,6354
35455,292
35456,6202
35457,320
35458,6193
35459,312
35460,6165
35461,311
35462,6203
35463,299
35464,6074
35465,280
35466,6135
35467,280
35468,6308
35469,275
35470,6126
35471,268
35472,6128
35473,273
35474,6187
35475,321
35476,10520
35477,294
35478,6410
35479,280
35480,6088
35481,271
35482,6125
35483,300
35484,7367
35485,322
35486,6295
35487,280
35488,6159
35489,279
35490,6201
35491,325
35492,6036
35493,284
35494,6113
35495,281
35496,6268
35497,279
35498,6048
35499,313
35500,6210
35501,298
35502,6274
35503,283
35504,6154
35505,277
35506,6047
35507,286
35508,6242
35509,296
35510,6122
35511,282
35512,6273
35513,276
35514,6072
35515,281
35516,7388
35517,284
35518,6198
35519,275
35520,6124
35521,276
35522,6188
35523,280
35524,6262
35525,278
35526,6215
35527,297
35528,6043
35529,296
35530,5947
35531,300
35532,6125
35533,270
35534,6056
35535,310
35536,6167
35537,278
35538,6042
35539,270
35540,6104
35541,311
35542,6076
35543,261
35544,6148
35545,292
35546,6309
35547,278
35548,7395
35549,283
35550,6431
35551,283
35552,6131
35553,314
35554,6132
35555,278
35556,6166
35557,270
35558,6138
35559,262
35560,6081
35561,278
35562,6084
35563,263
35564,6153
35565,280
35566,6192
35567,298
35568,6112
35569,279
35570,6159
35571,263
35572,6163
35573,271
35574,6098
35575,307
35576,6076
35577,269
35578,6140
35579,330
35580,7161
35581,285
35582,6156
35583,299
35584,6031
35585,278
35586,6142
35587,276
35588,6137
35589,277
35590,6127
35591,277
35592,6114
35593,326
35594,6051
35595,273
35596,6038
35597,274
35598,6074
35599,274
35600,6149
35601,280
35602,6097
35603,298
35604,10024
35605,344
35606,6440
35607,292
35608,6309
35609,270
35610,6124
35611,272
35612,7325
35613,285
35614,6373
35615,276
35616,6198
35617,285
35618,6277
35619,327
35620,6251
35621,282
35622,6265
35623,293
35624,6251
35625,284
35626,6227
35627,324
35628,6171
35629,274
35630,6250
35631,263
35632,6255
35633,275
35634,6154
35635,271
35636,6162
35637,273
35638,6106
35639,274
35640,6082
35641,261
35642,6133
35643,291
35644,7215
35645,305
35646,6192
35647,271
35648,6004
35649,269
35650,6153
35651,270
35652,6051
35653,272
35654,6156
35655,264
35656,6102
35657,271
35658,6202
35659,271
35660,6118
35661,274
35662,6163
35663,258
35664,6233
35665,312
35666,6132
35667,302
35668,6035
35669,273
35670,6142
35671,298
35672,6151
35673,259
35674,6247
35675,270
35676,7175
35677,277
35678,6326
35679,276
35680,6106
35681,275
35682,6172
35683,295
35684,6093
35685,276
35686,6227
35687,273
35688,6088
35689,277
35690,6100
35691,320
35692,6097
35693,299
35694,6283
35695,307
35696,6200
35697,275
35698,6114
35699,278
35700,6322
35701,313
35702,6293
35703,279
35704,6200
35705,310
35706,6199
35707,337
35708,7310
35709,314
35710,6517
35711,316
35712,6219
35713,266
35714,6160
35715,317
35716,6230
35717,308
35718,6188
35719,281
35720,6159
35721,316
35722,6108
35723,270
35724,6144
35725,273
35726,6152
35727,278
35728,6160
35729,276
35730,6225
35731,270
35732,9244
35733,278
35734,6359
35735,279
35736,6087
35737,266
35738,6080
35739,279
35740,7293
35741,294
35742,6159
35743,278
35744,6109
35745,283
35746,6215
35747,321
35748,6142
35749,317
35750,6174
35751,290
35752,6054
35753,265
35754,6151
35755,305
35756,6152
35757,276
35758,6029
35759,275
35760,5996
35761,314
35762,6112
35763,265
35764,5986
35765,275
35766,6006
35767,275
35768,6065
35769,261
35770,6178
35771,276
35772,7154
35773,277
35774,6244
35775,311
35776,6012
35777,274
35778,6199
35779,280
35780,6105
35781,273
35782,6066
35783,275
35784,6042
35785,275
35786,6127
35787,275
35788,6136
35789,314
35790,6075
35791,278
35792,6077
35793,306
35794,6221
35795,272
35796,6100
35797,272
35798,6105
35799,309
35800,6042
35801,289
35802,6112
35803,260
35804,7239
35805,307
35806,6321
35807,276
35808,6203
35809,279
35810,6036
35811,278
35812,6127
35813,278
35814,6058
35815,275
35816,6151
35817,277
35818,6042
35819,274
35820,6092
35821,279
35822,6071
35823,263
35824,6155
35825,272
35826,6258
35827,274
35828,6200
35829,309
35830,6212
35831,280
35832,6087
35833,345
35834,6118
35835,280
35836,7238
35837,301
35838,6366
35839,273
35840,6130
35841,335
35842,6703
35843,274
35844,6319
35845,267
35846,6119
35847,278
35848,6160
35849,276
35850,6149
35851,267
35852,6205
35853,277
35854,6099
35855,272
35856,6232
35857,278
35858,6117
35859,350
35860,9173
35861,280
35862,6469
35863,313
35864,6242
35865,280
35866,6422
35867,276
35868,7232
35869,280
35870,6413
35871,279
35872,6092
35873,320
35874,6119
35875,280
35876,6125
35877,271
35878,6037
35879,291
35880,6054
35881,280
35882,6232
35883,272
35884,6179
35885,290
35886,6150
35887,320
35888,6191
35889,261
35890,6241
35891,281
35892,6065
35893,278
35894,6042
35895,270
35896,6152
35897,309
35898,6039
35899,281
35900,7208
35901,293
35902,6314
35903,284
35904,6225
35905,276
35906,6198
35907,275
35908,6303
35909,292
35910,6178
35911,261
35912,6124
35913,277
35914,6207
35915,280
35916,6237
35917,281
35918,6173
35919,271
35920,6132
35921,297
35922,6240
35923,276
35924,6200
35925,281
35926,6179
35927,284
35928,6162
35929,311
35930,6222
35931,295
35932,7358
35933,279
35934,6453
35935,281
35936,6227
35937,280
35938,6314
35939,280
35940,6214
35941,277
35942,6112
35943,317
35944,6129
35945,283
35946,6190
35947,277
35948,6183
35949,274
35950,6380
35951,278
35952,6229
35953,271
35954,6196
35955,283
35956,6177
35957,277
35958,6082
35959,278
35960,6174
35961,275
35962,6140
35963,275
35964,7254
35965,275
35966,6471
35967,276
35968,6205
35969,276
35970,6161
35971,291
35972,6326
35973,258
35974,6086
35975,304
35976,6118
35977,279
35978,6105
35979,281
35980,6039
35981,293
35982,6228
35983,272
35984,6122
35985,273
35986,9683
35987,280
35988,6241
35989,315
35990,6046
35991,264
35992,5994
35993,273
35994,6137
35995,266
35996,7352
35997,287
35998,6415
35999,297
36000,6230
36001,285
36002,6189
36003,312
36004,6230
36005,271
36006,6108
36007,278
36008,6269
36009,265
36010,6144
36011,281
36012,6253
36013,312
36014,6235
36015,307
36016,6056
36017,309
36018,6089
36019,261
36020,6065
36021,282
36022,6251
36023,270
36024,6180
36025,291
36026,6106
36027,293
36028,7320
36029,286
36030,6454
36031,283
36032,6102
36033,307
36034,6236
36035,264
36036,6106
36037,282
36038,6083
36039,306
36040,6123
36041,282
36042,6114
36043,276
36044,5993
36045,275
36046,5959
36047,303
36048,6149
36049,292
36050,6265
36051,268
36052,6156
36053,275
36054,6143
36055,260
36056,6317
36057,281
36058,6156
36059,308
36060,7312
36061,284
36062,6367
36063,298
36064,6126
36065,283
36066,6120
36067,300
36068,6170
36069,282
36070,6219
36071,258
36072,6085
36073,299
36074,6163
36075,280
36076,6047
36077,308
36078,6067
36079,278
36080,6200
36081,313
36082,6377
36083,276
36084,6128
36085,285
36086,6169
36087,315
36088,6231
36089,292
36090,6420
36091,315
36092,7304
36093,299
36094,6268
36095,280
36096,6320
36097,275
36098,6219
36099,284
36100,6175
36101,279
36102,6080
36103,300
36104,6185
36105,279
36106,6071
36107,270
36108,6208
36109,313
36110,6174
36111,282
36112,6054
36113,277
36114,9202
36115,280
36116,6254
36117,310
36118,6112
36119,310
36120,6084
36121,310
36122,6163
36123,327
36124,7276
36125,329
36126,6329
36127,298
36128,6130
36129,282
36130,6181
36131,275
36132,6080
36133,278
36134,6190
36135,263
36136,6029
36137,294
36138,6049
36139,270
36140,6071
36141,273
36142,6051
36143,276
36144,6093
36145,311
36146,6099
36147,275
36148,6045
36149,302
36150,6021
36151,261
36152,6070
36153,263
36154,6185
36155,273
36156,7058
36157,283
36158,6153
36159,282
36160,6152
36161,275
36162,5961
36163,311
36164,6001
36165,305
36166,6003
36167,276
36168,6076
36169,268
36170,6132
36171,304
36172,6002
36173,299
36174,6080
36175,272
36176,6078
36177,317
36178,6001
36179,272
36180,6145
36181,274
36182,6048
36183,268
36184,6039
36185,328
36186,6162
36187,307
36188,7110
36189,278
36190,6403
36191,272
36192,6176
36193,276
36194,6237
36195,270
36196,6185
36197,279
36198,6198
36199,283
36200,6176
36201,282
36202,6143
36203,308
36204,6101
36205,292
36206,6029
36207,283
36208,6053
36209,369
36210,6383
36211,280
36212,6196
36213,276
36214,6400
36215,275
36216,6142
36217,284
36218,39038
36219,424
36220,11013
36221,292
36222,6965
36223,286
36224,6369
36225,285
36226,6318
36227,311
36228,6521
36229,292
36230,6280
36231,309
36232,6260
36233,275
36234,157493
36235,1131
36236,20327
36237,428
36238,9192
36239,294
36240,7619
36241,283
36242,17549
36243,307
36244,6940
36245,285
36246,6428
36247,319
36248,6149
36249,319
36250,6092
36251,278
36252,8838
36253,294
36254,6531
36255,313
36256,6306
36257,335
36258,6034
36259,342
36260,6325
36261,288
36262,5993
36263,313
36264,6103
36265,337
36266,6108
36267,281
36268,6014
36269,288
36270,6279
36271,286
36272,6131
36273,285
36274,6204
36275,298
36276,6161
36277,285
36278,6101
36279,312
36280,6060
36281,315
36282,6106
36283,288
36284,7552
36285,291
36286,6236
36287,312
36288,6229
36289,281
36290,6159
36291,281
36292,6139
36293,281
36294,6141
36295,297
36296,14909
36297,304
36298,6135
36299,259
36300,5651
36301,263
36302,5641
36303,264
36304,5488
36305,252
36306,5778
36307,244
36308,5571
36309,261
36310,5540
36311,263
36312,5627
36313,256
36314,5746
36315,251
36316,6766
36317,314
36318,5902
36319,273
36320,5716
36321,265
36322,5698
36323,270
36324,5614
36325,261
36326,5662
36327,318
36328,5632
36329,267
36330,5750
36331,262
36332,5731
36333,277
36334,5571
36335,293
36336,5666
36337,265
36338,5671
36339,268
36340,5643
36341,259
36342,5688
36343,264
36344,5677
36345,287
36346,5765
36347,262
36348,6760
36349,254
36350,5863
36351,261
36352,5638
36353,350
36354,6469
36355,272
36356,6009
36357,270
36358,5774
36359,271
36360,5713
36361,271
36362,5638
36363,251
36364,5767
36365,283
36366,5755
36367,248
36368,5734
36369,253
36370,5721
36371,255
36372,5656
36373,253
36374,5702
36375,246
36376,5721
36377,264
36378,5719
36379,266
36380,6944
36381,3901
36382,6723
36383,310
36384,6064
36385,288
36386,5905
36387,257
36388,5612
36389,246
36390,5809
36391,248
36392,5650
36393,244
36394,5683
36395,271
36396,5612
36397,253
36398,5757
36399,247
36400,5642
36401,254
36402,5684
36403,246
36404,5753
36405,284
36406,5604
36407,251
36408,5764
36409,287
36410,6216
36411,243
36412,7071
36413,296
36414,5806
36415,274
36416,5762
36417,259
36418,5838
36419,245
36420,5685
36421,247
36422,5713
36423,248
36424,5702
36425,255
36426,5643
36427,259
36428,5637
36429,281
36430,5749
36431,264
36432,5717
36433,284
36434,5660
36435,284
36436,5705
36437,292
36438,5750
36439,261
36440,5709
36441,279
36442,5680
36443,264
36444,6811
36445,260
36446,5883
36447,250
36448,5635
36449,261
36450,5722
36451,252
36452,5935
36453,259
36454,5650
36455,279
36456,5761
36457,252
36458,5685
36459,256
36460,5598
36461,293
36462,5616
36463,250
36464,5735
36465,254
36466,5763
36467,268
36468,5775
36469,293
36470,5776
36471,281
36472,5680
36473,283
36474,5692
36475,266
36476,6680
36477,292
36478,5754
36479,254
36480,5705
36481,267
36482,5552
36483,281
36484,5641
36485,295
36486,5613
36487,251
36488,5652
36489,262
36490,5579
36491,276
36492,5622
36493,283
36494,5586
36495,295
36496,5733
36497,257
36498,5643
36499,256
36500,5634
36501,259
36502,5537
36503,253
36504,5704
36505,252
36506,5681
36507,282
36508,6744
36509,266
36510,5899
36511,256
36512,5786
36513,255
36514,5616
36515,263
36516,5678
36517,252
36518,5705
36519,319
36520,5639
36521,251
36522,5784
36523,252
36524,5618
36525,255
36526,5662
36527,252
36528,5878
36529,275
36530,5761
36531,262
36532,5616
36533,256
36534,5681
36535,260
36536,5682
36537,257
36538,5834
36539,3113
36540,7438
36541,258
36542,6217
36543,268
36544,5633
36545,261
36546,5642
36547,251
36548,5619
36549,257
36550,5660
36551,268
36552,5662
36553,285
36554,5673
36555,281
36556,5702
36557,281
36558,5583
36559,284
36560,5582
36561,251
36562,5737
36563,257
36564,5661
36565,261
36566,5714
36567,258
36568,5658
36569,258
36570,5667
36571,281
36572,6815
36573,300
36574,5798
36575,262
36576,5731
36577,313
36578,5616
36579,250
36580,5602
36581,267
36582,5551
36583,251
36584,5655
36585,254
36586,5825
36587,288
36588,5605
36589,280
36590,5710
36591,259
36592,5700
36593,259
36594,65152
36595,835
36596,21032
36597,18627
36598,53719
36599,691
36600,14637
36601,604
36602,12409
36603,525
36604,12608
36605,617
36606,58997
36607,492
36608,9471
36609,296
36610,15660
36611,287
36612,5865
36613,266
36614,5768
36615,253
36616,5624
36617,278
36618,5726
36619,268
36620,5604
36621,267
36622,5721
36623,255
36624,5602
36625,279
36626,5601
36627,252
36628,5641
36629,250
36630,5620
36631,266
36632,5813
36633,261
36634,5647
36635,261
36636,7687
36637,295
36638,5889
36639,284
36640,5709
36641,290
36642,5696
36643,259
36644,5762
36645,274
36646,5564
36647,248
36648,5607
36649,251
36650,5730
36651,251
36652,5813
36653,260
36654,5584
36655,300
36656,5573
36657,250
36658,5604
36659,265
36660,5678
36661,252
36662,5798
36663,311
36664,5606
36665,286
36666,5743
36667,260
36668,6769
36669,268
36670,5843
36671,260
36672,5562
36673,261
36674,5758
36675,270
36676,20559
36677,356
36678,7231
36679,272
36680,9041
36681,7249
36682,8126
36683,287
36684,6438
36685,329
36686,6165
36687,286
36688,6091
36689,279
36690,6270
36691,281
36692,6229
36693,280
36694,6189
36695,279
36696,6094
36697,283
36698,6124
36699,306
36700,7560
36701,282
36702,6249
36703,280
36704,6019
36705,280
36706,6189
36707,288
36708,6189
36709,284
36710,6181
36711,274
36712,6107
36713,277
36714,6158
36715,297
36716,6170
36717,269
36718,6077
36719,305
36720,6102
36721,276
36722,6145
36723,277
36724,6068
36725,280
36726,6063
36727,273
36728,6067
36729,297
36730,6172
36731,278
36732,7551
36733,312
36734,6331
36735,281
36736,6094
36737,300
36738,6198
36739,282
36740,6178
36741,285
36742,5981
36743,295
36744,6070
36745,280
36746,6118
36747,288
36748,6073
36749,274
36750,6082
36751,281
36752,6062
36753,276
36754,5989
36755,272
36756,5997
36757,276
36758,6108
36759,266
36760,6186
36761,279
36762,6043
36763,264
36764,7333
36765,284
36766,6212
36767,278
36768,6010
36769,282
36770,5965
36771,329
36772,6078
36773,277
36774,6097
36775,277
36776,6074
36777,275
36778,6103
36779,296
36780,5967
36781,275
36782,6041
36783,278
36784,6142
36785,274
36786,6230
36787,274
36788,6009
36789,266
36790,6084
36791,276
36792,5913
36793,273
36794,6191
36795,275
36796,7220
36797,280
36798,6282
36799,278
36800,6000
36801,274
36802,6045
36803,274
36804,6152
36805,276
36806,5998
36807,313
36808,5991
36809,4332
36810,6966
36811,288
36812,6293
36813,274
36814,6967
36815,279
36816,6222
36817,280
36818,6308
36819,279
36820,6141
36821,272
36822,6173
36823,283
36824,6241
36825,277
36826,6162
36827,262
36828,7474
36829,302
36830,6263
36831,287
36832,6508
36833,310
36834,6036
36835,288
36836,6012
36837,282
36838,6451
36839,278
36840,5962
36841,268
36842,6077
36843,316
36844,6072
36845,310
36846,6167
36847,262
36848,5970
36849,291
36850,6096
36851,271
36852,6087
36853,353
36854,6134
36855,274
36856,6440
36857,273
36858,6294
36859,261
36860,7365
36861,318
36862,6354
36863,275
36864,6126
36865,376
36866,6739
36867,276
36868,6122
36869,274
36870,6083
36871,278
36872,6040
36873,273
36874,5967
36875,274
36876,5958
36877,264
36878,6149
36879,312
36880,6163
36881,277
36882,6035
36883,282
36884,6012
36885,291
36886,6159
36887,323
36888,6203
36889,279
36890,6248
36891,280
36892,7435
36893,283
36894,6191
36895,280
36896,6045
36897,313
36898,6073
36899,263
36900,6250
36901,309
36902,6025
36903,297
36904,6077
36905,275
36906,6045
36907,300
36908,6090
36909,282
36910,6085
36911,281
36912,6172
36913,307
36914,6170
36915,320
36916,6367
36917,306
36918,6343
36919,309
36920,6219
36921,276
36922,6212
36923,274
36924,7424
36925,297
36926,6315
36927,279
36928,6034
36929,277
36930,6197
36931,307
36932,14836
36933,355
36934,8994
36935,306
36936,6606
36937,7588
36938,6955
36939,283
36940,6211
36941,291
36942,6062
36943,272
36944,6072
36945,273
36946,6012
36947,270
36948,6059
36949,277
36950,6623
36951,308
36952,6186
36953,277
36954,6127
36955,274
36956,7773
36957,278
36958,6270
36959,259
36960,6017
36961,276
36962,5986
36963,260
36964,6133
36965,270
36966,6095
36967,273
36968,6173
36969,271
36970,5992
36971,273
36972,6406
36973,272
36974,6218
36975,270
36976,6064
36977,272
36978,6000
36979,270
36980,27982
36981,679
36982,17711
36983,587
36984,12933
36985,533
36986,12483
36987,564
36988,13970
36989,481
36990,8044
36991,278
36992,6294
36993,294
36994,6140
36995,265
36996,7606
36997,509
36998,12835
36999,452
37000,86853
37001,1634
37002,18640
37003,1277
37004,21288
37005,820
37006,23704
37007,676
37008,45266
37009,1135
37010,26560
37011,418
37012,41820
37013,731
37014,20282
37015,765
37016,19870
37017,806
37018,16404
37019,523
37020,20962
37021,560
37022,16113
37023,657
37024,14344
37025,514
37026,14296
37027,526
37028,11404
37029,477
37030,98551
37031,1064
37032,22428
37033,627
37034,31763
37035,892
37036,18102
37037,605
37038,14098
37039,625
37040,10157
37041,300
37042,6837
37043,280
37044,6561
37045,282
37046,6442
37047,280
37048,6321
37049,276
37050,6277
37051,281
37052,9555
37053,513
37054,21033
37055,538
37056,8240
37057,293
37058,6898
37059,285
37060,6436
37061,275
37062,6205
37063,9825
37064,7581
37065,340
37066,6310
37067,277
37068,6073
37069,277
37070,6270
37071,281
37072,43745
37073,536
37074,12575
37075,321
37076,7001
37077,283
37078,6557
37079,285
37080,6309
37081,284
37082,6182
37083,276
37084,8708
37085,298
37086,6733
37087,291
37088,6381
37089,279
37090,6174
37091,305
37092,6184
37093,315
37094,6220
37095,276
37096,6248
37097,305
37098,6085
37099,277
37100,6191
37101,265
37102,6211
37103,291
37104,6249
37105,294
37106,6148
37107,266
37108,6100
37109,280
37110,6121
37111,274
37112,6146
37113,299
37114,6145
37115,282
37116,7260
37117,286
37118,6287
37119,282
37120,6085
37121,309
37122,6194
37123,280
37124,6124
37125,280
37126,6193
37127,285
37128,6232
37129,309
37130,6687
37131,281
37132,6393
37133,281
37134,6103
37135,281
37136,6168
37137,280
37138,6159
37139,280
37140,6237
37141,280
37142,6301
37143,266
37144,6314
37145,284
37146,6203
37147,266
37148,7447
37149,304
37150,6473
37151,286
37152,6285
37153,272
37154,6256
37155,276
37156,6225
37157,297
37158,6221
37159,276
37160,6251
37161,277
37162,6200
37163,287
37164,6175
37165,316
37166,6138
37167,277
37168,6179
37169,279
37170,6120
37171,283
37172,6236
37173,268
37174,6082
37175,284
37176,6172
37177,308
37178,6064
37179,279
37180,7511
37181,297
37182,6357
37183,284
37184,6301
37185,278
37186,6090
37187,282
37188,6292
37189,310
37190,6257
37191,9294
37192,7853
37193,292
37194,6576
37195,278
37196,6371
37197,438
37198,6522
37199,269
37200,6297
37201,281
37202,6524
37203,281
37204,6175
37205,273
37206,6304
37207,277
37208,6323
37209,276
37210,6156
37211,278
37212,41997
37213,1135
37214,843109
37215,2720
37216,18425
37217,594
37218,14205
37219,574
37220,12918
37221,544
37222,12875
37223,534
37224,723902
37225,2520
37226,31989
37227,783
37228,14545
37229,526
37230,11903
37231,617
37232,11825
37233,450
37234,11749
37235,466
37236,11930
37237,489
37238,11708
37239,483
37240,11747
37241,486
37242,12297
37243,444
37244,16521
37245,549
37246,12089
37247,473
37248,11522
37249,547
37250,11344
37251,483
37252,11661
37253,571
37254,12204
37255,516
37256,11516
37257,488
37258,12055
37259,535
37260,97163
37261,1273
37262,224614
37263,966
37264,16756
37265,584
37266,13985
37267,601
37268,12758
37269,501
37270,12128
37271,495
37272,12745
37273,569
37274,18214
37275,529
37276,659460
37277,1619
37278,32369
37279,451
37280,8771
37281,356
37282,7167
37283,279
37284,6471
37285,268
37286,6264
37287,256
37288,6370
37289,279
37290,6217
37291,276
37292,6159
37293,307
37294,6142
37295,281
37296,6253
37297,275
37298,6074
37299,304
37300,6071
37301,273
37302,6163
37303,273
37304,6191
37305,299
37306,10135
37307,290
37308,6556
37309,317
37310,6240
37311,267
37312,6233
37313,285
37314,6290
37315,279
37316,6337
37317,280
37318,6299
37319,279
37320,47784
37321,1518
37322,27575
37323,705
37324,15209
37325,550
37326,13125
37327,564
37328,12333
37329,527
37330,12896
37331,493
37332,11830
37333,451
37334,12198
37335,519
37336,13195
37337,573
37338,60364
37339,634
37340,16710
37341,540
37342,12353
37343,540
37344,11201
37345,449
37346,10508
37347,444
37348,11410
37349,518
37350,12488
37351,611
37352,12928
37353,445
37354,9018
37355,314
37356,6600
37357,316
37358,6262
37359,295
37360,5980
37361,282
37362,6205
37363,279
37364,6011
37365,307
37366,6142
37367,278
37368,6119
37369,278
37370,8418
37371,338
37372,6433
37373,278
37374,6253
37375,288
37376,6200
37377,407
37378,7413
37379,333
37380,6436
37381,305
37382,6123
37383,295
37384,6133
37385,320
37386,6130
37387,317
37388,6151
37389,280
37390,6204
37391,284
37392,6069
37393,312
37394,5987
37395,275
37396,5948
37397,279
37398,6093
37399,312
37400,6203
37401,280
37402,7475
37403,281
37404,6309
37405,295
37406,6127
37407,283
37408,6094
37409,320
37410,6268
37411,277
37412,6084
37413,296
37414,6296
37415,350
37416,6116
37417,283
37418,6122
37419,292
37420,6279
37421,282
37422,6093
37423,284
37424,6208
37425,274
37426,6108
37427,303
37428,6179
37429,278
37430,6074
37431,284
37432,6014
37433,317
37434,7419
37435,287
37436,6151
37437,319
37438,6118
37439,275
37440,6171
37441,303
37442,6293
37443,320
37444,6195
37445,292
37446,6124
37447,417
37448,12988
37449,342
37450,6618
37451,300
37452,6277
37453,286
37454,6115
37455,282
37456,6122
37457,286
37458,6146
37459,299
37460,6134
37461,298
37462,6148
37463,284
37464,6154
37465,320
37466,7443
37467,291
37468,6209
37469,290
37470,6136
37471,278
37472,6107
37473,327
37474,6199
37475,331
37476,6068
37477,307
37478,6133
37479,286
37480,6273
37481,284
37482,6164
37483,305
37484,6280
37485,325
37486,6199
37487,297
37488,6237
37489,289
37490,6266
37491,298
37492,6133
37493,284
37494,6104
37495,286
37496,6287
37497,314
37498,7315
37499,298
37500,6378
37501,286
37502,6160
37503,283
37504,6142
37505,283
37506,6159
37507,295
37508,6319
37509,304
37510,6280
37511,300
37512,6088
37513,284
37514,6175
37515,302
37516,6123
37517,288
37518,6081
37519,289
37520,6034
37521,282
37522,6192
37523,314
37524,6170
37525,304
37526,6191
37527,317
37528,6176
37529,286
37530,7333
37531,318
37532,6240
37533,284
37534,6086
37535,289
37536,6291
37537,302
37538,6261
37539,324
37540,6032
37541,283
37542,6155
37543,285
37544,6168
37545,284
37546,6271
37547,314
37548,6212
37549,318
37550,6124
37551,305
37552,6187
37553,316
37554,6101
37555,298
37556,6070
37557,331
37558,6092
37559,285
37560,6119
37561,318
37562,7403
37563,293
37564,6431
37565,300
37566,6239
37567,283
37568,6042
37569,335
37570,6263
37571,292
37572,6105
37573,288
37574,9955
37575,355
37576,6432
37577,314
37578,6218
37579,306
37580,6156
37581,288
37582,6106
37583,280
37584,6210
37585,300
37586,6081
37587,308
37588,5986
37589,327
37590,6118
37591,285
37592,6036
37593,312
37594,7510
37595,306
37596,6243
37597,304
37598,6206
37599,303
37600,6211
37601,317
37602,6267
37603,304
37604,6126
37605,287
37606,6091
37607,314
37608,6613
37609,269
37610,6081
37611,264
37612,5978
37613,263
37614,5975
37615,281
37616,6008
37617,314
37618,6328
37619,321
37620,6141
37621,289
37622,6218
37623,303
37624,6027
37625,312
37626,7157
37627,332
37628,6511
37629,323
37630,6197
37631,312
37632,6236
37633,298
37634,6167
37635,282
37636,6146
37637,277
37638,6058
37639,269
37640,6038
37641,296
37642,6020
37643,303
37644,5973
37645,280
37646,6041
37647,281
37648,5996
37649,279
37650,6094
37651,280
37652,6033
37653,280
37654,5994
37655,312
37656,6163
37657,329
37658,7290
37659,293
37660,6258
37661,279
37662,6079
37663,312
37664,6049
37665,323
37666,6200
37667,281
37668,6176
37669,275
37670,6112
37671,287
37672,6085
37673,299
37674,6162
37675,301
37676,6154
37677,281
37678,6091
37679,281
37680,6082
37681,311
37682,6188
37683,277
37684,6057
37685,279
37686,6160
37687,279
37688,6072
37689,284
37690,7311
37691,296
37692,6255
37693,284
37694,6200
37695,282
37696,6163
37697,284
37698,6140
37699,300
37700,6157
37701,290
37702,9633
37703,294
37704,6215
37705,306
37706,6143
37707,280
37708,6122
37709,316
37710,6168
37711,281
37712,6186
37713,280
37714,6159
37715,315
37716,6077
37717,282
37718,6074
37719,314
37720,5929
37721,280
37722,7397
37723,307
37724,6348
37725,313
37726,6077
37727,310
37728,6142
37729,311
37730,6421
37731,299
37732,6177
37733,281
37734,6079
37735,320
37736,6185
37737,331
37738,6146
37739,312
37740,6127
37741,288
37742,6193
37743,281
37744,6121
37745,297
37746,6133
37747,319
37748,6247
37749,280
37750,6119
37751,312
37752,6003
37753,294
37754,7258
37755,295
37756,6204
37757,331
37758,6083
37759,278
37760,5995
37761,279
37762,6234
37763,315
37764,6036
37765,356
37766,6111
37767,290
37768,6155
37769,279
37770,6134
37771,283
37772,6026
37773,291
37774,6234
37775,280
37776,6122
37777,281
37778,6162
37779,280
37780,6099
37781,316
37782,6202
37783,280
37784,5977
37785,287
37786,7378
37787,284
37788,6276
37789,300
37790,6134
37791,345
37792,6100
37793,2159
37794,15352
37795,361
37796,7214
37797,263
37798,6389
37799,310
37800,6360
37801,352
37802,6180
37803,282
37804,6073
37805,277
37806,6265
37807,288
37808,6179
37809,280
37810,6133
37811,297
37812,6339
37813,277
37814,6125
37815,280
37816,6062
37817,286
37818,8245
37819,283
37820,6373
37821,281
37822,6207
37823,279
37824,6136
37825,281
37826,6142
37827,285
37828,6190
37829,313
37830,12268
37831,300
37832,6407
37833,302
37834,6247
37835,318
37836,6156
37837,325
37838,6263
37839,307
37840,6220
37841,287
37842,6081
37843,302
37844,6152
37845,305
37846,6136
37847,317
37848,6111
37849,287
37850,7470
37851,290
37852,6326
37853,281
37854,6223
37855,284
37856,6155
37857,287
37858,6375
37859,285
37860,6195
37861,280
37862,6238
37863,289
37864,6169
37865,289
37866,6103
37867,302
37868,6199
37869,299
37870,6236
37871,318
37872,6191
37873,305
37874,6298
37875,292
37876,6236
37877,291
37878,6118
37879,310
37880,6193
37881,281
37882,7161
37883,288
37884,6228
37885,290
37886,6160
37887,309
37888,6089
37889,386
37890,6856
37891,312
37892,6243
37893,288
37894,6251
37895,292
37896,6173
37897,297
37898,6209
37899,314
37900,6229
37901,302
37902,6058
37903,306
37904,6107
37905,288
37906,6122
37907,310
37908,6115
37909,290
37910,6157
37911,332
37912,6184
37913,291
37914,7446
37915,293
37916,6282
37917,321
37918,6144
37919,289
37920,6099
37921,324
37922,6133
37923,281
37924,6277
37925,322
37926,6235
37927,288
37928,6231
37929,313
37930,6199
37931,305
37932,6274
37933,298
37934,6216
37935,300
37936,6124
37937,290
37938,6226
37939,290
37940,6213
37941,289
37942,6222
37943,291
37944,6263
37945,287
37946,7361
37947,296
37948,6343
37949,296
37950,6122
37951,334
37952,6083
37953,305
37954,6077
37955,287
37956,6053
37957,341
37958,9608
37959,302
37960,6364
37961,329
37962,6307
37963,281
37964,6200
37965,288
37966,6242
37967,283
37968,6196
37969,281
37970,6240
37971,282
37972,6230
37973,280
37974,6160
37975,282
37976,6158
37977,278
37978,7361
37979,313
37980,6358
37981,273
37982,6186
37983,275
37984,6141
37985,313
37986,6110
37987,281
37988,6280
37989,309
37990,6278
37991,315
37992,6289
37993,318
37994,6151
37995,277
37996,6194
37997,313
37998,6230
37999,274
38000,6214
38001,268
38002,6050
38003,306
38004,6169
38005,318
38006,6199
38007,296
38008,6298
38009,288
38010,7244
38011,333
38012,6276
38013,276
38014,6191
38015,282
38016,6192
38017,296
38018,6259
38019,275
38020,6079
38021,280
38022,6243
38023,309
38024,6154
38025,315
38026,6228
38027,275
38028,6065
38029,268
38030,6277
38031,309
38032,6053
38033,301
38034,6238
38035,280
38036,6235
38037,343
38038,6240
38039,309
38040,6131
38041,300
38042,7254
38043,336
38044,6351
38045,277
38046,6147
38047,280
38048,6162
38049,279
38050,6070
38051,318
38052,6180
38053,281
38054,6168
38055,320
38056,6201
38057,268
38058,6057
38059,275
38060,6075
38061,273
38062,6156
38063,276
38064,6189
38065,276
38066,6262
38067,278
38068,6105
38069,299
38070,6125
38071,297
38072,6344
38073,275
38074,7467
38075,289
38076,6266
38077,281
38078,6141
38079,275
38080,6278
38081,307
38082,6228
38083,282
38084,9116
38085,343
38086,6245
38087,280
38088,6176
38089,279
38090,6092
38091,302
38092,6121
38093,277
38094,6072
38095,298
38096,6461
38097,282
38098,6121
38099,278
38100,6043
38101,296
38102,6158
38103,282
38104,6155
38105,326
38106,7481
38107,323
38108,6378
38109,275
38110,6191
38111,279
38112,6186
38113,308
38114,6281
38115,269
38116,6166
38117,279
38118,6147
38119,306
38120,6182
38121,285
38122,6239
38123,276
38124,6159
38125,284
38126,6152
38127,279
38128,6103
38129,298
38130,6218
38131,277
38132,6044
38133,273
38134,6169
38135,308
38136,6260
38137,278
38138,7330
38139,285
38140,6252
38141,304
38142,6156
38143,269
38144,6082
38145,282
38146,6197
38147,342
38148,6334
38149,277
38150,6121
38151,310
38152,6125
38153,277
38154,6132
38155,279
38156,6220
38157,328
38158,6215
38159,279
38160,6276
38161,315
38162,6189
38163,279
38164,6186
38165,269
38166,6140
38167,279
38168,6167
38169,293
38170,7431
38171,281
38172,6389
38173,327
38174,6212
38175,281
38176,6162
38177,280
38178,6167
38179,280
38180,6048
38181,298
38182,6103
38183,273
38184,6098
38185,277
38186,6237
38187,278
38188,6251
38189,265
38190,6180
38191,276
38192,6355
38193,302
38194,6267
38195,306
38196,6198
38197,303
38198,6178
38199,277
38200,6075
38201,281
38202,7263
38203,284
38204,6366
38205,280
38206,6232
38207,285
38208,6022
38209,314
38210,6151
38211,276
38212,9486
38213,284
38214,6295
38215,321
38216,6017
38217,278
38218,6184
38219,279
38220,6259
38221,280
38222,6084
38223,282
38224,6120
38225,282
38226,6263
38227,288
38228,6118
38229,280
38230,6059
38231,303
38232,6137
38233,317
38234,7443
38235,310
38236,6304
38237,281
38238,6131
38239,279
38240,6054
38241,340
38242,6160
38243,279
38244,6066
38245,279
38246,6140
38247,335
38248,6165
38249,276
38250,6123
38251,327
38252,6196
38253,283
38254,6090
38255,277
38256,6071
38257,264
38258,6124
38259,275
38260,6128
38261,314
38262,6172
38263,278
38264,6123
38265,276
38266,7337
38267,295
38268,6314
38269,280
38270,6269
38271,276
38272,6291
38273,310
38274,6385
38275,321
38276,6263
38277,295
38278,6194
38279,279
38280,6274
38281,313
38282,6097
38283,298
38284,6096
38285,284
38286,6163
38287,301
38288,6359
38289,315
38290,6166
38291,297
38292,6167
38293,274
38294,6137
38295,302
38296,6206
38297,284
38298,7350
38299,302
38300,6318
38301,281
38302,6070
38303,280
38304,6232
38305,281
38306,6280
38307,280
38308,6081
38309,277
38310,6312
38311,276
38312,6123
38313,319
38314,6165
38315,309
38316,6244
38317,288
38318,6183
38319,284
38320,6081
38321,277
38322,6126
38323,275
38324,6177
38325,282
38326,6256
38327,312
38328,6123
38329,277
38330,7481
38331,304
38332,6433
38333,311
38334,6204
38335,315
38336,6269
38337,313
38338,6160
38339,310
38340,9369
38341,320
38342,6220
38343,282
38344,6197
38345,281
38346,6219
38347,284
38348,6088
38349,284
38350,6252
38351,325
38352,6202
38353,316
38354,6072
38355,335
38356,6193
38357,303
38358,6221
38359,290
38360,6144
38361,304
38362,7438
38363,290
38364,6301
38365,286
38366,6308
38367,308
38368,6124
38369,283
38370,6233
38371,276
38372,6172
38373,278
38374,6191
38375,278
38376,6013
38377,279
38378,6205
38379,313
38380,6034
38381,267
38382,6256
38383,281
38384,6089
38385,293
38386,6164
38387,277
38388,6092
38389,314
38390,6215
38391,302
38392,6079
38393,332
38394,7343
38395,297
38396,6240
38397,281
38398,6072
38399,309
38400,6161
38401,320
38402,6711
38403,286
38404,6409
38405,324
38406,6270
38407,316
38408,6266
38409,282
38410,6257
38411,302
38412,6055
38413,288
38414,6066
38415,310
38416,6012
38417,318
38418,6073
38419,288
38420,6240
38421,297
38422,6090
38423,293
38424,6267
38425,287
38426,7317
38427,311
38428,6276
38429,308
38430,6139
38431,316
38432,6214
38433,280
38434,6119
38435,277
38436,6292
38437,279
38438,6176
38439,284
38440,6197
38441,283
38442,6088
38443,320
38444,6181
38445,298
38446,6184
38447,333
38448,6240
38449,301
38450,6183
38451,310
38452,6049
38453,290
38454,6084
38455,287
38456,6241
38457,320
38458,7386
38459,288
38460,6265
38461,299
38462,6053
38463,299
38464,6146
38465,313
38466,6074
38467,346
38468,9610
38469,321
38470,6373
38471,309
38472,6189
38473,282
38474,6207
38475,278
38476,6199
38477,277
38478,6194
38479,342
38480,6087
38481,279
38482,6238
38483,281
38484,5964
38485,312
38486,6239
38487,278
38488,6132
38489,289
38490,7440
38491,282
38492,6390
38493,309
38494,6162
38495,268
38496,6125
38497,277
38498,6186
38499,277
38500,6190
38501,275
38502,6235
38503,308
38504,6120
38505,315
38506,6237
38507,283
38508,6049
38509,282
38510,6095
38511,309
38512,6122
38513,278
38514,6115
38515,285
38516,6077
38517,311
38518,6116
38519,281
38520,6267
38521,279
38522,7401
38523,283
38524,6230
38525,276
38526,6196
38527,276
38528,6144
38529,276
38530,6320
38531,307
38532,6228
38533,279
38534,6304
38535,276
38536,6184
38537,303
38538,6116
38539,308
38540,6124
38541,279
38542,6227
38543,278
38544,6165
38545,278
38546,6137
38547,295
38548,6161
38549,333
38550,6132
38551,280
38552,6148
38553,310
38554,7444
38555,283
38556,6310
38557,309
38558,6239
38559,286
38560,6159
38561,277
38562,6143
38563,264
38564,6099
38565,276
38566,6110
38567,283
38568,6040
38569,275
38570,6178
38571,299
38572,6180
38573,304
38574,6281
38575,277
38576,6082
38577,281
38578,6245
38579,310
38580,6160
38581,285
38582,6137
38583,281
38584,6054
38585,317
38586,7363
38587,330
38588,6242
38589,299
38590,6058
38591,276
38592,6122
38593,295
38594,9532
38595,287
38596,6274
38597,296
38598,6345
38599,277
38600,6136
38601,327
38602,6108
38603,282
38604,6080
38605,298
38606,6091
38607,283
38608,6326
38609,282
38610,6138
38611,310
38612,6176
38613,286
38614,6287
38615,279
38616,6266
38617,309
38618,7526
38619,338
38620,6244
38621,284
38622,6189
38623,276
38624,6194
38625,295
38626,6047
38627,275
38628,6127
38629,275
38630,6036
38631,277
38632,6031
38633,279
38634,6122
38635,282
38636,6230
38637,301
38638,6215
38639,314
38640,6253
38641,313
38642,6131
38643,313
38644,6115
38645,284
38646,5980
38647,280
38648,6116
38649,277
38650,7261
38651,291
38652,6348
38653,309
38654,6241
38655,277
38656,6220
38657,297
38658,6180
38659,282
38660,6296
38661,277
38662,6167
38663,274
38664,6136
38665,267
38666,6227
38667,276
38668,6164
38669,306
38670,6247
38671,313
38672,6310
38673,316
38674,6230
38675,278
38676,6075
38677,324
38678,6142
38679,280
38680,6170
38681,281
38682,7271
38683,293
38684,6375
38685,280
38686,6171
38687,323
38688,6325
38689,307
38690,6243
38691,275
38692,6236
38693,345
38694,6282
38695,281
38696,6243
38697,297
38698,6192
38699,313
38700,6170
38701,313
38702,6245
38703,283
38704,6210
38705,280
38706,6191
38707,274
38708,6099
38709,280
38710,6165
38711,333
38712,6362
38713,282
38714,7372
38715,292
38716,6264
38717,275
38718,6130
38719,281
38720,6126
38721,292
38722,9400
38723,278
38724,6137
38725,279
38726,6230
38727,298
38728,6157
38729,365
38730,6281
38731,277
38732,6286
38733,308
38734,6259
38735,280
38736,6253
38737,296
38738,6358
38739,288
38740,6246
38741,282
38742,6456
38743,305
38744,6207
38745,310
38746,7295
38747,290
38748,6362
38749,287
38750,6118
38751,265
38752,6220
38753,310
38754,6156
38755,298
38756,6130
38757,300
38758,6120
38759,300
38760,6152
38761,296
38762,6058
38763,288
38764,6110
38765,281
38766,6089
38767,316
38768,6154
38769,284
38770,6306
38771,296
38772,6164
38773,285
38774,9798
38775,315
38776,6869
38777,289
38778,7403
38779,296
38780,6326
38781,319
38782,6189
38783,277
38784,6212
38785,289
38786,6158
38787,279
38788,6179
38789,283
38790,6147
38791,283
38792,6206
38793,299
38794,6200
38795,282
38796,6263
38797,302
38798,6206
38799,282
38800,37314
38801,804
38802,28933
38803,493
38804,9092
38805,293
38806,6540
38807,273
38808,6075
38809,262
38810,7493
38811,284
38812,6419
38813,285
38814,6161
38815,314
38816,6107
38817,285
38818,24461
38819,480
38820,11414
38821,313
38822,7121
38823,299
38824,6783
38825,276
38826,6479
38827,312
38828,6290
38829,277
38830,6351
38831,277
38832,6114
38833,331
38834,6327
38835,314
38836,6132
38837,265
38838,6340
38839,277
38840,6328
38841,285
38842,8649
38843,281
38844,6476
38845,310
38846,6225
38847,320
38848,6280
38849,280
38850,14255
38851,288
38852,6570
38853,279
38854,6086
38855,276
38856,6216
38857,272
38858,6171
38859,275
38860,6222
38861,277
38862,6244
38863,278
38864,6238
38865,311
38866,6387
38867,299
38868,6348
38869,280
38870,6286
38871,278
38872,6382
38873,276
38874,7494
38875,341
38876,6986
38877,285
38878,6358
38879,286
38880,6266
38881,306
38882,6203
38883,280
38884,6260
38885,279
38886,6371
38887,299
38888,6081
38889,276
38890,6170
38891,332
38892,6121
38893,351
38894,6196
38895,284
38896,6305
38897,276
38898,6453
38899,276
38900,6197
38901,261
38902,6145
38903,275
38904,6163
38905,283
38906,7471
38907,284
38908,6459
38909,295
38910,6241
38911,301
38912,6164
38913,383
38914,6953
38915,281
38916,6443
38917,277
38918,6371
38919,346
38920,6212
38921,316
38922,6051
38923,275
38924,6220
38925,278
38926,6271
38927,1052
38928,6239
38929,328
38930,6170
38931,275
38932,6277
38933,277
38934,6379
38935,281
38936,6255
38937,283
38938,7485
38939,285
38940,6474
38941,284
38942,6371
38943,275
38944,6184
38945,282
38946,6199
38947,320
38948,6280
38949,284
38950,6167
38951,286
38952,6106
38953,300
38954,6277
38955,284
38956,6177
38957,279
38958,6297
38959,283
38960,6087
38961,287
38962,6127
38963,293
38964,6220
38965,264
38966,6178
38967,320
38968,6330
38969,277
38970,7321
38971,288
38972,6365
38973,326
38974,6127
38975,274
38976,6255
38977,417
38978,9837
38979,319
38980,6464
38981,276
38982,6296
38983,262
38984,6202
38985,275
38986,6216
38987,278
38988,6318
38989,277
38990,6302
38991,299
38992,6274
38993,281
38994,6232
38995,275
38996,6200
38997,441
38998,7561
38999,286
39000,6473
39001,278
39002,7636
39003,278
39004,6423
39005,295
39006,6399
39007,281
39008,6165
39009,278
39010,6194
39011,272
39012,6328
39013,277
39014,6139
39015,298
39016,6230
39017,273
39018,6138
39019,275
39020,6110
39021,273
39022,6190
39023,278
39024,6200
39025,278
39026,6134
39027,278
39028,6128
39029,306
39030,6124
39031,283
39032,6158
39033,313
39034,7350
39035,331
39036,6318
39037,263
39038,6218
39039,275
39040,6256
39041,275
39042,6192
39043,305
39044,6268
39045,277
39046,6173
39047,276
39048,6166
39049,267
39050,6320
39051,275
39052,6233
39053,276
39054,6266
39055,282
39056,6364
39057,285
39058,6169
39059,335
39060,6125
39061,325
39062,6092
39063,330
39064,6202
39065,272
39066,7144
39067,312
39068,6412
39069,279
39070,6128
39071,280
39072,6260
39073,318
39074,6240
39075,280
39076,6465
39077,317
39078,6086
39079,328
39080,6169
39081,309
39082,6183
39083,274
39084,6327
39085,285
39086,6161
39087,277
39088,6135
39089,280
39090,6095
39091,279
39092,6139
39093,276
39094,6172
39095,281
39096,6221
39097,314
39098,7343
39099,297
39100,6352
39101,280
39102,6243
39103,297
39104,9857
39105,303
39106,6361
39107,289
39108,6243
39109,278
39110,6140
39111,279
39112,6229
39113,278
39114,6228
39115,280
39116,6165
39117,274
39118,6167
39119,288
39120,6089
39121,278
39122,6195
39123,337
39124,6079
39125,287
39126,6305
39127,278
39128,6252
39129,276
39130,7393
39131,297
39132,6297
39133,285
39134,6255
39135,308
39136,6258
39137,285
39138,6201
39139,278
39140,6143
39141,310
39142,6138
39143,297
39144,6079
39145,280
39146,6075
39147,288
39148,6112
39149,275
39150,6076
39151,298
39152,6242
39153,276
39154,6160
39155,283
39156,6091
39157,277
39158,6354
39159,285
39160,6140
39161,325
39162,7353
39163,338
39164,6435
39165,342
39166,6198
39167,277
39168,6097
39169,285
39170,6148
39171,296
39172,6053
39173,312
39174,6277
39175,310
39176,6279
39177,279
39178,6124
39179,279
39180,6172
39181,275
39182,6208
39183,315
39184,6279
39185,282
39186,6390
39187,297
39188,6203
39189,284
39190,6221
39191,276
39192,6078
39193,290
39194,7289
39195,316
39196,6364
39197,299
39198,6192
39199,277
39200,6111
39201,296
39202,6192
39203,305
39204,6202
39205,266
39206,6119
39207,288
39208,6153
39209,323
39210,6345
39211,283
39212,6169
39213,286
39214,6222
39215,287
39216,6181
39217,282
39218,6137
39219,300
39220,6075
39221,342
39222,6090
39223,289
39224,6300
39225,313
39226,7412
39227,317
39228,6395
39229,291
39230,6169
39231,318
39232,9658
39233,288
39234,6526
39235,331
39236,6262
39237,313
39238,6204
39239,280
39240,6073
39241,282
39242,6192
39243,296
39244,6197
39245,299
39246,6151
39247,278
39248,6156
39249,277
39250,6181
39251,275
39252,6247
39253,279
39254,6168
39255,280
39256,6237
39257,319
39258,7460
39259,281
39260,6331
39261,310
39262,6178
39263,281
39264,6229
39265,263
39266,6073
39267,280
39268,6097
39269,311
39270,6117
39271,321
39272,6237
39273,288
39274,6073
39275,312
39276,6018
39277,303
39278,6152
39279,295
39280,6321
39281,274
39282,6373
39283,277
39284,6132
39285,298
39286,6285
39287,281
39288,6046
39289,319
39290,7232
39291,298
39292,6270
39293,272
39294,6147
39295,305
39296,6175
39297,279
39298,6117
39299,279
39300,6158
39301,298
39302,6106
39303,267
39304,5965
39305,272
39306,6238
39307,298
39308,6085
39309,277
39310,6301
39311,301
39312,6426
39313,318
39314,6351
39315,291
39316,6193
39317,285
39318,6259
39319,278
39320,6196
39321,292
39322,7275
39323,292
39324,6291
39325,281
39326,6149
39327,312
39328,6273
39329,279
39330,6200
39331,283
39332,6240
39333,276
39334,6152
39335,291
39336,6137
39337,310
39338,6171
39339,286
39340,6325
39341,277
39342,6061
39343,336
39344,6333
39345,310
39346,6222
39347,314
39348,6090
39349,279
39350,6296
39351,313
39352,6070
39353,278
39354,7091
39355,283
39356,6251
39357,281
39358,6319
39359,277
39360,9401
39361,296
39362,6232
39363,284
39364,6199
39365,278
39366,6318
39367,345
39368,6190
39369,288
39370,6213
39371,336
39372,6180
39373,279
39374,6077
39375,280
39376,6126
39377,321
39378,6133
39379,291
39380,6239
39381,292
39382,6083
39383,312
39384,6126
39385,283
39386,7390
39387,289
39388,6195
39389,293
39390,6079
39391,311
39392,6067
39393,268
39394,6355
39395,283
39396,6210
39397,308
39398,6294
39399,324
39400,6195
39401,304
39402,6167
39403,284
39404,6300
39405,277
39406,6228
39407,275
39408,6297
39409,274
39410,6274
39411,286
39412,6163
39413,284
39414,6106
39415,283
39416,6358
39417,274
39418,7179
39419,316
39420,6419
39421,280
39422,6200
39423,276
39424,6196
39425,366
39426,6796
39427,317
39428,6282
39429,330
39430,6212
39431,287
39432,6107
39433,304
39434,6260
39435,281
39436,6153
39437,304
39438,6235
39439,286
39440,6259
39441,294
39442,6150
39443,276
39444,6109
39445,266
39446,6223
39447,277
39448,6296
39449,278
39450,7405
39451,294
39452,6318
39453,284
39454,6089
39455,275
39456,6167
39457,278
39458,6286
39459,280
39460,6067
39461,278
39462,6072
39463,295
39464,6140
39465,311
39466,6201
39467,302
39468,6293
39469,300
39470,6290
39471,274
39472,6237
39473,263
39474,6129
39475,278
39476,6185
39477,301
39478,6198
39479,282
39480,6140
39481,316
39482,7298
39483,288
39484,6289
39485,396
39486,6146
39487,383
39488,9349
39489,309
39490,6392
39491,298
39492,6262
39493,279
39494,6130
39495,275
39496,6173
39497,282
39498,6205
39499,301
39500,6171
39501,321
39502,6152
39503,282
39504,6003
39505,296
39506,6110
39507,278
39508,6230
39509,311
39510,6291
39511,283
39512,6038
39513,284
39514,7182
39515,319
39516,6120
39517,308
39518,6220
39519,278
39520,6016
39521,292
39522,6197
39523,301
39524,6188
39525,285
39526,6214
39527,282
39528,6201
39529,312
39530,6175
39531,279
39532,6300
39533,309
39534,6246
39535,281
39536,38928
39537,354
39538,7934
39539,291
39540,6448
39541,286
39542,6320
39543,298
39544,6111
39545,302
39546,7867
39547,291
39548,6263
39549,301
39550,6242
39551,300
39552,173247
39553,1064
39554,20798
39555,474
39556,9446
39557,389
39558,7154
39559,302
39560,6620
39561,286
39562,6407
39563,272
39564,6138
39565,318
39566,6048
39567,270
39568,6146
39569,260
39570,6125
39571,260
39572,6041
39573,290
39574,5970
39575,262
39576,6026
39577,272
39578,9128
39579,334
39580,6559
39581,284
39582,6171
39583,280
39584,6258
39585,280
39586,6101
39587,272
39588,6237
39589,278
39590,6141
39591,276
39592,6126
39593,290
39594,6281
39595,272
39596,6028
39597,282
39598,6229
39599,280
39600,6062
39601,271
39602,6270
39603,282
39604,6077
39605,281
39606,6197
39607,283
39608,6132
39609,275
39610,7679
39611,287
39612,15139
39613,281
39614,16650
39615,313
39616,6080
39617,253
39618,5808
39619,251
39620,6136
39621,264
39622,5738
39623,269
39624,5686
39625,271
39626,6033
39627,256
39628,5841
39629,249
39630,5610
39631,249
39632,5621
39633,253
39634,5655
39635,250
39636,5614
39637,299
39638,5719
39639,253
39640,5648
39641,260
39642,6777
39643,290
39644,5808
39645,297
39646,5555
39647,250
39648,5601
39649,253
39650,5642
39651,263
39652,5540
39653,260
39654,5705
39655,249
39656,5554
39657,248
39658,5638
39659,273
39660,5575
39661,296
39662,5696
39663,265
39664,5546
39665,284
39666,5737
39667,258
39668,5646
39669,268
39670,5659
39671,259
39672,5595
39673,280
39674,6842
39675,272
39676,5873
39677,267
39678,5602
39679,291
39680,5697
39681,258
39682,5636
39683,268
39684,5634
39685,256
39686,5601
39687,257
39688,5528
39689,317
39690,5616
39691,261
39692,5628
39693,298
39694,5634
39695,292
39696,5992
39697,258
39698,5810
39699,276
39700,5619
39701,284
39702,5705
39703,291
39704,5678
39705,285
39706,6628
39707,305
39708,5860
39709,266
39710,5577
39711,261
39712,5644
39713,259
39714,5613
39715,266
39716,5512
39717,260
39718,5570
39719,270
39720,5702
39721,281
39722,5702
39723,252
39724,5612
39725,269
39726,5641
39727,255
39728,5611
39729,256
39730,5765
39731,265
39732,5670
39733,273
39734,5598
39735,263
39736,5711
39737,265
39738,6718
39739,275
39740,5767
39741,263
39742,5620
39743,257
39744,5575
39745,275
39746,5590
39747,255
39748,5681
39749,260
39750,5575
39751,254
39752,5677
39753,276
39754,5686
39755,284
39756,5675
39757,271
39758,5654
39759,257
39760,9431
39761,275
39762,5894
39763,263
39764,5807
39765,280
39766,5774
39767,266
39768,5650
39769,258
39770,6753
39771,262
39772,5918
39773,260
39774,5585
39775,273
39776,5716
39777,270
39778,5628
39779,272
39780,5743
39781,288
39782,5669
39783,258
39784,5719
39785,264
39786,5594
39787,264
39788,5609
39789,268
39790,5683
39791,249
39792,5593
39793,254
39794,5619
39795,259
39796,5688
39797,251
39798,5717
39799,245
39800,5614
39801,257
39802,6721
39803,275
39804,5951
39805,263
39806,5724
39807,300
39808,5866
39809,293
39810,5800
39811,268
39812,5671
39813,280
39814,5715
39815,264
39816,5693
39817,255
39818,5735
39819,284
39820,5518
39821,267
39822,5708
39823,287
39824,5592
39825,264
39826,5685
39827,268
39828,5684
39829,267
39830,5717
39831,256
39832,5893
39833,256
39834,6876
39835,273
39836,5895
39837,274
39838,5665
39839,269
39840,5738
39841,312
39842,5709
39843,289
39844,5704
39845,291
39846,5627
39847,255
39848,5685
39849,294
39850,5721
39851,283
39852,5688
39853,258
39854,5597
39855,268
39856,5712
39857,270
39858,5600
39859,252
39860,5685
39861,295
39862,5727
39863,266
39864,5685
39865,261
39866,6663
39867,276
39868,5917
39869,284
39870,5838
39871,255
39872,5711
39873,294
39874,5723
39875,250
39876,5704
39877,260
39878,5666
39879,274
39880,5580
39881,277
39882,5634
39883,264
39884,5639
39885,266
39886,5660
39887,262
39888,5680
39889,274
39890,5707
39891,266
39892,5610
39893,280
39894,5748
39895,273
39896,5704
39897,263
39898,6657
39899,3206
39900,6507
39901,287
39902,6031
39903,277
39904,5735
39905,284
39906,5709
39907,260
39908,5689
39909,283
39910,5729
39911,274
39912,5698
39913,285
39914,5693
39915,281
39916,5680
39917,299
39918,5760
39919,299
39920,5667
39921,277
39922,5761
39923,277
39924,5783
39925,286
39926,5678
39927,317
39928,5640
39929,273
39930,6940
39931,267
39932,5922
39933,295
39934,5726
39935,257
39936,5597
39937,365
39938,6432
39939,275
39940,5819
39941,271
39942,5716
39943,271
39944,5726
39945,267
39946,5684
39947,275
39948,5795
39949,283
39950,5727
39951,277
39952,5601
39953,285
39954,5690
39955,274
39956,5754
39957,279
39958,5646
39959,279
39960,5691
39961,269
39962,6825
39963,309
39964,5850
39965,271
39966,5774
39967,253
39968,23578
39969,327
39970,7415
39971,291
39972,6440
39973,287
39974,6339
39975,288
39976,14835
39977,277
39978,5942
39979,266
39980,5747
39981,254
39982,5590
39983,266
39984,5630
39985,290
39986,5712
39987,289
39988,5608
39989,294
39990,5763
39991,267
39992,5602
39993,259
39994,6877
39995,264
39996,5881
39997,261
39998,5730
39999,265
40000,5690
40001,272
40002,5628
40003,260
40004,5748
40005,276
40006,5741
40007,274
40008,5687
40009,276
40010,5706
40011,273
40012,5624
40013,290
40014,5670
40015,291
40016,5816
40017,278
40018,5675
40019,275
40020,5741
40021,287
40022,5713
40023,272
40024,5667
40025,282
40026,6732
40027,280
40028,6068
40029,3992
40030,57538
40031,1426
40032,41730
40033,461
40034,9322
40035,297
40036,6880
40037,280
40038,6256
40039,279
40040,31584
40041,589
40042,17138
40043,381
40044,8658
40045,320
40046,6776
40047,280
40048,6006
40049,249
40050,5947
40051,303
40052,5905
40053,285
40054,6028
40055,264
40056,5892
40057,265
40058,8488
40059,271
40060,6302
40061,268
40062,5805
40063,266
40064,5947
40065,269
40066,5689
40067,270
40068,5740
40069,276
40070,5703
40071,264
40072,5708
40073,256
40074,5780
40075,273
40076,5811
40077,271
40078,5802
40079,251
40080,5856
40081,254
40082,5750
40083,266
40084,5633
40085,323
40086,5695
40087,265
40088,5652
40089,264
40090,6995
40091,290
40092,5851
40093,266
40094,5777
40095,257
40096,5815
40097,261
40098,5629
40099,263
40100,5669
40101,284
40102,5629
40103,250
40104,5848
40105,257
40106,5794
40107,277
40108,5644
40109,264
40110,5713
40111,302
40112,5739
40113,265
40114,5671
40115,257
40116,5661
40117,274
40118,5727
40119,296
40120,5635
40121,255
40122,6771
40123,262
40124,5948
40125,268
40126,5691
40127,269
40128,5699
40129,258
40130,5784
40131,282
40132,5780
40133,260
40134,5706
40135,282
40136,5690
40137,260
40138,5750
40139,271
40140,6376
40141,275
40142,6053
40143,278
40144,7359
40145,475
40146,12282
40147,517
40148,11886
40149,487
40150,71556
40151,1329
40152,26622
40153,698
40154,44230
40155,679
40156,14003
40157,357
40158,7008
40159,276
40160,6450
40161,10778
40162,7280
40163,276
40164,6438
40165,275
40166,6335
40167,277
40168,6219
40169,278
40170,6134
40171,275
40172,6024
40173,279
40174,6060
40175,275
40176,6244
40177,264
40178,6003
40179,284
40180,6028
40181,280
40182,6115
40183,277
40184,5949
40185,258
40186,8963
40187,299
40188,6538
40189,317
40190,6211
40191,285
40192,6074
40193,302
40194,6115
40195,277
40196,6038
40197,295
40198,6067
40199,284
40200,6152
40201,330
40202,6084
40203,277
40204,6074
40205,298
40206,6141
40207,279
40208,6062
40209,283
40210,6142
40211,278
40212,6044
40213,276
40214,6190
40215,276
40216,6312
40217,281
40218,7258
40219,297
40220,6105
40221,295
40222,6013
40223,310
40224,6098
40225,323
40226,5945
40227,280
40228,6040
40229,277
40230,6125
40231,270
40232,6140
40233,303
40234,5980
40235,279
40236,6018
40237,261
40238,6006
40239,273
40240,6147
40241,298
40242,6034
40243,273
40244,5962
40245,282
40246,6063
40247,274
40248,6072
40249,275
40250,7674
40251,301
40252,6120
40253,326
40254,6177
40255,280
40256,6044
40257,273
40258,6254
40259,263
40260,6021
40261,273
40262,5971
40263,271
40264,5928
40265,321
40266,5965
40267,264
40268,6132
40269,310
40270,6165
40271,305
40272,6099
40273,283
40274,6039
40275,321
40276,6077
40277,280
40278,6043
40279,288
40280,6091
40281,279
40282,7218
40283,314
40284,6172
40285,283
40286,6050
40287,281
40288,6523
40289,4435
40290,6780
40291,284
40292,6170
40293,300
40294,6200
40295,304
40296,5959
40297,275
40298,6190
40299,260
40300,6188
40301,272
40302,7189
40303,295
40304,6217
40305,273
40306,6432
40307,272
40308,6143
40309,273
40310,6207
40311,274
40312,6421
40313,274
40314,7208
40315,285
40316,6090
40317,334
40318,6005
40319,307
40320,6112
40321,277
40322,6120
40323,275
40324,6087
40325,304
40326,6133
40327,277
40328,6353
40329,309
40330,6196
40331,296
40332,6228
40333,272
40334,6264
40335,272
40336,6037
40337,308
40338,6118
40339,269
40340,6075
40341,277
40342,6180
40343,279
40344,6044
40345,279
40346,8632
40347,297
40348,6333
40349,296
40350,7602
40351,319
40352,6367
40353,273
40354,6351
40355,272
40356,6367
40357,314
40358,6523
40359,273
40360,6254
40361,280
40362,6266
40363,323
40364,6786
40365,281
40366,6413
40367,274
40368,6382
40369,306
40370,6332
40371,304
40372,6808
40373,271
40374,6374
40375,275
40376,6207
40377,280
40378,16993
40379,366
40380,11840
40381,370
40382,7448
40383,285
40384,6295
40385,278
40386,6343
40387,277
40388,6085
40389,271
40390,6036
40391,357
40392,7234
40393,276
40394,6305
40395,263
40396,6188
40397,282
40398,6419
40399,276
40400,6755
40401,279
40402,6416
40403,275
40404,6109
40405,275
40406,6248
40407,260
40408,6194
40409,271
40410,8097
40411,287
40412,6486
40413,299
40414,6383
40415,287
40416,6114
40417,7762
40418,7569
40419,292
40420,6371
40421,293
40422,6379
40423,310
40424,32712
40425,3260
40426,32517
40427,688
40428,38981
40429,434
40430,10978
40431,368
40432,6726
40433,299
40434,72216
40435,2033
40436,63089
40437,747
40438,13467
40439,361
40440,7680
40441,317
40442,11147
40443,394
40444,6986
40445,290
40446,6421
40447,405
40448,6554
40449,498
40450,50001
40451,961
40452,13163
40453,328
40454,7541
40455,310
40456,6967
40457,370
40458,7887
40459,314
40460,6664
40461,439
40462,6223
40463,296
40464,6985
40465,293
40466,6246
40467,286
40468,6448
40469,410
40470,6792
40471,334
40472,7086
40473,312
40474,8641
40475,349
40476,6919
40477,281
40478,6781
40479,280
40480,10962
40481,499
40482,13742
40483,544
40484,30720
40485,908
40486,96725
40487,664
40488,15793
40489,528
40490,13241
40491,510
40492,12536
40493,476
40494,11612
40495,439
40496,11766
40497,510
40498,816144
40499,2169
40500,21951
40501,575
40502,13081
40503,510
40504,12240
40505,537
40506,17122
40507,628
40508,41160
40509,1077
40510,26642
40511,597
40512,15359
40513,638
40514,13633
40515,598
40516,11864
40517,481
40518,11400
40519,484
40520,12084
40521,516
40522,11511
40523,560
40524,11481
40525,516
40526,12206
40527,485
40528,12205
40529,568
40530,12317
40531,538
40532,12212
40533,544
40534,11766
40535,522
40536,11279
40537,522
40538,15966
40539,541
40540,12360
40541,534
40542,12416
40543,582
40544,12465
40545,13812
40546,14090
40547,566
40548,12843
40549,635
40550,11556
40551,490
40552,11449
40553,490
40554,11740
40555,519
40556,11114
40557,477
40558,11151
40559,443
40560,11724
40561,460
40562,11803
40563,508
40564,11848
40565,519
40566,12692
40567,561
40568,13078
40569,554
40570,15552
40571,528
40572,12695
40573,631
40574,12042
40575,625
40576,11692
40577,491
40578,12242
40579,557
40580,12394
40581,558
40582,11757
40583,485
40584,12748
40585,537
40586,13283
40587,593
40588,13558
40589,542
40590,12426
40591,453
40592,12098
40593,552
40594,12328
40595,496
40596,11961
40597,499
40598,12202
40599,4169
40600,34527
40601,674
40602,21162
40603,616
40604,14686
40605,653
40606,13669
40607,560
40608,13451
40609,559
40610,13205
40611,532
40612,12647
40613,548
40614,11898
40615,560
40616,11957
40617,487
40618,12091
40619,533
40620,11758
40621,515
40622,12252
40623,498
40624,12442
40625,613
40626,12085
40627,588
40628,12768
40629,548
40630,13347
40631,562
40632,13587
40633,560
40634,16579
40635,561
40636,13441
40637,532
40638,11618
40639,491
40640,11769
40641,485
40642,10908
40643,520
40644,10950
40645,501
40646,10870
40647,438
40648,10617
40649,485
40650,11484
40651,539
40652,11999
40653,504
40654,11516
40655,498
40656,12240
40657,482
40658,22290
40659,555
40660,11970
40661,488
40662,11774
40663,507
40664,11193
40665,505
40666,14436
40667,527
40668,12640
40669,526
40670,12274
40671,12514
40672,15177
40673,516
40674,12938
40675,501
40676,12741
40677,528
40678,12352
40679,500
40680,11087
40681,488
40682,10490
40683,460
40684,10634
40685,465
40686,11632
40687,519
40688,11466
40689,523
40690,11861
40691,487
40692,11804
40693,536
40694,11757
40695,559
40696,12103
40697,514
40698,13843
40699,544
40700,12618
40701,528
40702,12408
40703,522
40704,12307
40705,555
40706,11747
40707,483
40708,11568
40709,483
40710,12446
40711,492
40712,11384
40713,501
40714,11463
40715,486
40716,11532
40717,581
40718,11660
40719,500
40720,12422
40721,591
40722,12416
40723,516
40724,12093
40725,536
40726,12742
40727,547
40728,12550
40729,560
40730,15820
40731,570
40732,12301
40733,517
40734,11952
40735,501
40736,11711
40737,559
40738,11203
40739,474
40740,12638
40741,485
40742,35353
40743,1919
40744,25940
40745,625
40746,19183
40747,509
40748,23679
40749,659
40750,16019
40751,468
40752,16223
40753,438
40754,13531
40755,586
40756,12556
40757,485
40758,13036
40759,635
40760,13030
40761,585
40762,185196
40763,772
40764,15426
40765,311
40766,7200
40767,318
40768,6267
40769,316
40770,6845
40771,282
40772,6203
40773,278
40774,6139
40775,276
40776,6136
40777,293
40778,6230
40779,269
40780,6137
40781,278
40782,6197
40783,271
40784,6140
40785,263
40786,6130
40787,310
40788,6150
40789,278
40790,58573
40791,2470
40792,26109
40793,577
40794,10596
40795,358
40796,7722
40797,280
40798,6751
40799,12341
40800,7910
40801,286
40802,36630
40803,585
40804,15438
40805,298
40806,75058
40807,429
40808,30052
40809,467
40810,37886
40811,432
40812,9197
40813,283
40814,6738
40815,307
40816,6347
40817,281
40818,6271
40819,280
40820,6307
40821,277
40822,6254
40823,280
40824,8688
40825,292
40826,6654
40827,286
40828,6222
40829,290
40830,6463
40831,277
40832,6190
40833,263
40834,6285
40835,274
40836,6172
40837,285
40838,6240
40839,276
40840,6201
40841,287
40842,6167
40843,282
40844,6160
40845,282
40846,6241
40847,339
40848,6244
40849,272
40850,6313
40851,279
40852,6212
40853,262
40854,6152
40855,302
40856,7444
40857,282
40858,6509
40859,284
40860,6269
40861,282
40862,6206
40863,278
40864,6260
40865,276
40866,6202
40867,275
40868,6146
40869,259
40870,6159
40871,283
40872,6207
40873,275
40874,6437
40875,303
40876,6279
40877,292
40878,6119
40879,271
40880,6183
40881,320
40882,6140
40883,289
40884,6249
40885,302
40886,6250
40887,295
40888,7603
40889,319
40890,6331
40891,280
40892,6298
40893,280
40894,6201
40895,261
40896,6295
40897,311
40898,6344
40899,314
40900,6180
40901,275
40902,6209
40903,269
40904,6129
40905,276
40906,6203
40907,366
40908,6306
40909,360
40910,6317
40911,316
40912,6352
40913,282
40914,6240
40915,283
40916,6202
40917,297
40918,6234
40919,262
40920,7622
40921,282
40922,6477
40923,325
40924,6172
40925,272
40926,10307
40927,9142
40928,7954
40929,285
40930,6528
40931,310
40932,6427
40933,281
40934,6336
40935,281
40936,6187
40937,279
40938,6436
40939,296
40940,6239
40941,300
40942,6270
40943,276
40944,6214
40945,282
40946,6247
40947,281
40948,6314
40949,307
40950,6284
40951,297
40952,7628
40953,301
40954,6468
40955,282
40956,6280
40957,281
40958,6189
40959,308
40960,6144
40961,352
40962,6878
40963,282
40964,6221
40965,278
40966,6163
40967,272
40968,6289
40969,260
40970,6203
40971,282
40972,6330
40973,302
40974,6241
40975,303
40976,6151
40977,271
40978,6198
40979,261
40980,6253
40981,290
40982,6408
40983,284
40984,7685
40985,302
40986,6475
40987,278
40988,6236
40989,276
40990,6208
40991,269
40992,6214
40993,275
40994,6259
40995,310
40996,6382
40997,304
40998,6263
40999,274
41000,6123
41001,278
41002,6282
41003,277
41004,6126
41005,278
41006,6350
41007,306
41008,6324
41009,273
41010,6350
41011,303
41012,6271
41013,281
41014,6222
41015,281
41016,7476
41017,280
41018,6355
41019,281
41020,6278
41021,315
41022,6176
41023,286
41024,6070
41025,276
41026,6179
41027,391
41028,6060
41029,270
41030,6050
41031,262
41032,5987
41033,281
41034,6131
41035,267
41036,6345
41037,262
41038,6148
41039,331
41040,6004
41041,295
41042,6131
41043,308
41044,6258
41045,322
41046,6316
41047,299
41048,7561
41049,309
41050,6574
41051,278
41052,6150
41053,281
41054,6356
41055,4437
41056,7043
41057,303
41058,6407
41059,264
41060,6183
41061,298
41062,6017
41063,277
41064,6104
41065,256
41066,6366
41067,286
41068,6136
41069,277
41070,6081
41071,274
41072,6209
41073,266
41074,6175
41075,279
41076,6021
41077,274
41078,6234
41079,317
41080,7421
41081,310
41082,6590
41083,279
41084,6231
41085,264
41086,6112
41087,312
41088,6141
41089,279
41090,6035
41091,273
41092,6065
41093,285
41094,6257
41095,260
41096,6187
41097,269
41098,6463
41099,280
41100,6214
41101,265
41102,6130
41103,277
41104,6121
41105,281
41106,6167
41107,261
41108,6295
41109,278
41110,6137
41111,284
41112,7407
41113,285
41114,6324
41115,307
41116,6190
41117,322
41118,6132
41119,273
41120,6139
41121,260
41122,6102
41123,279
41124,6086
41125,268
41126,6191
41127,282
41128,6325
41129,310
41130,6218
41131,326
41132,6134
41133,275
41134,6168
41135,310
41136,6084
41137,308
41138,6221
41139,264
41140,6163
41141,282
41142,6187
41143,281
41144,7234
41145,308
41146,6529
41147,277
41148,6280
41149,284
41150,6191
41151,274
41152,6174
41153,325
41154,6126
41155,269
41156,6123
41157,271
41158,6117
41159,302
41160,6122
41161,279
41162,6166
41163,278
41164,6137
41165,281
41166,6310
41167,278
41168,6083
41169,278
41170,6105
41171,302
41172,6190
41173,302
41174,6224
41175,281
41176,7317
41177,299
41178,6415
41179,307
41180,6180
41181,308
41182,9932
41183,311
41184,6528
41185,260
41186,6434
41187,275
41188,6169
41189,275
41190,6039
41191,275
41192,6144
41193,264
41194,6110
41195,275
41196,6151
41197,275
41198,6008
41199,271
41200,6113
41201,270
41202,6164
41203,269
41204,5985
41205,262
41206,6136
41207,268
41208,7330
41209,276
41210,6378
41211,295
41212,6148
41213,276
41214,6114
41215,272
41216,6124
41217,269
41218,6113
41219,275
41220,6204
41221,260
41222,6089
41223,262
41224,6131
41225,277
41226,6108
41227,275
41228,6144
41229,264
41230,6088
41231,264
41232,6047
41233,262
41234,6172
41235,270
41236,6123
41237,267
41238,6267
41239,258
41240,7268
41241,309
41242,6349
41243,310
41244,6050
41245,262
41246,6155
41247,270
41248,6161
41249,299
41250,6113
41251,279
41252,6050
41253,309
41254,6094
41255,279
41256,6143
41257,297
41258,6151
41259,311
41260,6086
41261,277
41262,6151
41263,282
41264,6141
41265,341
41266,6040
41267,260
41268,6140
41269,258
41270,6046
41271,269
41272,7352
41273,308
41274,6287
41275,279
41276,6119
41277,279
41278,6047
41279,275
41280,6154
41281,280
41282,6191
41283,267
41284,6106
41285,272
41286,6160
41287,259
41288,6066
41289,309
41290,6335
41291,290
41292,6170
41293,271
41294,6134
41295,291
41296,6125
41297,268
41298,6060
41299,266
41300,6080
41301,257
41302,6116
41303,268
41304,7279
41305,262
41306,6202
41307,276
41308,6106
41309,281
41310,9828
41311,305
41312,6291
41313,280
41314,6142
41315,281
41316,6291
41317,332
41318,6168
41319,258
41320,6086
41321,302
41322,6111
41323,292
41324,6083
41325,269
41326,6132
41327,269
41328,6061
41329,273
41330,6126
41331,307
41332,6209
41333,292
41334,6087
41335,269
41336,7369
41337,281
41338,6413
41339,298
41340,6093
41341,279
41342,6208
41343,264
41344,6103
41345,313
41346,6076
41347,275
41348,6166
41349,296
41350,6168
41351,300
41352,6165
41353,309
41354,6120
41355,279
41356,6161
41357,268
41358,5967
41359,307
41360,6269
41361,267
41362,6035
41363,267
41364,6128
41365,271
41366,6087
41367,303
41368,7311
41369,278
41370,6550
41371,268
41372,6273
41373,279
41374,6196
41375,272
41376,6136
41377,272
41378,6201
41379,273
41380,6122
41381,317
41382,6208
41383,273
41384,6100
41385,265
41386,6134
41387,276
41388,6182
41389,275
41390,6215
41391,275
41392,6176
41393,262
41394,6196
41395,281
41396,6099
41397,277
41398,6151
41399,274
41400,7313
41401,280
41402,6469
41403,280
41404,6172
41405,265
41406,6074
41407,299
41408,6192
41409,274
41410,6158
41411,274
41412,6101
41413,268
41414,6113
41415,260
41416,6156
41417,260
41418,6156
41419,307
41420,6185
41421,280
41422,6072
41423,268
41424,6085
41425,258
41426,6201
41427,271
41428,6066
41429,303
41430,6149
41431,257
41432,7258
41433,281
41434,6442
41435,278
41436,6237
41437,322
41438,10036
41439,305
41440,6162
41441,275
41442,6097
41443,263
41444,6186
41445,274
41446,6169
41447,275
41448,6202
41449,287
41450,6128
41451,271
41452,6287
41453,322
41454,6080
41455,278
41456,6099
41457,264
41458,6106
41459,269
41460,6118
41461,267
41462,6122
41463,280
41464,7504
41465,280
41466,6395
41467,282
41468,6143
41469,258
41470,6083
41471,267
41472,6073
41473,488
41474,6756
41475,315
41476,6453
41477,282
41478,6075
41479,259
41480,6215
41481,285
41482,5981
41483,263
41484,6172
41485,261
41486,6135
41487,265
41488,6064
41489,297
41490,6180
41491,259
41492,6116
41493,257
41494,6031
41495,267
41496,7338
41497,275
41498,6294
41499,280
41500,6130
41501,255
41502,6262
41503,276
41504,6148
41505,267
41506,6147
41507,265
41508,6188
41509,299
41510,6014
41511,290
41512,6051
41513,259
41514,6129
41515,269
41516,6126
41517,257
41518,6146
41519,266
41520,6083
41521,267
41522,6183
41523,257
41524,6224
41525,270
41526,6077
41527,275
41528,7357
41529,283
41530,6397
41531,279
41532,6101
41533,275
41534,6216
41535,268
41536,6173
41537,257
41538,6083
41539,271
41540,6118
41541,286
41542,6212
41543,274
41544,6091
41545,305
41546,6142
41547,277
41548,6151
41549,264
41550,6188
41551,270
41552,6112
41553,266
41554,6157
41555,264
41556,6200
41557,275
41558,6046
41559,258
41560,7412
41561,277
41562,6416
41563,281
41564,6305
41565,279
41566,6220
41567,3534
41568,6759
41569,313
41570,6512
41571,286
41572,6156
41573,308
41574,6255
41575,279
41576,6128
41577,284
41578,6087
41579,280
41580,6214
41581,284
41582,6279
41583,283
41584,6194
41585,282
41586,6119
41587,284
41588,6162
41589,277
41590,6124
41591,307
41592,7550
41593,304
41594,6440
41595,287
41596,6238
41597,286
41598,6173
41599,272
41600,6265
41601,307
41602,6299
41603,266
41604,6217
41605,290
41606,6227
41607,302
41608,6147
41609,271
41610,6200
41611,270
41612,6311
41613,278
41614,6202
41615,305
41616,6251
41617,299
41618,6195
41619,318
41620,6244
41621,262
41622,6221
41623,289
41624,7326
41625,287
41626,6400
41627,287
41628,6241
41629,283
41630,6193
41631,282
41632,6097
41633,261
41634,6094
41635,269
41636,6327
41637,272
41638,6169
41639,275
41640,6357
41641,279
41642,6169
41643,296
41644,6270
41645,276
41646,6158
41647,277
41648,6173
41649,273
41650,9158
41651,305
41652,6705
41653,291
41654,6509
41655,275
41656,7797
41657,289
41658,6584
41659,277
41660,6209
41661,295
41662,6215
41663,277
41664,6132
41665,277
41666,6052
41667,298
41668,6239
41669,275
41670,6199
41671,322
41672,6107
41673,266
41674,6230
41675,276
41676,6103
41677,291
41678,6155
41679,279
41680,6176
41681,276
41682,6181
41683,276
41684,6196
41685,260
41686,6257
41687,277
41688,7399
41689,294
41690,6386
41691,283
41692,6123
41693,3680
41694,6871
41695,304
41696,6420
41697,284
41698,6157
41699,282
41700,6150
41701,279
41702,6113
41703,277
41704,6108
41705,287
41706,6310
41707,278
41708,6110
41709,282
41710,6196
41711,305
41712,6157
41713,267
41714,6059
41715,271
41716,6100
41717,277
41718,6050
41719,279
41720,7320
41721,316
41722,6342
41723,281
41724,6206
41725,283
41726,6100
41727,271
41728,6164
41729,276
41730,6083
41731,293
41732,6155
41733,278
41734,6123
41735,280
41736,6094
41737,264
41738,6037
41739,308
41740,6188
41741,275
41742,6125
41743,278
41744,6108
41745,262
41746,6218
41747,276
41748,6156
41749,275
41750,6115
41751,309
41752,7430
41753,294
41754,6403
41755,317
41756,6091
41757,272
41758,6150
41759,275
41760,6149
41761,277
41762,6145
41763,276
41764,6074
41765,280
41766,6113
41767,275
41768,6168
41769,280
41770,6014
41771,294
41772,6223
41773,304
41774,6130
41775,280
41776,6181
41777,277
41778,6210
41779,264
41780,6085
41781,272
41782,6149
41783,277
41784,7241
41785,283
41786,6224
41787,266
41788,6232
41789,280
41790,6202
41791,281
41792,6154
41793,262
41794,6151
41795,277
41796,6152
41797,269
41798,6191
41799,283
41800,6286
41801,280
41802,6234
41803,321
41804,6124
41805,274
41806,6197
41807,277
41808,6152
41809,300
41810,6240
41811,275
41812,6244
41813,278
41814,6145
41815,281
41816,7285
41817,326
41818,6477
41819,287
41820,6126
41821,3463
41822,6715
41823,284
41824,6379
41825,282
41826,6155
41827,282
41828,6180
41829,283
41830,6199
41831,297
41832,6201
41833,274
41834,6239
41835,277
41836,6098
41837,277
41838,6094
41839,305
41840,6195
41841,272
41842,6224
41843,288
41844,6273
41845,283
41846,6120
41847,288
41848,7316
41849,287
41850,6427
41851,285
41852,6058
41853,335
41854,6181
41855,295
41856,6176
41857,278
41858,6049
41859,278
41860,6080
41861,273
41862,6005
41863,301
41864,6184
41865,272
41866,6206
41867,277
41868,6042
41869,281
41870,6088
41871,271
41872,6125
41873,274
41874,6046
41875,276
41876,6117
41877,273
41878,6083
41879,274
41880,7160
41881,278
41882,6250
41883,275
41884,6086
41885,263
41886,6169
41887,264
41888,6114
41889,277
41890,6163
41891,270
41892,6217
41893,293
41894,6085
41895,283
41896,6116
41897,279
41898,6150
41899,277
41900,6110
41901,262
41902,6120
41903,273
41904,5951
41905,274
41906,5974
41907,277
41908,6141
41909,262
41910,6010
41911,303
41912,7197
41913,274
41914,6403
41915,281
41916,6087
41917,300
41918,6122
41919,277
41920,6233
41921,275
41922,6085
41923,272
41924,6237
41925,294
41926,6131
41927,273
41928,6090
41929,261
41930,6194
41931,274
41932,6060
41933,275
41934,6062
41935,275
41936,6084
41937,262
41938,6164
41939,295
41940,6007
41941,308
41942,6147
41943,272
41944,7116
41945,274
41946,6266
41947,279
41948,6055
41949,2933
41950,6565
41951,283
41952,6278
41953,341
41954,6195
41955,297
41956,6165
41957,273
41958,6153
41959,276
41960,6225
41961,281
41962,6079
41963,283
41964,6041
41965,276
41966,6096
41967,282
41968,6097
41969,280
41970,6063
41971,269
41972,6083
41973,263
41974,6055
41975,337
41976,7194
41977,281
41978,6248
41979,280
41980,6086
41981,275
41982,6087
41983,276
41984,6189
41985,346
41986,6609
41987,282
41988,6174
41989,282
41990,6170
41991,283
41992,6086
41993,280
41994,6084
41995,280
41996,6328
41997,284
41998,6113
41999,278
42000,6155
42001,282
42002,6083
42003,277
42004,6131
42005,282
42006,6192
42007,308
42008,7385
42009,281
42010,6244
42011,276
42012,6257
42013,318
42014,6117
42015,280
42016,6194
42017,284
42018,6166
42019,302
42020,6165
42021,267
42022,6122
42023,273
42024,6125
42025,295
42026,6160
42027,264
42028,6112
42029,278
42030,6039
42031,280
42032,6047
42033,275
42034,6163
42035,278
42036,6022
42037,304
42038,6173
42039,308
42040,7169
42041,276
42042,6178
42043,287
42044,6218
42045,273
42046,6125
42047,308
42048,6206
42049,318
42050,6128
42051,271
42052,6089
42053,277
42054,6104
42055,281
42056,6008
42057,285
42058,6140
42059,280
42060,6094
42061,310
42062,6041
42063,277
42064,6088
42065,279
42066,6188
42067,276
42068,6044
42069,277
42070,6184
42071,273
42072,7123
42073,278
42074,6184
42075,282
42076,6286
42077,3291
42078,6758
42079,287
42080,6279
42081,277
42082,6162
42083,261
42084,6094
42085,291
42086,6134
42087,271
42088,6242
42089,294
42090,6092
42091,258
42092,6128
42093,260
42094,6100
42095,272
42096,6154
42097,261
42098,6171
42099,324
42100,6007
42101,298
42102,6200
42103,270
42104,7619
42105,293
42106,6401
42107,303
42108,6050
42109,277
42110,6119
42111,293
42112,6284
42113,268
42114,6003
42115,272
42116,6108
42117,283
42118,6219
42119,288
42120,6162
42121,270
42122,6239
42123,263
42124,6111
42125,274
42126,6175
42127,278
42128,6074
42129,280
42130,6190
42131,308
42132,6153
42133,297
42134,6200
42135,279
42136,7346
42137,294
42138,6379
42139,279
42140,6283
42141,283
42142,6161
42143,279
42144,6242
42145,306
42146,6284
42147,276
42148,6108
42149,281
42150,6180
42151,299
42152,6142
42153,283
42154,6215
42155,308
42156,6192
42157,282
42158,6279
42159,278
42160,6216
42161,283
42162,5996
42163,268
42164,6098
42165,257
42166,6166
42167,276
42168,7362
42169,306
42170,6459
42171,305
42172,6153
42173,312
42174,6273
42175,278
42176,6250
42177,298
42178,6236
42179,282
42180,6156
42181,321
42182,6095
42183,266
42184,6079
42185,275
42186,6105
42187,272
42188,6166
42189,291
42190,6016
42191,274
42192,6312
42193,260
42194,6134
42195,276
42196,6102
42197,262
42198,6131
42199,271
42200,7227
42201,297
42202,6297
42203,3215
42204,6640
42205,305
42206,6303
42207,285
42208,6020
42209,282
42210,6345
42211,294
42212,6036
42213,272
42214,6107
42215,276
42216,6121
42217,272
42218,6087
42219,275
42220,6237
42221,272
42222,6162
42223,270
42224,6001
42225,255
42226,6379
42227,264
42228,6099
42229,257
42230,6242
42231,281
42232,7440
42233,299
42234,6413
42235,281
42236,6273
42237,306
42238,6161
42239,326
42240,6120
42241,331
42242,6222
42243,284
42244,6144
42245,277
42246,6123
42247,280
42248,6101
42249,273
42250,6248
42251,279
42252,6118
42253,280
42254,6259
42255,318
42256,6092
42257,279
42258,6211
42259,274
42260,6088
42261,259
42262,6128
42263,277
42264,7486
42265,298
42266,6583
42267,277
42268,6223
42269,285
42270,6167
42271,280
42272,6183
42273,275
42274,6077
42275,275
42276,6088
42277,273
42278,6039
42279,271
42280,6152
42281,279
42282,6157
42283,277
42284,6159
42285,291
42286,6096
42287,315
42288,6080
42289,280
42290,6191
42291,280
42292,6097
42293,277
42294,6206
42295,278
42296,7371
42297,309
42298,6313
42299,313
42300,6148
42301,265
42302,6097
42303,278
42304,6224
42305,281
42306,6108
42307,280
42308,6036
42309,327
42310,6093
42311,278
42312,6298
42313,312
42314,6105
42315,314
42316,6252
42317,311
42318,6130
42319,337
42320,6133
42321,278
42322,6155
42323,277
42324,6131
42325,266
42326,6183
42327,272
42328,7379
42329,280
42330,6542
42331,289
42332,9628
42333,284
42334,6349
42335,282
42336,6167
42337,267
42338,6133
42339,273
42340,6178
42341,284
42342,6133
42343,296
42344,6167
42345,275
42346,6202
42347,274
42348,6127
42349,266
42350,6253
42351,277
42352,6129
42353,277
42354,6224
42355,307
42356,6108
42357,276
42358,6017
42359,273
42360,7426
42361,286
42362,6305
42363,282
42364,6074
42365,289
42366,6273
42367,308
42368,6173
42369,278
42370,6134
42371,316
42372,6090
42373,292
42374,6132
42375,276
42376,6114
42377,267
42378,6137
42379,274
42380,6237
42381,275
42382,6168
42383,275
42384,6233
42385,273
42386,6130
42387,269
42388,6090
42389,274
42390,6272
42391,262
42392,7290
42393,301
42394,6268
42395,292
42396,6057
42397,280
42398,6086
42399,280
42400,6100
42401,300
42402,6086
42403,280
42404,6159
42405,265
42406,6079
42407,277
42408,6048
42409,276
42410,6003
42411,271
42412,5989
42413,263
42414,6059
42415,277
42416,6084
42417,282
42418,6116
42419,279
42420,6174
42421,264
42422,6074
42423,280
42424,7380
42425,320
42426,6478
42427,295
42428,6181
42429,310
42430,6114
42431,284
42432,6123
42433,276
42434,6266
42435,309
42436,6129
42437,280
42438,6225
42439,313
42440,6188
42441,344
42442,6117
42443,285
42444,6123
42445,288
42446,6102
42447,277
42448,6085
42449,299
42450,6100
42451,323
42452,6130
42453,280
42454,6119
42455,278
42456,7144
42457,284
42458,6306
42459,307
42460,9742
42461,305
42462,6389
42463,344
42464,6243
42465,277
42466,6067
42467,299
42468,6169
42469,278
42470,6142
42471,274
42472,6110
42473,290
42474,6261
42475,276
42476,6211
42477,265
42478,6225
42479,274
42480,6070
42481,276
42482,6167
42483,280
42484,6147
42485,275
42486,6116
42487,276
42488,7370
42489,316
42490,6340
42491,291
42492,6098
42493,273
42494,6154
42495,278
42496,6198
42497,344
42498,6760
42499,279
42500,6283
42501,283
42502,6161
42503,280
42504,6200
42505,270
42506,6160
42507,277
42508,6195
42509,272
42510,6178
42511,274
42512,6235
42513,275
42514,6117
42515,273
42516,6116
42517,276
42518,6274
42519,272
42520,7365
42521,277
42522,6441
42523,278
42524,6041
42525,280
42526,6156
42527,282
42528,6208
42529,282
42530,6087
42531,278
42532,6130
42533,282
42534,6216
42535,285
42536,6257
42537,315
42538,6209
42539,289
42540,6118
42541,281
42542,6168
42543,278
42544,6044
42545,273
42546,6180
42547,286
42548,6190
42549,295
42550,6197
42551,287
42552,7332
42553,286
42554,6384
42555,314
42556,6226
42557,272
42558,6189
42559,270
42560,6044
42561,288
42562,6140
42563,286
42564,5980
42565,272
42566,6084
42567,272
42568,6145
42569,272
42570,6091
42571,271
42572,6063
42573,295
42574,6053
42575,272
42576,6035
42577,292
42578,6164
42579,272
42580,6140
42581,264
42582,6133
42583,304
42584,7127
42585,283
42586,6261
42587,361
42588,9630
42589,299
42590,6365
42591,296
42592,6113
42593,274
42594,6014
42595,271
42596,6130
42597,274
42598,6097
42599,271
42600,6150
42601,279
42602,6209
42603,277
42604,6150
42605,276
42606,6181
42607,264
42608,6278
42609,279
42610,6135
42611,270
42612,6182
42613,262
42614,6053
42615,275
42616,7400
42617,297
42618,6300
42619,271
42620,6170
42621,264
42622,6180
42623,262
42624,6238
42625,330
42626,6129
42627,278
42628,6142
42629,272
42630,6349
42631,301
42632,6143
42633,280
42634,6163
42635,300
42636,6189
42637,310
42638,6155
42639,279
42640,6114
42641,275
42642,6165
42643,276
42644,6077
42645,277
42646,6143
42647,280
42648,7266
42649,274
42650,6448
42651,272
42652,6221
42653,276
42654,6024
42655,261
42656,6023
42657,308
42658,6158
42659,258
42660,6179
42661,274
42662,6177
42663,269
42664,6080
42665,272
42666,6152
42667,260
42668,6131
42669,301
42670,6322
42671,268
42672,6169
42673,274
42674,65492
42675,445
42676,10816
42677,300
42678,6850
42679,281
42680,7982
42681,283
42682,6496
42683,303
42684,6185
42685,279
42686,6322
42687,278
42688,6164
42689,279
42690,23643
42691,913
42692,16442
42693,402
42694,8728
42695,342
42696,7065
42697,277
42698,6538
42699,292
42700,6293
42701,276
42702,6354
42703,268
42704,6183
42705,277
42706,6285
42707,309
42708,6306
42709,300
42710,6320
42711,279
42712,8996
42713,317
42714,16279
42715,315
42716,6553
42717,297
42718,6483
42719,316
42720,6375
42721,357
42722,6207
42723,296
42724,6432
42725,288
42726,6279
42727,282
42728,6252
42729,327
42730,6246
42731,279
42732,6200
42733,283
42734,6280
42735,284
42736,6170
42737,286
42738,6351
42739,296
42740,6306
42741,306
42742,6321
42743,304
42744,7724
42745,286
42746,6691
42747,280
42748,6318
42749,277
42750,6405
42751,285
42752,6297
42753,312
42754,6228
42755,276
42756,6198
42757,275
42758,6195
42759,279
42760,6182
42761,284
42762,6265
42763,317
42764,6261
42765,311
42766,6178
42767,276
42768,6171
42769,286
42770,6094
42771,310
42772,6198
42773,274
42774,6102
42775,278
42776,7288
42777,285
42778,6340
42779,299
42780,6315
42781,277
42782,6124
42783,317
42784,6260
42785,268
42786,6274
42787,288
42788,6141
42789,267
42790,6118
42791,273
42792,6238
42793,285
42794,6102
42795,280
42796,6198
42797,312
42798,6343
42799,282
42800,6159
42801,283
42802,6238
42803,307
42804,6157
42805,284
42806,6233
42807,275
42808,7242
42809,317
42810,6269
42811,280
42812,6217
42813,341
42814,6377
42815,275
42816,6120
42817,291
42818,6088
42819,271
42820,6120
42821,260
42822,6146
42823,314
42824,6336
42825,272
42826,6259
42827,257
42828,6265
42829,275
42830,6072
42831,276
42832,6174
42833,273
42834,6156
42835,265
42836,6237
42837,288
42838,6192
42839,286
42840,7303
42841,283
42842,10336
42843,337
42844,6499
42845,281
42846,6251
42847,275
42848,6086
42849,309
42850,6436
42851,314
42852,6199
42853,317
42854,6268
42855,273
42856,6010
42857,268
42858,6046
42859,299
42860,6059
42861,292
42862,6104
42863,260
42864,6085
42865,294
42866,6113
42867,272
42868,6051
42869,275
42870,6076
42871,258
42872,7280
42873,327
42874,6449
42875,299
42876,6253
42877,282
42878,6103
42879,280
42880,6128
42881,279
42882,6107
42883,281
42884,6332
42885,295
42886,6199
42887,272
42888,6103
42889,318
42890,6062
42891,283
42892,6209
42893,260
42894,6080
42895,271
42896,6126
42897,310
42898,6094
42899,282
42900,6178
42901,286
42902,6270
42903,269
42904,7435
42905,322
42906,6426
42907,289
42908,6118
42909,308
42910,6129
42911,279
42912,6105
42913,298
42914,6117
42915,275
42916,6115
42917,279
42918,6111
42919,271
42920,6080
42921,279
42922,6008
42923,281
42924,6105
42925,267
42926,6035
42927,274
42928,6190
42929,285
42930,6150
42931,279
42932,6151
42933,312
42934,6178
42935,298
42936,7361
42937,276
42938,6342
42939,281
42940,6282
42941,263
42942,6131
42943,280
42944,6203
42945,310
42946,6253
42947,278
42948,6146
42949,280
42950,6136
42951,278
42952,6246
42953,307
42954,6268
42955,320
42956,6060
42957,319
42958,6203
42959,273
42960,6020
42961,270
42962,6118
42963,272
42964,6114
42965,272
42966,6121
42967,273
42968,7414
42969,279
42970,9835
42971,280
42972,6406
42973,282
42974,6226
42975,277
42976,6205
42977,283
42978,6262
42979,291
42980,6113
42981,303
42982,6242
42983,285
42984,6194
42985,314
42986,6130
42987,278
42988,6152
42989,282
42990,6185
42991,278
42992,6174
42993,275
42994,6294
42995,265
42996,6246
42997,277
42998,6171
42999,276
43000,7488
43001,285
43002,6580
43003,277
43004,6185
43005,277
43006,6219
43007,298
43008,6196
43009,338
43010,7007
43011,295
43012,6453
43013,297
43014,6231
43015,282
43016,6186
43017,281
43018,6224
43019,310
43020,6155
43021,266
43022,6193
43023,278
43024,6104
43025,295
43026,6068
43027,261
43028,6140
43029,263
43030,6092
43031,297
43032,7351
43033,285
43034,6377
43035,282
43036,6161
43037,275
43038,6055
43039,303
43040,6132
43041,312
43042,113592
43043,688
43044,11692
43045,375
43046,7185
43047,348
43048,6459
43049,280
43050,6326
43051,283
43052,6780
43053,281
43054,6364
43055,260
43056,6288
43057,296
43058,6490
43059,278
43060,6244
43061,273
43062,6050
43063,279
43064,8397
43065,310
43066,6626
43067,287
43068,6203
43069,280
43070,6279
43071,281
43072,6084
43073,265
43074,6273
43075,262
43076,6273
43077,285
43078,6122
43079,292
43080,6211
43081,300
43082,6151
43083,261
43084,6108
43085,263
43086,6153
43087,267
43088,6133
43089,274
43090,6109
43091,314
43092,6128
43093,279
43094,6125
43095,283
43096,7478
43097,444
43098,13014
43099,324
43100,6792
43101,305
43102,6278
43103,276
43104,6212
43105,314
43106,6226
43107,277
43108,6259
43109,279
43110,6343
43111,284
43112,6281
43113,277
43114,6147
43115,268
43116,6114
43117,272
43118,6280
43119,274
43120,6180
43121,261
43122,6210
43123,277
43124,6175
43125,275
43126,6147
43127,276
43128,7520
43129,282
43130,6388
43131,287
43132,6170
43133,280
43134,6176
43135,274
43136,6318
43137,305
43138,6157
43139,263
43140,6227
43141,271
43142,6202
43143,272
43144,6117
43145,263
43146,6252
43147,283
43148,6200
43149,309
43150,6149
43151,277
43152,6138
43153,276
43154,6079
43155,280
43156,6159
43157,293
43158,6353
43159,276
43160,7187
43161,311
43162,6483
43163,283
43164,6117
43165,314
43166,6321
43167,283
43168,6220
43169,276
43170,6198
43171,284
43172,6160
43173,311
43174,6145
43175,273
43176,6084
43177,279
43178,6125
43179,273
43180,6113
43181,271
43182,6149
43183,275
43184,6078
43185,274
43186,6240
43187,279
43188,6178
43189,275
43190,6156
43191,277
43192,7357
43193,347
43194,6304
43195,299
43196,6065
43197,261
43198,6157
43199,282
43200,6226
43201,273
43202,6166
43203,274
43204,6081
43205,279
43206,6167
43207,274
43208,6190
43209,276
43210,6156
43211,279
43212,6375
43213,280
43214,6156
43215,275
43216,6254
43217,278
43218,6216
43219,304
43220,6066
43221,293
43222,6143
43223,270
43224,11180
43225,301
43226,6788
43227,279
43228,6362
43229,325
43230,6216
43231,281
43232,6079
43233,275
43234,6041
43235,263
43236,6050
43237,280
43238,6052
43239,271
43240,6187
43241,267
43242,5989
43243,271
43244,6035
43245,274
43246,6139
43247,278
43248,6201
43249,271
43250,6141
43251,279
43252,6104
43253,272
43254,6185
43255,271
43256,7250
43257,297
43258,6318
43259,286
43260,5953
43261,260
43262,6280
43263,276
43264,6264
43265,298
43266,6154
43267,280
43268,6238
43269,288
43270,6193
43271,283
43272,6148
43273,296
43274,6161
43275,287
43276,6297
43277,276
43278,6107
43279,335
43280,6204
43281,278
43282,6417
43283,288
43284,39888
43285,338
43286,8516
43287,289
43288,8235
43289,299
43290,6714
43291,305
43292,6190
43293,286
43294,6117
43295,276
43296,6077
43297,275
43298,5943
43299,274
43300,149964
43301,1103
43302,23490
43303,496
43304,10157
43305,394
43306,7566
43307,289
43308,6528
43309,281
43310,6321
43311,273
43312,6361
43313,303
43314,6315
43315,319
43316,6251
43317,270
43318,6211
43319,271
43320,8640
43321,281
43322,6399
43323,275
43324,6224
43325,316
43326,6334
43327,270
43328,6195
43329,306
43330,6027
43331,272
43332,6064
43333,271
43334,6120
43335,271
43336,6145
43337,277
43338,6228
43339,275
43340,6186
43341,273
43342,6138
43343,278
43344,6089
43345,297
43346,6125
43347,275
43348,6203
43349,347
43350,6435
43351,274
43352,18771
43353,301
43354,6951
43355,294
43356,6358
43357,312
43358,6335
43359,360
43360,6426
43361,286
43362,14403
43363,318
43364,5879
43365,312
43366,5810
43367,252
43368,5876
43369,286
43370,6093
43371,252
43372,5877
43373,285
43374,5736
43375,282
43376,5765
43377,260
43378,5709
43379,277
43380,5713
43381,254
43382,5873
43383,267
43384,6869
43385,282
43386,5921
43387,280
43388,5735
43389,263
43390,5615
43391,257
43392,5706
43393,253
43394,5657
43395,254
43396,5791
43397,252
43398,5666
43399,267
43400,5717
43401,254
43402,5714
43403,286
43404,5630
43405,253
43406,5760
43407,265
43408,5623
43409,281
43410,5632
43411,264
43412,5704
43413,283
43414,5738
43415,262
43416,6843
43417,271
43418,5766
43419,274
43420,6039
43421,266
43422,5652
43423,250
43424,5652
43425,294
43426,5742
43427,272
43428,5628
43429,280
43430,5599
43431,264
43432,5638
43433,282
43434,5638
43435,261
43436,5805
43437,260
43438,5692
43439,294
43440,5610
43441,263
43442,5667
43443,256
43444,5625
43445,261
43446,5724
43447,260
43448,6835
43449,273
43450,5882
43451,268
43452,5630
43453,265
43454,5771
43455,252
43456,5709
43457,297
43458,5805
43459,261
43460,5654
43461,262
43462,5713
43463,266
43464,5710
43465,265
43466,5776
43467,270
43468,5760
43469,288
43470,5654
43471,252
43472,5600
43473,251
43474,5742
43475,287
43476,5666
43477,265
43478,5653
43479,296
43480,6731
43481,271
43482,5918
43483,313
43484,5758
43485,277
43486,5784
43487,285
43488,5627
43489,295
43490,5666
43491,263
43492,5751
43493,3435
43494,6362
43495,331
43496,5795
43497,280
43498,5736
43499,294
43500,5685
43501,285
43502,5781
43503,283
43504,5855
43505,270
43506,5697
43507,306
43508,5713
43509,276
43510,5612
43511,271
43512,6923
43513,281
43514,5904
43515,294
43516,5710
43517,270
43518,5598
43519,257
43520,5762
43521,314
43522,6299
43523,289
43524,5810
43525,266
43526,5662
43527,263
43528,5801
43529,269
43530,5720
43531,266
43532,5808
43533,263
43534,5678
43535,255
43536,5677
43537,294
43538,5712
43539,267
43540,5679
43541,283
43542,5604
43543,256
43544,6939
43545,270
43546,5929
43547,253
43548,5741
43549,293
43550,5706
43551,291
43552,5734
43553,280
43554,5773
43555,252
43556,5718
43557,284
43558,5607
43559,250
43560,5756
43561,287
43562,5823
43563,251
43564,5681
43565,286
43566,5753
43567,261
43568,5770
43569,251
43570,5623
43571,285
43572,5671
43573,258
43574,5758
43575,251
43576,6828
43577,303
43578,5921
43579,257
43580,5634
43581,253
43582,5690
43583,292
43584,5685
43585,266
43586,5652
43587,284
43588,5638
43589,260
43590,5660
43591,254
43592,5570
43593,285
43594,5666
43595,263
43596,5721
43597,253
43598,5687
43599,290
43600,5679
43601,267
43602,5685
43603,266
43604,5636
43605,265
43606,5755
43607,255
43608,6893
43609,313
43610,6086
43611,286
43612,5724
43613,264
43614,5845
43615,267
43616,5680
43617,260
43618,5779
43619,279
43620,5710
43621,267
43622,5805
43623,252
43624,5694
43625,299
43626,5604
43627,265
43628,5632
43629,266
43630,5741
43631,263
43632,5595
43633,442
43634,9563
43635,318
43636,5961
43637,273
43638,5692
43639,306
43640,6857
43641,280
43642,6034
43643,284
43644,6023
43645,268
43646,5893
43647,332
43648,5586
43649,289
43650,5692
43651,264
43652,16151
43653,310
43654,6148
43655,281
43656,6060
43657,281
43658,6172
43659,273
43660,6099
43661,281
43662,82717
43663,1018
43664,32145
43665,2243
43666,24028
43667,12170
43668,16780
43669,358
43670,7453
43671,274
43672,8991
43673,289
43674,6593
43675,309
43676,6240
43677,317
43678,6124
43679,341
43680,6034
43681,297
43682,6478
43683,295
43684,6221
43685,310
43686,5993
43687,280
43688,6032
43689,269
43690,6022
43691,273
43692,6080
43693,284
43694,5998
43695,282
43696,6088
43697,278
43698,6002
43699,315
43700,6018
43701,266
43702,6085
43703,315
43704,7419
43705,337
43706,6298
43707,315
43708,6228
43709,9029
43710,5836
43711,270
43712,5657
43713,256
43714,5748
43715,251
43716,5777
43717,265
43718,5739
43719,273
43720,5603
43721,293
43722,5822
43723,273
43724,5703
43725,311
43726,5720
43727,246
43728,5838
43729,252
43730,5777
43731,288
43732,5690
43733,293
43734,5690
43735,281
43736,6836
43737,279
43738,5747
43739,258
43740,5832
43741,258
43742,5641
43743,282
43744,5672
43745,291
43746,5592
43747,255
43748,10764
43749,10704
43750,7493
43751,333
43752,29620
43753,1354
43754,149885
43755,554
43756,12264
43757,315
43758,6893
43759,313
43760,6112
43761,276
43762,6196
43763,282
43764,6079
43765,9231
43766,7220
43767,332
43768,8510
43769,321
43770,6375
43771,276
43772,6106
43773,277
43774,5994
43775,315
43776,6240
43777,308
43778,6100
43779,300
43780,6109
43781,310
43782,6411
43783,295
43784,6027
43785,281
43786,6240
43787,278
43788,6037
43789,342
43790,6124
43791,278
43792,6027
43793,313
43794,6040
43795,275
43796,6075
43797,275
43798,6219
43799,300
43800,7124
43801,288
43802,6326
43803,301
43804,6047
43805,324
43806,6175
43807,312
43808,6113
43809,307
43810,6209
43811,322
43812,6163
43813,301
43814,6118
43815,280
43816,6216
43817,276
43818,6050
43819,281
43820,6099
43821,288
43822,6068
43823,278
43824,6181
43825,289
43826,6031
43827,279
43828,5974
43829,279
43830,6102
43831,280
43832,7221
43833,317
43834,6316
43835,296
43836,6074
43837,277
43838,6113
43839,280
43840,6118
43841,280
43842,6168
43843,277
43844,6111
43845,285
43846,6073
43847,309
43848,6349
43849,283
43850,6117
43851,276
43852,6079
43853,277
43854,6179
43855,278
43856,6046
43857,313
43858,6204
43859,278
43860,6036
43861,285
43862,6130
43863,302
43864,7559
43865,290
43866,6278
43867,296
43868,6083
43869,323
43870,6040
43871,306
43872,6061
43873,283
43874,6203
43875,286
43876,6135
43877,467
43878,7821
43879,295
43880,6615
43881,297
43882,6396
43883,306
43884,6242
43885,279
43886,6113
43887,279
43888,6132
43889,316
43890,6908
43891,280
43892,6391
43893,6310
43894,6941
43895,315
43896,7731
43897,293
43898,6406
43899,279
43900,6164
43901,278
43902,6199
43903,323
43904,6146
43905,281
43906,6253
43907,291
43908,6094
43909,294
43910,6110
43911,275
43912,6053
43913,277
43914,6157
43915,279
43916,6162
43917,283
43918,6427
43919,306
43920,6081
43921,286
43922,6170
43923,307
43924,6307
43925,286
43926,6335
43927,275
43928,7415
43929,291
43930,6728
43931,317
43932,6249
43933,279
43934,6141
43935,288
43936,6105
43937,277
43938,6515
43939,277
43940,6401
43941,427
43942,6026
43943,281
43944,6132
43945,275
43946,6173
43947,280
43948,6261
43949,280
43950,6222
43951,296
43952,6037
43953,276
43954,6184
43955,287
43956,13854
43957,412
43958,10545
43959,398
43960,8191
43961,362
43962,6432
43963,284
43964,6100
43965,280
43966,6140
43967,264
43968,6776
43969,312
43970,6337
43971,280
43972,6122
43973,350
43974,6387
43975,278
43976,6145
43977,283
43978,7338
43979,276
43980,6117
43981,292
43982,6631
43983,263
43984,6085
43985,280
43986,6040
43987,277
43988,6459
43989,279
43990,6432
43991,288
43992,7545
43993,297
43994,6413
43995,286
43996,6181
43997,296
43998,6110
43999,278
44000,6632
44001,313
44002,6101
44003,293
44004,52768
44005,1168
44006,42660
44007,464
44008,11705
44009,352
44010,6907
44011,293
44012,22466
44013,843
44014,63348
44015,753
44016,18539
44017,834
44018,13117
44019,338
44020,7467
44021,26362
44022,11725
44023,521
44024,15130
44025,316
44026,6997
44027,297
44028,6283
44029,286
44030,6943
44031,307
44032,6376
44033,377
44034,12310
44035,893
44036,13746
44037,359
44038,8319
44039,289
44040,6537
44041,336
44042,6179
44043,359
44044,6480
44045,324
44046,6198
44047,285
44048,6233
44049,290
44050,6440
44051,298
44052,6324
44053,283
44054,7591
44055,298
44056,8590
44057,346
44058,6404
44059,294
44060,6274
44061,275
44062,6254
44063,317
44064,6423
44065,289
44066,6787
44067,291
44068,6422
44069,365
44070,6726
44071,266
44072,9860
44073,532
44074,15199
44075,490
44076,50420
44077,592
44078,15583
44079,576
44080,15098
44081,492
44082,12569
44083,511
44084,35496
44085,750
44086,12040
44087,386
44088,10615
44089,355
44090,16063
44091,285
44092,6265
44093,287
44094,6127
44095,264
44096,5831
44097,260
44098,6212
44099,253
44100,5991
44101,251
44102,5795
44103,257
44104,5866
44105,284
44106,5872
44107,261
44108,5872
44109,252
44110,5734
44111,251
44112,5716
44113,280
44114,5791
44115,255
44116,5852
44117,264
44118,5992
44119,268
44120,7107
44121,293
44122,6217
44123,261
44124,5950
44125,267
44126,5890
44127,255
44128,5769
44129,258
44130,5732
44131,276
44132,5813
44133,267
44134,5770
44135,286
44136,5718
44137,278
44138,5792
44139,290
44140,5856
44141,283
44142,5779
44143,261
44144,5739
44145,261
44146,5809
44147,262
44148,5810
44149,274
44150,5816
44151,249
44152,6824
44153,261
44154,5915
44155,434
44156,15568
44157,300
44158,6369
44159,291
44160,5770
44161,264
44162,5721
44163,296
44164,5879
44165,270
44166,5617
44167,279
44168,5762
44169,257
44170,5721
44171,274
44172,5686
44173,248
44174,5873
44175,259
44176,5748
44177,246
44178,5689
44179,263
44180,5751
44181,250
44182,5851
44183,260
44184,6867
44185,327
44186,6095
44187,284
44188,5917
44189,284
44190,5719
44191,282
44192,5572
44193,263
44194,5646
44195,258
44196,5683
44197,266
44198,5621
44199,286
44200,5749
44201,265
44202,5865
44203,249
44204,5803
44205,252
44206,5852
44207,251
44208,5738
44209,253
44210,5802
44211,248
44212,5807
44213,261
44214,5730
44215,262
44216,6733
44217,277
44218,5833
44219,308
44220,5715
44221,285
44222,5663
44223,284
44224,5713
44225,277
44226,5714
44227,247
44228,5760
44229,279
44230,5703
44231,255
44232,5654
44233,250
44234,5748
44235,248
44236,5675
44237,251
44238,5750
44239,258
44240,5637
44241,254
44242,5730
44243,257
44244,5688
44245,276
44246,5584
44247,247
44248,6824
44249,266
44250,5767
44251,314
44252,5686
44253,267
44254,5695
44255,247
44256,5941
44257,248
44258,5736
44259,255
44260,5695
44261,294
44262,5880
44263,257
44264,5727
44265,249
44266,5700
44267,255
44268,5715
44269,255
44270,5675
44271,266
44272,5614
44273,258
44274,5693
44275,245
44276,5725
44277,255
44278,5690
44279,295
44280,6717
44281,287
44282,5852
44283,280
44284,5596
44285,250
44286,5871
44287,249
44288,5641
44289,262
44290,5683
44291,257
44292,5717
44293,247
44294,5639
44295,251
44296,5663
44297,261
44298,5751
44299,272
44300,5681
44301,302
44302,5673
44303,262
44304,5651
44305,266
44306,5736
44307,285
44308,5663
44309,2753
44310,6415
44311,274
44312,7022
44313,273
44314,5974
44315,290
44316,5743
44317,266
44318,5589
44319,268
44320,5742
44321,258
44322,5681
44323,265
44324,5784
44325,284
44326,5695
44327,314
44328,5748
44329,307
44330,5774
44331,283
44332,5697
44333,265
44334,5517
44335,283
44336,5647
44337,269
44338,5809
44339,285
44340,5703
44341,273
44342,5790
44343,257
44344,6750
44345,274
44346,5804
44347,271
44348,5629
44349,287
44350,5699
44351,295
44352,5624
44353,272
44354,5744
44355,283
44356,5700
44357,279
44358,5613
44359,300
44360,5561
44361,277
44362,5577
44363,268
44364,5722
44365,267
44366,5701
44367,260
44368,52149
44369,1354
44370,55050
44371,881
44372,17136
44373,596
44374,19428
44375,504
44376,16720
44377,645
44378,792314
44379,4412
44380,56856
44381,813
44382,18197
44383,595
44384,14145
44385,565
44386,13281
44387,605
44388,32726
44389,2919
44390,31217
44391,710
44392,15838
44393,485
44394,13315
44395,590
44396,12057
44397,504
44398,11205
44399,443
44400,11463
44401,526
44402,11326
44403,496
44404,11141
44405,490
44406,12096
44407,479
44408,17105
44409,572
44410,13143
44411,516
44412,12265
44413,573
44414,11455
44415,454
44416,11559
44417,500
44418,11627
44419,537
44420,12222
44421,510
44422,12358
44423,548
44424,11806
44425,518
44426,11266
44427,436
44428,11879
44429,478
44430,12779
44431,595
44432,11451
44433,491
44434,11604
44435,487
44436,11753
44437,12629
44438,12952
44439,435
44440,15059
44441,499
44442,12718
44443,555
44444,12387
44445,558
44446,13512
44447,528
44448,12774
44449,619
44450,12398
44451,500
44452,12022
44453,538
44454,12068
44455,550
44456,12072
44457,501
44458,12459
44459,567
44460,12096
44461,514
44462,12889
44463,521
44464,12974
44465,558
44466,13480
44467,490
44468,12080
44469,448
44470,11839
44471,513
44472,15470
44473,463
44474,12515
44475,495
44476,37174
44477,1583
44478,31991
44479,756
44480,18246
44481,733
44482,15181
44483,623
44484,14240
44485,554
44486,12535
44487,541
44488,12193
44489,502
44490,12396
44491,478
44492,11760
44493,524
44494,12299
44495,638
44496,11956
44497,500
44498,12364
44499,481
44500,12500
44501,503
44502,13668
44503,530
44504,18280
44505,692
44506,14395
44507,573
44508,13064
44509,492
44510,12259
44511,474
44512,11094
44513,445
44514,12202
44515,489
44516,10787
44517,596
44518,11070
44519,438
44520,11492
44521,545
44522,11337
44523,511
44524,12479
44525,475
44526,11769
44527,562
44528,22453
44529,550
44530,11835
44531,454
44532,12052
44533,520
44534,12405
44535,498
44536,14901
44537,691
44538,12798
44539,675
44540,15705
44541,516
44542,32391
44543,1536
44544,27783
44545,922
44546,22520
44547,784
44548,17223
44549,729
44550,16733
44551,745
44552,13300
44553,481
44554,11743
44555,559
44556,11804
44557,545
44558,12217
44559,490
44560,11008
44561,497
44562,10595
44563,515
44564,11794
44565,18146
44566,13826
44567,603
44568,15414
44569,568
44570,12514
44571,655
44572,11480
44573,474
44574,11775
44575,562
44576,12320
44577,584
44578,12316
44579,842
44580,11821
44581,548
44582,11673
44583,553
44584,12240
44585,468
44586,11449
44587,584
44588,11974
44589,548
44590,11863
44591,511
44592,12557
44593,634
44594,12729
44595,577
44596,12241
44597,586
44598,12460
44599,495
44600,15898
44601,493
44602,12262
44603,443
44604,11909
44605,423
44606,10852
44607,512
44608,11323
44609,482
44610,10997
44611,448
44612,11890
44613,529
44614,12235
44615,494
44616,11241
44617,494
44618,12793
44619,553
44620,12163
44621,597
44622,13027
44623,561
44624,79029
44625,1479
44626,37998
44627,693
44628,12572
44629,527
44630,11796
44631,542
44632,15757
44633,552
44634,439856
44635,1073
44636,10520
44637,346
44638,7223
44639,287
44640,6446
44641,316
44642,6796
44643,280
44644,6283
44645,285
44646,6162
44647,273
44648,6048
44649,303
44650,6165
44651,277
44652,62269
44653,2696
44654,24885
44655,446
44656,9992
44657,369
44658,7502
44659,290
44660,6619
44661,304
44662,10048
44663,280
44664,6676
44665,281
44666,6191
44667,28553
44668,25374
44669,2383
44670,20294
44671,27177
44672,16664
44673,356
44674,7375
44675,282
44676,6481
44677,283
44678,6142
44679,276
44680,6154
44681,277
44682,6270
44683,275
44684,6170
44685,270
44686,6116
44687,270
44688,6040
44689,274
44690,6024
44691,317
44692,6296
44693,12924
44694,10401
44695,336
44696,6840
44697,279
44698,6405
44699,264
44700,6184
44701,283
44702,6184
44703,266
44704,6117
44705,271
44706,6137
44707,273
44708,6134
44709,265
44710,6083
44711,278
44712,6018
44713,278
44714,6241
44715,294
44716,6249
44717,278
44718,6058
44719,265
44720,6196
44721,285
44722,6550
44723,278
44724,6086
44725,305
44726,7404
44727,280
44728,6423
44729,279
44730,6135
44731,307
44732,6251
44733,298
44734,6323
44735,270
44736,6391
44737,261
44738,6177
44739,280
44740,6155
44741,273
44742,6125
44743,257
44744,5932
44745,275
44746,6075
44747,293
44748,5900
44749,300
44750,6114
44751,259
44752,6301
44753,259
44754,6132
44755,260
44756,6217
44757,273
44758,7376
44759,279
44760,6189
44761,280
44762,6080
44763,276
44764,6065
44765,274
44766,6074
44767,304
44768,6036
44769,266
44770,6168
44771,277
44772,6084
44773,269
44774,6069
44775,270
44776,6040
44777,291
44778,6121
44779,271
44780,6105
44781,302
44782,6054
44783,259
44784,6001
44785,275
44786,6131
44787,272
44788,6087
44789,293
44790,7204
44791,281
44792,6209
44793,267
44794,6267
44795,265
44796,6128
44797,259
44798,6118
44799,269
44800,6264
44801,260
44802,6215
44803,263
44804,6080
44805,260
44806,6131
44807,273
44808,6013
44809,272
44810,6091
44811,271
44812,6072
44813,269
44814,6165
44815,280
44816,6085
44817,270
44818,6229
44819,5088
44820,6914
44821,286
44822,7561
44823,285
44824,6282
44825,278
44826,6307
44827,274
44828,6113
44829,276
44830,6045
44831,273
44832,6202
44833,276
44834,6079
44835,278
44836,6010
44837,276
44838,6202
44839,274
44840,6266
44841,275
44842,6153
44843,306
44844,6143
44845,306
44846,6053
44847,274
44848,6317
44849,274
44850,6128
44851,272
44852,6195
44853,272
44854,7390
44855,283
44856,6301
44857,297
44858,6090
44859,285
44860,6242
44861,263
44862,6115
44863,275
44864,6055
44865,293
44866,6027
44867,275
44868,6157
44869,305
44870,6039
44871,279
44872,6071
44873,307
44874,6162
44875,300
44876,6097
44877,275
44878,6073
44879,277
44880,6108
44881,308
44882,6040
44883,278
44884,6096
44885,294
44886,7300
44887,279
44888,6140
44889,274
44890,6192
44891,277
44892,6243
44893,279
44894,6080
44895,262
44896,6159
44897,307
44898,6000
44899,270
44900,6014
44901,280
44902,6190
44903,274
44904,6090
44905,278
44906,6027
44907,298
44908,6057
44909,314
44910,6304
44911,275
44912,6123
44913,284
44914,6073
44915,315
44916,6120
44917,303
44918,7200
44919,284
44920,6694
44921,280
44922,6215
44923,278
44924,6056
44925,277
44926,6126
44927,272
44928,6080
44929,331
44930,6272
44931,277
44932,6084
44933,280
44934,6293
44935,280
44936,11419
44937,287
44938,6821
44939,271
44940,6166
44941,275
44942,6233
44943,282
44944,6201
44945,274
44946,6062
44947,3641
44948,6886
44949,279
44950,7636
44951,296
44952,6584
44953,296
44954,6188
44955,302
44956,6244
44957,309
44958,6156
44959,307
44960,6129
44961,309
44962,6112
44963,284
44964,6139
44965,275
44966,6152
44967,280
44968,6047
44969,317
44970,5962
44971,264
44972,5905
44973,274
44974,5987
44975,277
44976,5961
44977,272
44978,6162
44979,274
44980,5980
44981,274
44982,7396
44983,293
44984,6335
44985,284
44986,6229
44987,295
44988,6077
44989,275
44990,6123
44991,279
44992,6099
44993,308
44994,6127
44995,281
44996,6037
44997,279
44998,6038
44999,278
45000,5971
45001,273
45002,6010
45003,307
45004,6233
45005,277
45006,6041
45007,279
45008,6056
45009,342
45010,6124
45011,276
45012,6189
45013,277
45014,7164
45015,276
45016,6487
45017,281
45018,6186
45019,281
45020,6005
45021,317
45022,6021
45023,281
45024,6054
45025,280
45026,6047
45027,279
45028,6125
45029,279
45030,6149
45031,305
45032,6066
45033,281
45034,6308
45035,271
45036,5996
45037,272
45038,6020
45039,283
45040,6082
45041,272
45042,6018
45043,275
45044,6084
45045,309
45046,7231
45047,275
45048,6337
45049,298
45050,6069
45051,270
45052,5970
45053,273
45054,5963
45055,274
45056,6070
45057,341
45058,6614
45059,288
45060,6174
45061,283
45062,6135
45063,277
45064,6143
45065,280
45066,6176
45067,262
45068,6067
45069,292
45070,6145
45071,276
45072,6143
45073,274
45074,5999
45075,3216
45076,6610
45077,274
45078,7519
45079,284
45080,6389
45081,280
45082,6184
45083,280
45084,6122
45085,313
45086,6133
45087,281
45088,6135
45089,308
45090,6084
45091,282
45092,6040
45093,280
45094,6077
45095,273
45096,6164
45097,275
45098,6059
45099,275
45100,6103
45101,276
45102,6169
45103,273
45104,6086
45105,274
45106,6173
45107,283
45108,6081
45109,274
45110,7075
45111,278
45112,6161
45113,272
45114,6031
45115,299
45116,6040
45117,277
45118,6089
45119,304
45120,6144
45121,281
45122,6003
45123,277
45124,6195
45125,292
45126,6151
45127,272
45128,6076
45129,278
45130,6097
45131,275
45132,6161
45133,272
45134,6103
45135,289
45136,6078
45137,261
45138,6171
45139,265
45140,5991
45141,296
45142,7353
45143,283
45144,6158
45145,302
45146,6162
45147,276
45148,6107
45149,290
45150,5993
45151,270
45152,6005
45153,270
45154,5985
45155,270
45156,6050
45157,269
45158,6071
45159,271
45160,6157
45161,271
45162,6048
45163,267
45164,6156
45165,276
45166,6123
45167,298
45168,6168
45169,280
45170,6102
45171,268
45172,6041
45173,273
45174,7244
45175,283
45176,6099
45177,309
45178,5998
45179,261
45180,6036
45181,260
45182,6012
45183,270
45184,6094
45185,345
45186,6083
45187,263
45188,6014
45189,310
45190,6000
45191,268
45192,5986
45193,310
45194,5984
45195,269
45196,6075
45197,268
45198,6052
45199,268
45200,6023
45201,270
45202,6151
45203,2950
45204,6730
45205,326
45206,7297
45207,282
45208,6272
45209,282
45210,6178
45211,276
45212,6059
45213,283
45214,6090
45215,285
45216,6113
45217,284
45218,6001
45219,306
45220,6150
45221,279
45222,6010
45223,307
45224,6146
45225,285
45226,6031
45227,292
45228,6026
45229,329
45230,6228
45231,275
45232,6036
45233,299
45234,6088
45235,268
45236,6148
45237,313
45238,7274
45239,285
45240,6142
45241,273
45242,6180
45243,275
45244,5991
45245,277
45246,6038
45247,274
45248,6001
45249,276
45250,6138
45251,262
45252,5937
45253,275
45254,6226
45255,275
45256,6110
45257,276
45258,6082
45259,265
45260,6015
45261,281
45262,6134
45263,279
45264,6040
45265,290
45266,6070
45267,303
45268,5987
45269,261
45270,7340
45271,281
45272,6180
45273,323
45274,6049
45275,275
45276,6018
45277,330
45278,6126
45279,283
45280,6094
45281,337
45282,6158
45283,309
45284,6065
45285,315
45286,6106
45287,279
45288,6126
45289,281
45290,6065
45291,300
45292,6165
45293,293
45294,6145
45295,297
45296,6081
45297,275
45298,6052
45299,270
45300,6070
45301,270
45302,7271
45303,280
45304,6241
45305,268
45306,6052
45307,303
45308,6144
45309,279
45310,6190
45311,278
45312,6010
45313,292
45314,5931
45315,261
45316,6056
45317,273
45318,6009
45319,270
45320,6081
45321,296
45322,6091
45323,260
45324,6164
45325,293
45326,6050
45327,276
45328,6067
45329,3656
45330,6563
45331,281
45332,6148
45333,276
45334,7324
45335,288
45336,6411
45337,282
45338,6263
45339,282
45340,6031
45341,307
45342,6161
45343,268
45344,6181
45345,282
45346,6171
45347,304
45348,6052
45349,266
45350,6175
45351,297
45352,6004
45353,275
45354,5992
45355,273
45356,6052
45357,278
45358,6093
45359,280
45360,5965
45361,316
45362,6057
45363,290
45364,5999
45365,273
45366,7217
45367,277
45368,6323
45369,268
45370,6116
45371,275
45372,6136
45373,269
45374,6005
45375,259
45376,5993
45377,268
45378,6121
45379,263
45380,5997
45381,258
45382,6006
45383,268
45384,5997
45385,297
45386,6111
45387,274
45388,6003
45389,270
45390,6074
45391,268
45392,6033
45393,269
45394,6012
45395,259
45396,6108
45397,268
45398,7120
45399,272
45400,6137
45401,270
45402,6056
45403,275
45404,6017
45405,269
45406,6090
45407,289
45408,6034
45409,269
45410,6089
45411,260
45412,6016
45413,270
45414,6070
45415,260
45416,6021
45417,320
45418,6035
45419,272
45420,6153
45421,276
45422,6115
45423,267
45424,6045
45425,276
45426,6121
45427,270
45428,6042
45429,259
45430,6996
45431,294
45432,6113
45433,278
45434,6070
45435,268
45436,6064
45437,271
45438,6118
45439,287
45440,5970
45441,272
45442,6066
45443,270
45444,6185
45445,261
45446,5972
45447,266
45448,6078
45449,298
45450,6114
45451,266
45452,6039
45453,260
45454,5926
45455,272
45456,6114
45457,3010
45458,6617
45459,265
45460,6165
45461,271
45462,7389
45463,282
45464,6347
45465,279
45466,6073
45467,276
45468,6074
45469,279
45470,6211
45471,283
45472,6172
45473,285
45474,6059
45475,272
45476,6075
45477,290
45478,6036
45479,281
45480,6088
45481,281
45482,6083
45483,280
45484,5944
45485,338
45486,6128
45487,277
45488,6046
45489,278
45490,6079
45491,276
45492,6123
45493,323
45494,7249
45495,297
45496,6199
45497,277
45498,6113
45499,270
45500,6284
45501,282
45502,6115
45503,337
45504,6043
45505,318
45506,6157
45507,259
45508,6142
45509,271
45510,5999
45511,275
45512,6038
45513,280
45514,6063
45515,275
45516,6200
45517,262
45518,6161
45519,270
45520,5999
45521,276
45522,6075
45523,299
45524,6105
45525,332
45526,7326
45527,284
45528,6364
45529,283
45530,6039
45531,301
45532,6014
45533,307
45534,6123
45535,272
45536,5990
45537,275
45538,6079
45539,266
45540,6133
45541,308
45542,6142
45543,273
45544,6089
45545,327
45546,6091
45547,261
45548,6130
45549,272
45550,6114
45551,270
45552,6037
45553,269
45554,6102
45555,271
45556,6086
45557,274
45558,7209
45559,286
45560,6081
45561,277
45562,6014
45563,277
45564,6054
45565,271
45566,6105
45567,261
45568,6123
45569,354
45570,6442
45571,278
45572,6171
45573,279
45574,5984
45575,274
45576,6052
45577,311
45578,6087
45579,260
45580,5980
45581,277
45582,6026
45583,294
45584,5977
45585,2991
45586,6468
45587,298
45588,6117
45589,274
45590,7228
45591,279
45592,6086
45593,275
45594,6060
45595,276
45596,6075
45597,273
45598,5937
45599,265
45600,6098
45601,278
45602,6040
45603,297
45604,6061
45605,273
45606,6129
45607,275
45608,6067
45609,282
45610,6129
45611,279
45612,6128
45613,281
45614,6138
45615,278
45616,6074
45617,278
45618,6207
45619,278
45620,6048
45621,281
45622,7248
45623,307
45624,6174
45625,272
45626,5981
45627,282
45628,5972
45629,260
45630,6193
45631,299
45632,6125
45633,272
45634,5994
45635,273
45636,6042
45637,275
45638,6171
45639,270
45640,6012
45641,267
45642,5970
45643,316
45644,6195
45645,275
45646,6039
45647,304
45648,5965
45649,292
45650,6102
45651,268
45652,5978
45653,292
45654,7137
45655,328
45656,6164
45657,307
45658,6110
45659,262
45660,6087
45661,273
45662,6215
45663,275
45664,6124
45665,260
45666,6070
45667,271
45668,6106
45669,268
45670,5932
45671,259
45672,6056
45673,270
45674,6066
45675,258
45676,6090
45677,273
45678,5972
45679,270
45680,6074
45681,271
45682,5965
45683,270
45684,6076
45685,301
45686,7080
45687,277
45688,6209
45689,296
45690,6004
45691,265
45692,5981
45693,271
45694,6009
45695,279
45696,6071
45697,270
45698,6143
45699,276
45700,6055
45701,272
45702,6063
45703,257
45704,6116
45705,275
45706,5993
45707,264
45708,6048
45709,261
45710,6022
45711,270
45712,6066
45713,3172
45714,6643
45715,322
45716,6112
45717,277
45718,7291
45719,284
45720,6165
45721,281
45722,6068
45723,281
45724,6094
45725,280
45726,6073
45727,280
45728,5999
45729,307
45730,6046
45731,287
45732,5955
45733,280
45734,6056
45735,281
45736,6123
45737,277
45738,6085
45739,280
45740,6167
45741,276
45742,6154
45743,276
45744,6089
45745,279
45746,6187
45747,274
45748,6117
45749,281
45750,7229
45751,286
45752,6160
45753,275
45754,6000
45755,277
45756,6126
45757,273
45758,6165
45759,277
45760,6092
45761,326
45762,6243
45763,275
45764,6078
45765,275
45766,6097
45767,317
45768,6142
45769,272
45770,6172
45771,262
45772,5947
45773,265
45774,6061
45775,273
45776,6052
45777,263
45778,6023
45779,275
45780,6051
45781,272
45782,7068
45783,277
45784,6253
45785,279
45786,6043
45787,274
45788,5982
45789,262
45790,6140
45791,305
45792,5994
45793,260
45794,6050
45795,265
45796,6035
45797,275
45798,6084
45799,267
45800,6010
45801,307
45802,6160
45803,271
45804,6178
45805,296
45806,6090
45807,272
45808,6130
45809,276
45810,6016
45811,277
45812,6117
45813,273
45814,7154
45815,278
45816,6171
45817,265
45818,6010
45819,275
45820,5935
45821,302
45822,6041
45823,263
45824,6031
45825,277
45826,5911
45827,262
45828,6046
45829,262
45830,5933
45831,272
45832,6035
45833,282
45834,6179
45835,273
45836,5994
45837,271
45838,5957
45839,3248
45840,6524
45841,288
45842,6112
45843,323
45844,6223
45845,275
45846,7234
45847,287
45848,6153
45849,300
45850,5968
45851,268
45852,6052
45853,285
45854,6091
45855,282
45856,6120
45857,302
45858,6008
45859,277
45860,6000
45861,280
45862,6126
45863,278
45864,6186
45865,279
45866,6139
45867,282
45868,6228
45869,311
45870,6126
45871,276
45872,6111
45873,274
45874,6144
45875,278
45876,6062
45877,277
45878,7181
45879,279
45880,6227
45881,306
45882,6034
45883,308
45884,6017
45885,303
45886,5967
45887,272
45888,5987
45889,278
45890,5938
45891,266
45892,5952
45893,261
45894,5978
45895,279
45896,6045
45897,293
45898,6048
45899,273
45900,5984
45901,273
45902,6186
45903,273
45904,5986
45905,275
45906,5995
45907,273
45908,6102
45909,277
45910,7115
45911,275
45912,6136
45913,274
45914,5980
45915,273
45916,5983
45917,276
45918,6076
45919,276
45920,6011
45921,261
45922,6040
45923,261
45924,5946
45925,279
45926,5965
45927,271
45928,6091
45929,275
45930,6132
45931,262
45932,5926
45933,260
45934,5962
45935,303
45936,5962
45937,270
45938,5983
45939,273
45940,5909
45941,263
45942,7099
45943,280
45944,6084
45945,281
45946,5961
45947,271
45948,5910
45949,277
45950,6082
45951,263
45952,6012
45953,274
45954,6020
45955,273
45956,6072
45957,261
45958,6044
45959,272
45960,6022
45961,272
45962,6034
45963,271
45964,5993
45965,304
45966,6085
45967,3038
45968,6415
45969,293
45970,6536
45971,275
45972,6050
45973,275
45974,7237
45975,283
45976,6166
45977,278
45978,6055
45979,281
45980,6077
45981,298
45982,5962
45983,276
45984,6089
45985,276
45986,5996
45987,277
45988,6142
45989,280
45990,6003
45991,274
45992,6002
45993,279
45994,6105
45995,293
45996,6016
45997,274
45998,5906
45999,279
46000,5984
46001,279
46002,6046
46003,263
46004,6052
46005,279
46006,7122
46007,280
46008,6100
46009,285
46010,6044
46011,330
46012,6110
46013,280
46014,6066
46015,276
46016,5953
46017,278
46018,5941
46019,275
46020,5949
46021,282
46022,6038
46023,281
46024,6151
46025,279
46026,6119
46027,279
46028,6064
46029,280
46030,6150
46031,286
46032,6053
46033,278
46034,6074
46035,281
46036,5919
46037,277
46038,7087
46039,289
46040,6220
46041,296
46042,6163
46043,315
46044,5901
46045,298
46046,6124
46047,301
46048,6178
46049,306
46050,6160
46051,280
46052,6075
46053,284
46054,6024
46055,277
46056,5963
46057,279
46058,5945
46059,279
46060,6013
46061,276
46062,5974
46063,276
46064,6105
46065,281
46066,5998
46067,282
46068,6191
46069,279
46070,7370
46071,281
46072,6112
46073,299
46074,6143
46075,283
46076,6155
46077,279
46078,6003
46079,287
46080,6016
46081,319
46082,6509
46083,336
46084,6136
46085,279
46086,6055
46087,310
46088,5927
46089,273
46090,6199
46091,277
46092,6084
46093,296
46094,5975
46095,2956
46096,6421
46097,290
46098,6313
46099,317
46100,6076
46101,285
46102,7146
46103,285
46104,6121
46105,292
46106,6025
46107,297
46108,6076
46109,284
46110,6146
46111,308
46112,6003
46113,286
46114,6100
46115,276
46116,6003
46117,280
46118,6116
46119,284
46120,5918
46121,274
46122,5926
46123,310
46124,5945
46125,282
46126,6188
46127,288
46128,6097
46129,291
46130,6117
46131,286
46132,6192
46133,280
46134,7259
46135,287
46136,6128
46137,280
46138,5989
46139,280
46140,5937
46141,263
46142,5918
46143,278
46144,5918
46145,267
46146,6014
46147,264
46148,5901
46149,291
46150,6003
46151,320
46152,5952
46153,278
46154,5880
46155,273
46156,5982
46157,264
46158,5926
46159,274
46160,5995
46161,276
46162,5960
46163,275
46164,6194
46165,295
46166,7208
46167,282
46168,6140
46169,279
46170,5940
46171,300
46172,6038
46173,285
46174,6126
46175,274
46176,6061
46177,279
46178,6173
46179,313
46180,6033
46181,282
46182,6080
46183,279
46184,5977
46185,274
46186,6001
46187,275
46188,6022
46189,276
46190,5941
46191,276
46192,6091
46193,340
46194,6091
46195,275
46196,5986
46197,275
46198,7154
46199,282
46200,6112
46201,283
46202,6064
46203,274
46204,6037
46205,304
46206,6041
46207,280
46208,6111
46209,281
46210,6084
46211,274
46212,5986
46213,279
46214,6017
46215,277
46216,5967
46217,278
46218,5987
46219,279
46220,6073
46221,281
46222,6030
46223,2896
46224,6385
46225,304
46226,6125
46227,267
46228,6081
46229,267
46230,7140
46231,287
46232,6204
46233,276
46234,6054
46235,283
46236,6049
46237,288
46238,6035
46239,276
46240,6096
46241,278
46242,6099
46243,274
46244,6020
46245,276
46246,6090
46247,273
46248,6028
46249,275
46250,6069
46251,275
46252,5994
46253,277
46254,5999
46255,275
46256,6081
46257,273
46258,6051
46259,302
46260,6010
46261,273
46262,7152
46263,262
46264,6241
46265,260
46266,5930
46267,273
46268,6022
46269,270
46270,6018
46271,274
46272,6066
46273,293
46274,6089
46275,257
46276,6165
46277,271
46278,6109
46279,305
46280,6074
46281,272
46282,6168
46283,269
46284,6047
46285,269
46286,6043
46287,257
46288,6054
46289,291
46290,6108
46291,272
46292,6105
46293,270
46294,7202
46295,273
46296,6278
46297,304
46298,6203
46299,260
46300,6103
46301,276
46302,5917
46303,259
46304,5978
46305,258
46306,5977
46307,267
46308,6033
46309,307
46310,6038
46311,261
46312,6037
46313,268
46314,6092
46315,306
46316,6044
46317,261
46318,6044
46319,256
46320,6199
46321,278
46322,6119
46323,269
46324,6015
46325,257
46326,7014
46327,267
46328,6221
46329,265
46330,5978
46331,273
46332,5915
46333,276
46334,6198
46335,313
46336,5988
46337,271
46338,6047
46339,259
46340,6039
46341,264
46342,6084
46343,272
46344,6050
46345,321
46346,6069
46347,270
46348,6075
46349,262
46350,9252
46351,301
46352,6205
46353,277
46354,6129
46355,293
46356,5992
46357,297
46358,65257
46359,459
46360,44783
46361,2444
46362,18013
46363,495
46364,9079
46365,390
46366,6966
46367,295
46368,6504
46369,280
46370,6241
46371,279
46372,6185
46373,281
46374,6113
46375,255
46376,6168
46377,299
46378,6215
46379,279
46380,6086
46381,272
46382,6040
46383,309
46384,6117
46385,268
46386,6430
46387,297
46388,6182
46389,264
46390,7981
46391,274
46392,6518
46393,278
46394,6246
46395,278
46396,6042
46397,272
46398,6255
46399,273
46400,6092
46401,272
46402,6211
46403,274
46404,6104
46405,271
46406,6008
46407,261
46408,6108
46409,290
46410,6011
46411,260
46412,6057
46413,279
46414,6054
46415,282
46416,5982
46417,280
46418,6096
46419,277
46420,6135
46421,280
46422,7203
46423,279
46424,6281
46425,280
46426,6054
46427,271
46428,6099
46429,280
46430,6098
46431,273
46432,5997
46433,273
46434,6054
46435,281
46436,6172
46437,275
46438,6170
46439,290
46440,6008
46441,295
46442,6078
46443,276
46444,6039
46445,301
46446,6004
46447,278
46448,5994
46449,277
46450,6118
46451,270
46452,6003
46453,295
46454,7055
46455,281
46456,6107
46457,294
46458,6118
46459,278
46460,6165
46461,280
46462,6096
46463,271
46464,6050
46465,279
46466,6041
46467,263
46468,6074
46469,262
46470,6217
46471,275
46472,6051
46473,309
46474,6095
46475,281
46476,6023
46477,315
46478,6039
46479,8849
46480,7474
46481,282
46482,6482
46483,285
46484,6203
46485,279
46486,7456
46487,286
46488,6318
46489,283
46490,6259
46491,317
46492,6169
46493,282
46494,6120
46495,285
46496,6114
46497,300
46498,6104
46499,278
46500,6033
46501,280
46502,6118
46503,276
46504,5949
46505,276
46506,5954
46507,280
46508,6019
46509,302
46510,6072
46511,282
46512,6147
46513,282
46514,6034
46515,300
46516,6028
46517,276
46518,7319
46519,313
46520,6188
46521,283
46522,6175
46523,282
46524,6100
46525,287
46526,6085
46527,285
46528,6122
46529,285
46530,6192
46531,288
46532,6072
46533,286
46534,6001
46535,273
46536,6001
46537,277
46538,6102
46539,273
46540,5985
46541,312
46542,6281
46543,284
46544,6022
46545,283
46546,6325
46547,332
46548,6182
46549,292
46550,7274
46551,321
46552,6379
46553,311
46554,6085
46555,285
46556,6012
46557,274
46558,6147
46559,285
46560,6029
46561,323
46562,6125
46563,287
46564,6082
46565,302
46566,6091
46567,279
46568,6124
46569,287
46570,6048
46571,281
46572,6008
46573,283
46574,6018
46575,285
46576,6121
46577,279
46578,6507
46579,284
46580,6124
46581,283
46582,7184
46583,288
46584,6204
46585,284
46586,6116
46587,291
46588,6072
46589,287
46590,6215
46591,295
46592,6067
46593,417
46594,6988
46595,275
46596,6322
46597,277
46598,6216
46599,282
46600,6254
46601,279
46602,6256
46603,278
46604,6000
46605,279
46606,6190
46607,3124
46608,6762
46609,284
46610,6107
46611,280
46612,6124
46613,278
46614,7355
46615,280
46616,6239
46617,306
46618,6066
46619,306
46620,6102
46621,290
46622,6174
46623,282
46624,6084
46625,290
46626,6129
46627,310
46628,6199
46629,296
46630,6094
46631,279
46632,6076
46633,279
46634,6079
46635,293
46636,6074
46637,282
46638,6166
46639,280
46640,6040
46641,282
46642,6031
46643,293
46644,6139
46645,278
46646,7244
46647,286
46648,6198
46649,286
46650,6229
46651,287
46652,6210
46653,285
46654,6263
46655,290
46656,6095
46657,279
46658,6080
46659,282
46660,6155
46661,288
46662,6162
46663,279
46664,6045
46665,316
46666,6169
46667,283
46668,6040
46669,283
46670,6125
46671,285
46672,5984
46673,278
46674,6067
46675,276
46676,6040
46677,279
46678,7162
46679,310
46680,6294
46681,293
46682,6158
46683,281
46684,6048
46685,280
46686,6053
46687,299
46688,6112
46689,283
46690,6168
46691,280
46692,6133
46693,286
46694,6209
46695,318
46696,6146
46697,321
46698,6203
46699,288
46700,6056
46701,329
46702,6090
46703,279
46704,6088
46705,290
46706,6069
46707,282
46708,6119
46709,282
46710,7301
46711,300
46712,6133
46713,280
46714,6056
46715,284
46716,6041
46717,301
46718,6196
46719,311
46720,6098
46721,279
46722,6029
46723,282
46724,6232
46725,298
46726,6020
46727,292
46728,6167
46729,298
46730,6110
46731,295
46732,6038
46733,287
46734,6440
46735,3043
46736,6726
46737,386
46738,6251
46739,281
46740,6130
46741,277
46742,7265
46743,301
46744,6281
46745,286
46746,6079
46747,273
46748,6063
46749,278
46750,6080
46751,271
46752,6205
46753,306
46754,6226
46755,286
46756,6124
46757,310
46758,6129
46759,270
46760,5995
46761,288
46762,6123
46763,270
46764,6101
46765,272
46766,6151
46767,272
46768,5963
46769,292
46770,6047
46771,272
46772,6073
46773,269
46774,7071
46775,297
46776,6169
46777,285
46778,6209
46779,286
46780,6158
46781,286
46782,6119
46783,278
46784,6033
46785,279
46786,6046
46787,285
46788,6090
46789,275
46790,6121
46791,275
46792,6088
46793,308
46794,6086
46795,283
46796,6186
46797,287
46798,6250
46799,314
46800,6197
46801,312
46802,6364
46803,314
46804,6054
46805,291
46806,7182
46807,301
46808,6400
46809,318
46810,6093
46811,283
46812,6153
46813,313
46814,6022
46815,284
46816,6056
46817,281
46818,6057
46819,321
46820,6182
46821,282
46822,6127
46823,305
46824,6078
46825,278
46826,6193
46827,309
46828,6155
46829,317
46830,6104
46831,327
46832,6178
46833,289
46834,6148
46835,285
46836,6017
46837,280
46838,7212
46839,288
46840,6196
46841,282
46842,6106
46843,279
46844,6103
46845,290
46846,6120
46847,291
46848,6201
46849,281
46850,6180
46851,314
46852,6125
46853,283
46854,6083
46855,284
46856,6058
46857,288
46858,6148
46859,307
46860,6086
46861,3161
46862,6790
46863,289
46864,6298
46865,304
46866,6102
46867,297
46868,6242
46869,283
46870,7236
46871,285
46872,6155
46873,309
46874,6238
46875,305
46876,6234
46877,288
46878,6222
46879,289
46880,6139
46881,283
46882,6061
46883,281
46884,6114
46885,279
46886,6240
46887,292
46888,6163
46889,309
46890,6027
46891,281
46892,6241
46893,288
46894,6023
46895,290
46896,6200
46897,278
46898,6196
46899,329
46900,6240
46901,301
46902,7221
46903,298
46904,6332
46905,282
46906,6214
46907,279
46908,6159
46909,297
46910,6133
46911,312
46912,6236
46913,298
46914,6049
46915,277
46916,6150
46917,281
46918,6198
46919,288
46920,6286
46921,277
46922,6140
46923,296
46924,6155
46925,283
46926,6164
46927,308
46928,6210
46929,277
46930,6083
46931,275
46932,6201
46933,311
46934,7296
46935,312
46936,6322
46937,306
46938,6231
46939,314
46940,6014
46941,299
46942,6159
46943,343
46944,6085
46945,280
46946,6097
46947,279
46948,6277
46949,286
46950,6277
46951,295
46952,6116
46953,321
46954,6069
46955,305
46956,6112
46957,285
46958,6287
46959,300
46960,6095
46961,286
46962,6124
46963,286
46964,6086
46965,283
46966,7243
46967,295
46968,6306
46969,300
46970,6083
46971,297
46972,6175
46973,288
46974,6109
46975,296
46976,6199
46977,282
46978,6165
46979,298
46980,6224
46981,283
46982,6169
46983,280
46984,6253
46985,290
46986,6135
46987,282
46988,6223
46989,3367
46990,6715
46991,318
46992,6335
46993,286
46994,6189
46995,303
46996,6166
46997,335
46998,7337
46999,345
47000,6290
47001,323
47002,6044
47003,278
47004,6251
47005,282
47006,6141
47007,314
47008,6128
47009,315
47010,6164
47011,279
47012,6059
47013,278
47014,6262
47015,280
47016,6116
47017,318
47018,6135
47019,295
47020,6230
47021,288
47022,6139
47023,317
47024,6017
47025,344
47026,6055
47027,297
47028,6014
47029,348
47030,7210
47031,306
47032,6293
47033,285
47034,6125
47035,341
47036,6035
47037,280
47038,6203
47039,292
47040,6176
47041,296
47042,6200
47043,292
47044,6083
47045,280
47046,6162
47047,282
47048,6103
47049,309
47050,6203
47051,286
47052,6105
47053,297
47054,6125
47055,283
47056,6136
47057,293
47058,6102
47059,286
47060,6169
47061,312
47062,7351
47063,300
47064,6274
47065,301
47066,6106
47067,279
47068,6172
47069,299
47070,6178
47071,283
47072,6120
47073,280
47074,6179
47075,287
47076,6109
47077,280
47078,6041
47079,295
47080,6155
47081,283
47082,6240
47083,298
47084,6193
47085,283
47086,6243
47087,308
47088,6173
47089,310
47090,6065
47091,317
47092,6022
47093,284
47094,7354
47095,291
47096,6272
47097,284
47098,6141
47099,279
47100,6082
47101,293
47102,6172
47103,282
47104,6118
47105,349
47106,6590
47107,324
47108,6412
47109,283
47110,6099
47111,277
47112,6120
47113,283
47114,6209
47115,281
47116,6030
47117,4242
47118,6800
47119,304
47120,6203
47121,279
47122,6127
47123,278
47124,6104
47125,311
47126,7384
47127,286
47128,6689
47129,315
47130,6301
47131,276
47132,39145
47133,396
47134,9531
47135,330
47136,6730
47137,283
47138,6264
47139,279
47140,5966
47141,282
47142,6040
47143,282
47144,6046
47145,358
47146,6047
47147,300
47148,6096
47149,314
47150,168969
47151,1075
47152,12233
47153,406
47154,8066
47155,299
47156,6857
47157,268
47158,9472
47159,288
47160,6799
47161,303
47162,6384
47163,283
47164,6266
47165,276
47166,6202
47167,274
47168,6296
47169,302
47170,6272
47171,260
47172,6216
47173,275
47174,6217
47175,277
47176,6195
47177,281
47178,6129
47179,277
47180,6154
47181,273
47182,6197
47183,316
47184,6189
47185,278
47186,6155
47187,303
47188,6080
47189,294
47190,7399
47191,280
47192,6501
47193,278
47194,6254
47195,279
47196,6174
47197,275
47198,6228
47199,263
47200,6176
47201,310
47202,57971
47203,766
47204,43832
47205,512
47206,10900
47207,309
47208,24784
47209,1339
47210,21184
47211,407
47212,8914
47213,314
47214,7040
47215,281
47216,14721
47217,260
47218,6365
47219,288
47220,5882
47221,259
47222,8357
47223,253
47224,6203
47225,259
47226,5936
47227,285
47228,5882
47229,261
47230,5771
47231,281
47232,5758
47233,302
47234,5749
47235,254
47236,5855
47237,257
47238,5822
47239,288
47240,5836
47241,281
47242,5759
47243,269
47244,5824
47245,270
47246,5919
47247,10683
47248,7133
47249,296
47250,6225
47251,261
47252,5841
47253,296
47254,7080
47255,283
47256,5927
47257,284
47258,5832
47259,282
47260,5796
47261,265
47262,5878
47263,279
47264,5861
47265,265
47266,5772
47267,296
47268,5786
47269,269
47270,5858
47271,279
47272,5888
47273,283
47274,5753
47275,259
47276,5889
47277,281
47278,5782
47279,270
47280,5753
47281,296
47282,5774
47283,259
47284,5730
47285,269
47286,6935
47287,267
47288,6131
47289,258
47290,5791
47291,266
47292,5712
47293,278
47294,5729
47295,272
47296,5800
47297,253
47298,5858
47299,284
47300,17863
47301,496
47302,38261
47303,781
47304,16594
47305,526
47306,12105
47307,519
47308,11155
47309,475
47310,10640
47311,510
47312,10450
47313,561
47314,12379
47315,481
47316,11277
47317,446
47318,13998
47319,549
47320,11786
47321,484
47322,11942
47323,519
47324,11323
47325,549
47326,11805
47327,509
47328,10751
47329,497
47330,11564
47331,551
47332,12846
47333,545
47334,12195
47335,609
47336,12618
47337,551
47338,13884
47339,507
47340,11960
47341,472
47342,11607
47343,477
47344,12131
47345,529
47346,12615
47347,453
47348,10696
47349,497
47350,12344
47351,484
47352,10610
47353,506
47354,10910
47355,443
47356,11807
47357,530
47358,13054
47359,514
47360,12294
47361,554
47362,10659
47363,493
47364,10691
47365,441
47366,10656
47367,499
47368,10753
47369,522
47370,10336
47371,437
47372,10754
47373,513
47374,19543
47375,512
47376,11284
47377,532
47378,11423
47379,542
47380,12006
47381,551
47382,13659
47383,491
47384,11823
47385,557
47386,11668
47387,496
47388,11884
47389,577
47390,12406
47391,501
47392,11330
47393,494
47394,11782
47395,502
47396,12883
47397,588
47398,13799
47399,574
47400,12395
47401,479
47402,11038
47403,481
47404,12046
47405,508
47406,11952
47407,496
47408,11847
47409,548
47410,11812
47411,503
47412,11465
47413,490
47414,14487
47415,487
47416,12138
47417,556
47418,10767
47419,468
47420,11183
47421,445
47422,11305
47423,514
47424,12054
47425,505
47426,12408
47427,492
47428,11430
47429,430
47430,11172
47431,458
47432,13234
47433,519
47434,12778
47435,574
47436,11697
47437,493
47438,11697
47439,513
47440,11777
47441,533
47442,12250
47443,501
47444,11968
47445,569
47446,14046
47447,547
47448,11806
47449,458
47450,11745
47451,642
47452,13312
47453,635
47454,13123
47455,637
47456,13441
47457,566
47458,12628
47459,550
47460,12809
47461,573
47462,13076
47463,462
47464,13160
47465,557
47466,11714
47467,481
47468,11244
47469,416
47470,10470
47471,456
47472,11046
47473,566
47474,12979
47475,456
47476,10445
47477,537
47478,13299
47479,446
47480,11021
47481,543
47482,11904
47483,465
47484,11334
47485,515
47486,10965
47487,440
47488,17749
47489,545
47490,15610
47491,619
47492,11581
47493,486
47494,10848
47495,441
47496,11178
47497,584
47498,11516
47499,503
47500,11271
47501,476
47502,20000
47503,507
47504,12639
47505,507
47506,13366
47507,597
47508,13089
47509,561
47510,15268
47511,590
47512,13686
47513,595
47514,12689
47515,570
47516,12143
47517,557
47518,23411
47519,536
47520,13431
47521,520
47522,12886
47523,505
47524,11585
47525,487
47526,12092
47527,551
47528,11242
47529,484
47530,11408
47531,475
47532,19520
47533,484
47534,11343
47535,468
47536,10508
47537,495
47538,22295
47539,566
47540,127990
47541,2729809
47542,76510
47543,1090
47544,18682
47545,677
47546,14658
47547,739
47548,13449
47549,522
47550,12387
47551,493
47552,12313
47553,583
47554,11649
47555,537
47556,11387
47557,497
47558,11712
47559,563
47560,11788
47561,463
47562,12035
47563,500
47564,12251
47565,560
47566,12104
47567,534
47568,12537
47569,536
47570,12072
47571,531
47572,307269
47573,3486
47574,123038
47575,2597
47576,17704
47577,359
47578,8279
47579,324
47580,6766
47581,277
47582,6541
47583,276
47584,6361
47585,2476
47586,18378
47587,578
47588,13129
47589,560
47590,84291
47591,1106
47592,14213
47593,411
47594,8843
47595,324
47596,7317
47597,323
47598,6705
47599,286
47600,6280
47601,286
47602,6354
47603,312
47604,9594
47605,310
47606,6717
47607,345
47608,6246
47609,323
47610,6261
47611,277
47612,6219
47613,272
47614,6267
47615,277
47616,6225
47617,333
47618,7576
47619,323
47620,6412
47621,307
47622,6259
47623,315
47624,6183
47625,280
47626,6086
47627,279
47628,6135
47629,277
47630,13642
47631,332
47632,6463
47633,283
47634,6537
47635,259
47636,7701
47637,285
47638,6474
47639,307
47640,6362
47641,280
47642,6178
47643,281
47644,6256
47645,283
47646,6287
47647,271
47648,6341
47649,260
47650,6453
47651,272
47652,6137
47653,302
47654,6240
47655,274
47656,6210
47657,277
47658,6354
47659,270
47660,6436
47661,278
47662,6233
47663,298
47664,6277
47665,278
47666,6197
47667,263
47668,7417
47669,286
47670,6675
47671,280
47672,6146
47673,298
47674,6098
47675,258
47676,6367
47677,281
47678,6079
47679,268
47680,6615
47681,305
47682,6283
47683,314
47684,6106
47685,306
47686,6195
47687,284
47688,6200
47689,337
47690,6201
47691,281
47692,6114
47693,278
47694,6318
47695,307
47696,6247
47697,262
47698,6244
47699,293
47700,7575
47701,284
47702,6637
47703,278
47704,6135
47705,294
47706,6246
47707,279
47708,6176
47709,282
47710,6167
47711,277
47712,6421
47713,323
47714,6356
47715,272
47716,6113
47717,281
47718,6339
47719,272
47720,6226
47721,282
47722,6133
47723,304
47724,6089
47725,283
47726,6339
47727,275
47728,6454
47729,309
47730,6239
47731,262
47732,7384
47733,283
47734,6341
47735,277
47736,6177
47737,263
47738,6245
47739,272
47740,6150
47741,280
47742,6318
47743,298
47744,6511
47745,282
47746,6634
47747,281
47748,6443
47749,262
47750,6224
47751,280
47752,6100
47753,277
47754,6247
47755,282
47756,6444
47757,435
47758,12417
47759,333
47760,6821
47761,367
47762,6435
47763,299
47764,7812
47765,297
47766,6472
47767,286
47768,6470
47769,308
47770,6253
47771,277
47772,6108
47773,284
47774,6087
47775,277
47776,6240
47777,280
47778,6219
47779,277
47780,10075
47781,286
47782,6280
47783,273
47784,6238
47785,275
47786,6318
47787,273
47788,6588
47789,274
47790,6216
47791,273
47792,6157
47793,276
47794,6110
47795,272
47796,7795
47797,295
47798,6759
47799,301
47800,6641
47801,308
47802,6404
47803,288
47804,6297
47805,285
47806,6139
47807,283
47808,6234
47809,314
47810,6175
47811,297
47812,6235
47813,276
47814,6369
47815,279
47816,6117
47817,314
47818,6143
47819,278
47820,6203
47821,314
47822,6194
47823,308
47824,6268
47825,276
47826,6105
47827,296
47828,7547
47829,287
47830,6492
47831,312
47832,6192
47833,277
47834,6363
47835,274
47836,6115
47837,280
47838,6358
47839,300
47840,6083
47841,280
47842,6282
47843,281
47844,6182
47845,279
47846,6170
47847,313
47848,6086
47849,309
47850,6081
47851,296
47852,6293
47853,279
47854,6106
47855,276
47856,6244
47857,300
47858,6218
47859,301
47860,7436
47861,287
47862,6526
47863,289
47864,6104
47865,281
47866,6137
47867,308
47868,6183
47869,329
47870,6222
47871,289
47872,6268
47873,298
47874,6201
47875,296
47876,6244
47877,277
47878,6232
47879,278
47880,6241
47881,281
47882,6147
47883,277
47884,12028
47885,339
47886,6366
47887,281
47888,6240
47889,310
47890,6215
47891,276
47892,7225
47893,323
47894,6285
47895,296
47896,6214
47897,278
47898,6040
47899,359
47900,6161
47901,283
47902,6033
47903,273
47904,6043
47905,303
47906,6125
47907,273
47908,6092
47909,276
47910,6116
47911,271
47912,5998
47913,281
47914,6284
47915,273
47916,6157
47917,283
47918,6106
47919,276
47920,5999
47921,266
47922,6147
47923,275
47924,7220
47925,279
47926,6269
47927,313
47928,6020
47929,259
47930,6073
47931,276
47932,6163
47933,278
47934,6265
47935,274
47936,6106
47937,276
47938,6350
47939,271
47940,6117
47941,322
47942,6076
47943,279
47944,6151
47945,278
47946,6077
47947,278
47948,6163
47949,279
47950,6269
47951,278
47952,6174
47953,319
47954,6149
47955,283
47956,7312
47957,310
47958,6484
47959,281
47960,6200
47961,283
47962,6125
47963,266
47964,6064
47965,279
47966,6114
47967,282
47968,6038
47969,297
47970,6076
47971,314
47972,6090
47973,311
47974,6040
47975,266
47976,6152
47977,277
47978,6121
47979,313
47980,6088
47981,277
47982,6141
47983,309
47984,6019
47985,278
47986,6160
47987,279
47988,7224
47989,342
47990,6334
47991,293
47992,6160
47993,282
47994,6119
47995,275
47996,6059
47997,312
47998,6025
47999,333
48000,6077
48001,276
48002,6099
48003,309
48004,6227
48005,308
48006,6181
48007,314
48008,6137
48009,284
48010,6235
48011,285
48012,9625
48013,306
48014,6305
48015,288
48016,6169
48017,281
48018,6060
48019,296
48020,7389
48021,319
48022,6347
48023,312
48024,6074
48025,296
48026,6082
48027,276
48028,6009
48029,274
48030,6145
48031,309
48032,6244
48033,265
48034,114598
48035,33571
48036,13620
48037,360
48038,7203
48039,323
48040,6497
48041,279
48042,6222
48043,294
48044,6183
48045,272
48046,6018
48047,286
48048,6058
48049,307
48050,6170
48051,283
48052,8150
48053,313
48054,6410
48055,274
48056,6067
48057,279
48058,6227
48059,281
48060,6109
48061,276
48062,6067
48063,268
48064,6134
48065,278
48066,6234
48067,324
48068,6171
48069,287
48070,6095
48071,294
48072,6117
48073,282
48074,6077
48075,278
48076,6123
48077,285
48078,6147
48079,280
48080,6343
48081,289
48082,6202
48083,306
48084,7319
48085,314
48086,6394
48087,276
48088,6263
48089,278
48090,6080
48091,281
48092,6155
48093,265
48094,6113
48095,276
48096,6193
48097,276
48098,6280
48099,289
48100,6155
48101,318
48102,6226
48103,279
48104,6099
48105,280
48106,6048
48107,280
48108,6217
48109,280
48110,6135
48111,296
48112,6083
48113,278
48114,6065
48115,280
48116,7333
48117,313
48118,6412
48119,321
48120,6280
48121,279
48122,6182
48123,314
48124,6191
48125,326
48126,6156
48127,278
48128,6355
48129,405
48130,7020
48131,296
48132,6530
48133,287
48134,6225
48135,279
48136,6272
48137,280
48138,6358
48139,281
48140,11402
48141,291
48142,6359
48143,286
48144,6240
48145,282
48146,6138
48147,328
48148,7473
48149,311
48150,6342
48151,303
48152,6210
48153,330
48154,6273
48155,300
48156,6254
48157,322
48158,6199
48159,286
48160,6301
48161,301
48162,6265
48163,300
48164,6203
48165,289
48166,6199
48167,318
48168,6279
48169,283
48170,6134
48171,280
48172,6175
48173,282
48174,6170
48175,317
48176,6271
48177,289
48178,6115
48179,287
48180,7282
48181,296
48182,6561
48183,285
48184,6214
48185,302
48186,6307
48187,282
48188,6156
48189,350
48190,6094
48191,287
48192,6214
48193,292
48194,6164
48195,289
48196,6200
48197,284
48198,6120
48199,297
48200,6107
48201,308
48202,6268
48203,319
48204,6187
48205,286
48206,6123
48207,290
48208,6144
48209,286
48210,6244
48211,300
48212,7301
48213,291
48214,6303
48215,299
48216,6135
48217,282
48218,6189
48219,326
48220,6254
48221,334
48222,6202
48223,288
48224,6191
48225,280
48226,6094
48227,289
48228,6197
48229,279
48230,6134
48231,289
48232,6340
48233,283
48234,6178
48235,291
48236,6217
48237,319
48238,6206
48239,290
48240,6094
48241,289
48242,6229
48243,287
48244,7183
48245,302
48246,6341
48247,312
48248,6162
48249,282
48250,6309
48251,285
48252,6190
48253,303
48254,6142
48255,286
48256,6160
48257,347
48258,6245
48259,288
48260,6137
48261,286
48262,6089
48263,314
48264,6237
48265,292
48266,6161
48267,400
48268,10026
48269,290
48270,6484
48271,312
48272,6111
48273,307
48274,6184
48275,283
48276,7516
48277,322
48278,6451
48279,283
48280,6157
48281,282
48282,6211
48283,295
48284,6249
48285,282
48286,6239
48287,283
48288,6226
48289,285
48290,6142
48291,345
48292,6342
48293,281
48294,6305
48295,302
48296,6472
48297,283
48298,6151
48299,281
48300,6231
48301,306
48302,6201
48303,283
48304,6126
48305,281
48306,6191
48307,292
48308,7247
48309,290
48310,6433
48311,297
48312,6113
48313,281
48314,6202
48315,284
48316,6253
48317,292
48318,6299
48319,280
48320,6170
48321,277
48322,6303
48323,279
48324,6159
48325,280
48326,6208
48327,299
48328,6093
48329,280
48330,6163
48331,274
48332,6141
48333,281
48334,6208
48335,275
48336,6010
48337,275
48338,6105
48339,277
48340,7201
48341,326
48342,6350
48343,305
48344,6176
48345,278
48346,6320
48347,277
48348,6212
48349,344
48350,6859
48351,302
48352,6220
48353,306
48354,6202
48355,278
48356,6162
48357,281
48358,6191
48359,310
48360,6154
48361,278
48362,6237
48363,286
48364,6173
48365,321
48366,6232
48367,277
48368,6139
48369,281
48370,6136
48371,280
48372,7266
48373,288
48374,6405
48375,281
48376,6229
48377,280
48378,6290
48379,306
48380,6257
48381,314
48382,6227
48383,280
48384,6239
48385,279
48386,6152
48387,300
48388,6207
48389,322
48390,6197
48391,294
48392,6193
48393,276
48394,9678
48395,279
48396,6307
48397,304
48398,6186
48399,307
48400,6174
48401,343
48402,6056
48403,277
48404,7436
48405,309
48406,6296
48407,281
48408,6197
48409,281
48410,6133
48411,330
48412,6229
48413,280
48414,6221
48415,277
48416,6183
48417,280
48418,6116
48419,310
48420,6120
48421,297
48422,6170
48423,282
48424,6159
48425,306
48426,6206
48427,304
48428,6201
48429,274
48430,6197
48431,280
48432,6128
48433,299
48434,6219
48435,310
48436,7280
48437,285
48438,6362
48439,287
48440,6135
48441,282
48442,6192
48443,266
48444,6104
48445,281
48446,6272
48447,280
48448,6168
48449,287
48450,6151
48451,310
48452,6234
48453,274
48454,6202
48455,310
48456,6257
48457,284
48458,6165
48459,280
48460,6126
48461,281
48462,6239
48463,279
48464,6194
48465,289
48466,6345
48467,283
48468,7287
48469,297
48470,6448
48471,288
48472,6228
48473,281
48474,6160
48475,278
48476,6261
48477,305
48478,6185
48479,288
48480,6142
48481,280
48482,6111
48483,278
48484,6143
48485,277
48486,6157
48487,296
48488,6119
48489,297
48490,6130
48491,294
48492,6116
48493,281
48494,6186
48495,307
48496,6123
48497,291
48498,6260
48499,287
48500,7265
48501,298
48502,6310
48503,286
48504,6125
48505,301
48506,6091
48507,277
48508,6043
48509,310
48510,6176
48511,284
48512,6224
48513,309
48514,6319
48515,281
48516,6235
48517,281
48518,6171
48519,279
48520,6374
48521,274
48522,9351
48523,290
48524,6390
48525,279
48526,6338
48527,297
48528,6275
48529,282
48530,6203
48531,299
48532,7260
48533,281
48534,6389
48535,284
48536,6111
48537,279
48538,6244
48539,282
48540,6303
48541,280
48542,6181
48543,321
48544,6229
48545,282
48546,6199
48547,279
48548,6223
48549,269
48550,6299
48551,280
48552,6227
48553,275
48554,6113
48555,282
48556,6084
48557,281
48558,6131
48559,279
48560,6175
48561,307
48562,6143
48563,281
48564,7243
48565,282
48566,6292
48567,283
48568,6122
48569,276
48570,6259
48571,280
48572,6174
48573,278
48574,6280
48575,277
48576,6171
48577,311
48578,6157
48579,300
48580,6186
48581,277
48582,6178
48583,280
48584,6212
48585,308
48586,6197
48587,285
48588,6203
48589,293
48590,6041
48591,282
48592,6235
48593,279
48594,6245
48595,323
48596,7221
48597,285
48598,6400
48599,281
48600,6169
48601,310
48602,6283
48603,268
48604,6261
48605,301
48606,6349
48607,320
48608,6159
48609,296
48610,6270
48611,281
48612,6166
48613,280
48614,6193
48615,281
48616,6127
48617,307
48618,6227
48619,299
48620,6110
48621,318
48622,6130
48623,280
48624,6242
48625,294
48626,6188
48627,284
48628,7289
48629,305
48630,6331
48631,280
48632,6101
48633,279
48634,6145
48635,302
48636,6172
48637,285
48638,6323
48639,283
48640,6185
48641,391
48642,6877
48643,289
48644,6219
48645,303
48646,6310
48647,312
48648,6246
48649,281
48650,9199
48651,278
48652,6304
48653,304
48654,6323
48655,281
48656,6239
48657,293
48658,6056
48659,279
48660,7287
48661,299
48662,6359
48663,288
48664,6011
48665,283
48666,6162
48667,285
48668,6047
48669,296
48670,6118
48671,275
48672,6201
48673,286
48674,6102
48675,284
48676,6077
48677,299
48678,6084
48679,279
48680,6196
48681,276
48682,9381
48683,312
48684,6482
48685,281
48686,6248
48687,264
48688,6103
48689,280
48690,6080
48691,279
48692,7244
48693,279
48694,6343
48695,278
48696,6083
48697,275
48698,6191
48699,278
48700,6144
48701,285
48702,6157
48703,276
48704,6173
48705,283
48706,6133
48707,281
48708,6122
48709,272
48710,6307
48711,278
48712,6102
48713,274
48714,5988
48715,277
48716,6086
48717,275
48718,6070
48719,273
48720,6076
48721,276
48722,6057
48723,274
48724,7174
48725,282
48726,6241
48727,279
48728,6033
48729,278
48730,5993
48731,276
48732,6100
48733,275
48734,6040
48735,274
48736,5972
48737,278
48738,6106
48739,274
48740,6147
48741,316
48742,6039
48743,288
48744,6026
48745,274
48746,6001
48747,279
48748,6085
48749,349
48750,6062
48751,266
48752,6083
48753,269
48754,6217
48755,279
48756,7006
48757,280
48758,6186
48759,279
48760,6039
48761,272
48762,6218
48763,277
48764,6004
48765,275
48766,5973
48767,277
48768,6056
48769,265
48770,6095
48771,276
48772,6030
48773,277
48774,6032
48775,279
48776,6036
48777,338
48778,10373
48779,290
48780,6292
48781,283
48782,6327
48783,279
48784,6111
48785,272
48786,6065
48787,273
48788,7555
48789,304
48790,6296
48791,300
48792,6109
48793,282
48794,6017
48795,280
48796,6016
48797,281
48798,6159
48799,284
48800,5924
48801,277
48802,6004
48803,278
48804,6117
48805,274
48806,6024
48807,265
48808,6004
48809,274
48810,6023
48811,277
48812,6037
48813,282
48814,6096
48815,305
48816,6128
48817,273
48818,5984
48819,274
48820,7128
48821,282
48822,6161
48823,282
48824,6114
48825,310
48826,6134
48827,278
48828,6057
48829,265
48830,6146
48831,294
48832,6115
48833,282
48834,5953
48835,280
48836,6069
48837,322
48838,5945
48839,280
48840,6078
48841,288
48842,6021
48843,278
48844,6128
48845,292
48846,6146
48847,277
48848,6129
48849,282
48850,6117
48851,278
48852,7424
48853,292
48854,6187
48855,290
48856,6178
48857,312
48858,6100
48859,278
48860,6074
48861,282
48862,6195
48863,283
48864,6041
48865,286
48866,6080
48867,293
48868,6137
48869,279
48870,6215
48871,317
48872,5995
48873,278
48874,6118
48875,295
48876,5936
48877,282
48878,6181
48879,279
48880,6132
48881,293
48882,6280
48883,277
48884,7376
48885,278
48886,6449
48887,280
48888,6148
48889,279
48890,5935
48891,279
48892,6164
48893,278
48894,6124
48895,289
48896,6115
48897,283
48898,6140
48899,280
48900,6176
48901,344
48902,6119
48903,343
48904,9579
48905,297
48906,6437
48907,295
48908,6153
48909,278
48910,6047
48911,306
48912,6202
48913,296
48914,5950
48915,284
48916,7307
48917,305
48918,6345
48919,287
48920,6164
48921,288
48922,6236
48923,280
48924,6036
48925,283
48926,6125
48927,299
48928,5992
48929,307
48930,5975
48931,277
48932,6136
48933,279
48934,6224
48935,279
48936,6113
48937,258
48938,6183
48939,275
48940,6057
48941,273
48942,6162
48943,261
48944,6184
48945,276
48946,5995
48947,272
48948,7188
48949,341
48950,6472
48951,306
48952,6147
48953,283
48954,6034
48955,281
48956,6163
48957,309
48958,6154
48959,302
48960,6055
48961,332
48962,5940
48963,279
48964,6052
48965,296
48966,6109
48967,306
48968,6157
48969,283
48970,6235
48971,310
48972,6017
48973,307
48974,6148
48975,323
48976,6188
48977,278
48978,6081
48979,279
48980,7341
48981,291
48982,6356
48983,314
48984,6045
48985,316
48986,6117
48987,278
48988,6036
48989,278
48990,6114
48991,308
48992,6020
48993,274
48994,6029
48995,265
48996,6160
48997,318
48998,6139
48999,266
49000,6186
49001,286
49002,6139
49003,277
49004,6141
49005,264
49006,5998
49007,278
49008,6130
49009,278
49010,6026
49011,272
49012,7228
49013,287
49014,6211
49015,275
49016,6093
49017,276
49018,6083
49019,280
49020,6233
49021,290
49022,6167
49023,282
49024,6076
49025,343
49026,6180
49027,292
49028,6084
49029,281
49030,6189
49031,291
49032,9150
49033,285
49034,6331
49035,286
49036,5972
49037,290
49038,6162
49039,343
49040,6260
49041,307
49042,6063
49043,286
49044,7232
49045,285
49046,6302
49047,282
49048,6162
49049,278
49050,6220
49051,283
49052,6310
49053,279
49054,6214
49055,286
49056,6093
49057,278
49058,6165
49059,284
49060,6226
49061,288
49062,6076
49063,313
49064,6134
49065,281
49066,6050
49067,307
49068,6135
49069,314
49070,6002
49071,281
49072,6163
49073,280
49074,6042
49075,328
49076,7113
49077,310
49078,6338
49079,280
49080,6246
49081,280
49082,6124
49083,283
49084,6046
49085,284
49086,6108
49087,300
49088,6092
49089,280
49090,6074
49091,281
49092,6163
49093,285
49094,6054
49095,278
49096,5993
49097,308
49098,6047
49099,279
49100,6053
49101,323
49102,6080
49103,317
49104,6236
49105,279
49106,6156
49107,279
49108,7235
49109,291
49110,6464
49111,286
49112,6163
49113,295
49114,6147
49115,299
49116,10129
49117,297
49118,6555
49119,318
49120,6266
49121,301
49122,6123
49123,287
49124,6128
49125,298
49126,6193
49127,301
49128,6179
49129,285
49130,6215
49131,280
49132,6134
49133,275
49134,6158
49135,290
49136,6116
49137,294
49138,6123
49139,299
49140,7186
49141,293
49142,6154
49143,279
49144,6134
49145,287
49146,6073
49147,282
49148,6073
49149,302
49150,6150
49151,301
49152,6283
49153,399
49154,6954
49155,291
49156,6257
49157,308
49158,6167
49159,281
49160,9014
49161,287
49162,6383
49163,293
49164,6232
49165,299
49166,6122
49167,314
49168,5987
49169,281
49170,6143
49171,304
49172,7515
49173,287
49174,6257
49175,283
49176,6085
49177,288
49178,6186
49179,298
49180,6114
49181,291
49182,6204
49183,319
49184,6267
49185,295
49186,6194
49187,287
49188,6067
49189,286
49190,6289
49191,277
49192,6148
49193,286
49194,6109
49195,291
49196,6071
49197,313
49198,6090
49199,308
49200,6147
49201,290
49202,6023
49203,282
49204,7235
49205,314
49206,6254
49207,315
49208,6173
49209,289
49210,6159
49211,280
49212,6080
49213,295
49214,6161
49215,280
49216,6113
49217,303
49218,6145
49219,280
49220,6034
49221,298
49222,6246
49223,283
49224,6232
49225,298
49226,6118
49227,316
49228,6206
49229,281
49230,6170
49231,284
49232,6143
49233,282
49234,6205
49235,320
49236,7132
49237,282
49238,6269
49239,285
49240,6037
49241,321
49242,6104
49243,296
49244,6115
49245,279
49246,6055
49247,309
49248,6200
49249,301
49250,6245
49251,277
49252,6120
49253,292
49254,6128
49255,279
49256,6111
49257,315
49258,6100
49259,278
49260,6071
49261,287
49262,6113
49263,292
49264,6094
49265,309
49266,6166
49267,291
49268,7323
49269,301
49270,6374
49271,278
49272,6113
49273,281
49274,6090
49275,287
49276,6214
49277,300
49278,6092
49279,321
49280,6391
49281,310
49282,6132
49283,280
49284,6086
49285,289
49286,6095
49287,331
49288,9863
49289,313
49290,6567
49291,286
49292,6312
49293,285
49294,6077
49295,313
49296,6105
49297,313
49298,6174
49299,314
49300,7446
49301,302
49302,6397
49303,279
49304,6038
49305,279
49306,5999
49307,281
49308,6301
49309,299
49310,6239
49311,300
49312,6023
49313,279
49314,6230
49315,279
49316,6179
49317,319
49318,6121
49319,275
49320,6203
49321,328
49322,6060
49323,307
49324,6075
49325,278
49326,6059
49327,299
49328,6105
49329,299
49330,6075
49331,288
49332,7141
49333,284
49334,6177
49335,339
49336,6081
49337,321
49338,6044
49339,280
49340,6114
49341,300
49342,6199
49343,278
49344,6042
49345,285
49346,6144
49347,313
49348,6085
49349,314
49350,6083
49351,280
49352,6110
49353,289
49354,6222
49355,294
49356,6042
49357,320
49358,6074
49359,283
49360,6118
49361,284
49362,6058
49363,282
49364,7196
49365,388
49366,7863
49367,312
49368,6623
49369,311
49370,6276
49371,295
49372,6306
49373,330
49374,6096
49375,333
49376,6094
49377,266
49378,6104
49379,277
49380,6104
49381,280
49382,6183
49383,338
49384,6160
49385,279
49386,6093
49387,277
49388,6133
49389,279
49390,6029
49391,300
49392,6085
49393,276
49394,6155
49395,310
49396,7446
49397,300
49398,6380
49399,283
49400,6178
49401,359
49402,6152
49403,283
49404,6150
49405,275
49406,6258
49407,283
49408,6080
49409,308
49410,6145
49411,284
49412,6059
49413,314
49414,10528
49415,322
49416,6198
49417,314
49418,6171
49419,286
49420,6020
49421,293
49422,6037
49423,283
49424,6078
49425,283
49426,6047
49427,311
49428,7251
49429,327
49430,6207
49431,278
49432,6111
49433,302
49434,6153
49435,301
49436,6229
49437,283
49438,6050
49439,295
49440,6080
49441,298
49442,6156
49443,281
49444,5937
49445,287
49446,6065
49447,266
49448,6081
49449,280
49450,6082
49451,278
49452,6076
49453,287
49454,6088
49455,282
49456,6094
49457,280
49458,6022
49459,277
49460,7179
49461,289
49462,6280
49463,314
49464,6209
49465,304
49466,6163
49467,282
49468,6063
49469,298
49470,6110
49471,280
49472,6016
49473,286
49474,6103
49475,279
49476,6080
49477,290
49478,6185
49479,330
49480,6161
49481,308
49482,6067
49483,299
49484,6038
49485,283
49486,6223
49487,307
49488,6162
49489,314
49490,6037
49491,307
49492,7188
49493,279
49494,6319
49495,279
49496,6118
49497,297
49498,6140
49499,282
49500,6045
49501,311
49502,6077
49503,308
49504,6039
49505,286
49506,6158
49507,277
49508,6101
49509,268
49510,6123
49511,312
49512,6042
49513,308
49514,6067
49515,278
49516,6215
49517,300
49518,6156
49519,290
49520,6038
49521,303
49522,6049
49523,316
49524,7124
49525,296
49526,6238
49527,288
49528,6073
49529,292
49530,6099
49531,295
49532,6127
49533,311
49534,6266
49535,279
49536,6167
49537,301
49538,6232
49539,308
49540,6071
49541,332
49542,9439
49543,310
49544,6245
49545,297
49546,6175
49547,315
49548,6120
49549,285
49550,6163
49551,285
49552,6057
49553,308
49554,5993
49555,280
49556,7417
49557,303
49558,6338
49559,317
49560,6191
49561,285
49562,6110
49563,281
49564,5998
49565,283
49566,6257
49567,280
49568,6105
49569,283
49570,6042
49571,290
49572,6108
49573,278
49574,6072
49575,286
49576,5985
49577,282
49578,6009
49579,318
49580,6080
49581,286
49582,6133
49583,281
49584,6137
49585,286
49586,6165
49587,310
49588,7370
49589,296
49590,6314
49591,319
49592,6106
49593,287
49594,6038
49595,299
49596,6166
49597,298
49598,6088
49599,307
49600,6143
49601,285
49602,6202
49603,280
49604,6117
49605,321
49606,6148
49607,352
49608,6051
49609,303
49610,6162
49611,280
49612,6040
49613,277
49614,6029
49615,285
49616,6040
49617,299
49618,6040
49619,281
49620,7209
49621,280
49622,6320
49623,296
49624,6089
49625,282
49626,6071
49627,311
49628,6113
49629,284
49630,6118
49631,279
49632,6133
49633,281
49634,6113
49635,286
49636,6127
49637,266
49638,6156
49639,284
49640,6071
49641,283
49642,6118
49643,286
49644,6067
49645,282
49646,6074
49647,277
49648,6109
49649,283
49650,6070
49651,277
49652,7083
49653,285
49654,6162
49655,281
49656,5956
49657,279
49658,6081
49659,289
49660,6116
49661,285
49662,6138
49663,285
49664,6052
49665,317
49666,6685
49667,285
49668,6186
49669,295
49670,8819
49671,322
49672,6237
49673,300
49674,6225
49675,298
49676,6193
49677,309
49678,6096
49679,287
49680,5967
49681,311
49682,6011
49683,297
49684,7291
49685,287
49686,6153
49687,294
49688,6112
49689,280
49690,6030
49691,318
49692,6136
49693,310
49694,6076
49695,285
49696,6224
49697,285
49698,6119
49699,293
49700,6159
49701,298
49702,6079
49703,318
49704,6034
49705,317
49706,6030
49707,281
49708,6109
49709,279
49710,6082
49711,279
49712,6041
49713,280
49714,6285
49715,280
49716,7167
49717,330
49718,6322
49719,267
49720,6044
49721,312
49722,6149
49723,277
49724,6087
49725,275
49726,6036
49727,279
49728,6152
49729,298
49730,6077
49731,277
49732,5976
49733,266
49734,6117
49735,298
49736,6103
49737,292
49738,6082
49739,313
49740,6082
49741,310
49742,6155
49743,283
49744,6078
49745,299
49746,6057
49747,288
49748,7201
49749,288
49750,6266
49751,296
49752,6068
49753,292
49754,6202
49755,276
49756,6177
49757,294
49758,6204
49759,276
49760,65324
49761,827
49762,35830
49763,498
49764,12159
49765,421
49766,7860
49767,297
49768,6853
49769,274
49770,6513
49771,311
49772,6346
49773,277
49774,6382
49775,263
49776,6200
49777,280
49778,6236
49779,273
49780,8994
49781,299
49782,6569
49783,293
49784,6281
49785,275
49786,6336
49787,277
49788,6162
49789,284
49790,6365
49791,264
49792,6324
49793,283
49794,6300
49795,262
49796,6209
49797,367
49798,16006
49799,349
49800,6555
49801,308
49802,6295
49803,282
49804,6277
49805,276
49806,6253
49807,320
49808,6121
49809,313
49810,6282
49811,325
49812,7690
49813,279
49814,6360
49815,287
49816,6210
49817,299
49818,6451
49819,336
49820,6118
49821,275
49822,6323
49823,265
49824,6271
49825,281
49826,6088
49827,284
49828,6079
49829,317
49830,6145
49831,280
49832,6048
49833,273
49834,6145
49835,277
49836,5998
49837,261
49838,6008
49839,279
49840,6000
49841,273
49842,6220
49843,317
49844,7181
49845,277
49846,6160
49847,293
49848,6203
49849,309
49850,6170
49851,278
49852,6073
49853,279
49854,6157
49855,279
49856,6009
49857,274
49858,6079
49859,273
49860,6025
49861,280
49862,5943
49863,293
49864,6202
49865,316
49866,6227
49867,340
49868,6139
49869,279
49870,6095
49871,283
49872,6073
49873,284
49874,6003
49875,280
49876,7189
49877,315
49878,6185
49879,312
49880,6027
49881,279
49882,6115
49883,281
49884,5983
49885,272
49886,6061
49887,272
49888,6028
49889,278
49890,6038
49891,276
49892,6020
49893,276
49894,6001
49895,277
49896,6057
49897,279
49898,6064
49899,315
49900,6021
49901,299
49902,6024
49903,287
49904,6030
49905,282
49906,5979
49907,279
49908,7215
49909,281
49910,6204
49911,282
49912,6014
49913,281
49914,6069
49915,302
49916,6034
49917,337
49918,6115
49919,311
49920,6205
49921,324
49922,6118
49923,277
49924,10233
49925,332
49926,6419
49927,279
49928,6142
49929,294
49930,6238
49931,278
49932,6202
49933,275
49934,6051
49935,280
49936,6183
49937,281
49938,6193
49939,280
49940,7233
49941,287
49942,6234
49943,276
49944,5999
49945,280
49946,6164
49947,276
49948,6093
49949,281
49950,6171
49951,268
49952,6118
49953,275
49954,5955
49955,310
49956,6003
49957,280
49958,6131
49959,311
49960,6084
49961,320
49962,6097
49963,312
49964,6171
49965,316
49966,5975
49967,276
49968,6006
49969,287
49970,6062
49971,313
49972,7335
49973,303
49974,6178
49975,279
49976,6180
49977,300
49978,6150
49979,341
49980,6052
49981,284
49982,6111
49983,313
49984,6173
49985,322
49986,6134
49987,280
49988,6084
49989,283
49990,6253
49991,279
49992,6117
49993,280
49994,5997
49995,269
49996,6011
49997,280
49998,6036
49999,314
